cell_id,seed,slice,method,pi_ser,fixed_label_ser,pi_ber,diverged
16qam-snr05-nominal-short,201,old,baseline_cma_mu0p03,0.4453125,0.4453125,0.1220703125,False
16qam-snr05-nominal-short,201,old,blind_affine,0.48046875,0.48046875,0.1337890625,False
16qam-snr05-nominal-short,201,old,C11_legal_causal,0.40625,0.40625,0.1171875,False
16qam-snr05-nominal-short,201,old,oracle_affine_bound_KILL_ONLY,0.46875,0.46875,0.1318359375,False
16qam-snr05-nominal-short,201,old,M1_prefix_scalar_T020,0.44140625,0.44140625,0.1240234375,False
16qam-snr05-nominal-short,201,old,M2_quantile_transport_T020,0.45703125,0.45703125,0.1279296875,False
16qam-snr05-nominal-short,201,old,M4_gated_policy_T020,0.4453125,0.4453125,0.1220703125,False
16qam-snr05-nominal-short,201,old,correct_pooled_sqrt_rms,0.45703125,0.45703125,0.123046875,False
16qam-snr05-nominal-short,201,old,correct_per_pol_sqrt_rms,0.44921875,0.44921875,0.1240234375,False
16qam-snr05-nominal-short,201,old,gated_scalar_ablation,0.4453125,0.4453125,0.1220703125,False
16qam-snr05-nominal-short,201,old,robust_scalar,0.43359375,0.43359375,0.1171875,False
16qam-snr05-nominal-short,202,old,baseline_cma_mu0p03,0.39453125,0.39453125,0.111328125,False
16qam-snr05-nominal-short,202,old,blind_affine,0.3984375,0.3984375,0.1123046875,False
16qam-snr05-nominal-short,202,old,C11_legal_causal,0.40625,0.40625,0.1220703125,False
16qam-snr05-nominal-short,202,old,oracle_affine_bound_KILL_ONLY,0.44140625,0.44140625,0.126953125,False
16qam-snr05-nominal-short,202,old,M1_prefix_scalar_T020,0.39453125,0.39453125,0.1103515625,False
16qam-snr05-nominal-short,202,old,M2_quantile_transport_T020,0.421875,0.421875,0.119140625,False
16qam-snr05-nominal-short,202,old,M4_gated_policy_T020,0.39453125,0.39453125,0.111328125,False
16qam-snr05-nominal-short,202,old,correct_pooled_sqrt_rms,0.390625,0.390625,0.1083984375,False
16qam-snr05-nominal-short,202,old,correct_per_pol_sqrt_rms,0.40234375,0.40234375,0.1123046875,False
16qam-snr05-nominal-short,202,old,gated_scalar_ablation,0.39453125,0.39453125,0.111328125,False
16qam-snr05-nominal-short,202,old,robust_scalar,0.3984375,0.3984375,0.111328125,False
16qam-snr05-nominal-short,203,old,baseline_cma_mu0p03,0.80078125,0.80078125,0.3203125,False
16qam-snr05-nominal-short,203,old,blind_affine,0.80859375,0.80859375,0.32421875,False
16qam-snr05-nominal-short,203,old,C11_legal_causal,0.80078125,0.80078125,0.3203125,False
16qam-snr05-nominal-short,203,old,oracle_affine_bound_KILL_ONLY,0.81640625,0.81640625,0.328125,False
16qam-snr05-nominal-short,203,old,M1_prefix_scalar_T020,0.82421875,0.82421875,0.326171875,False
16qam-snr05-nominal-short,203,old,M2_quantile_transport_T020,0.82421875,0.82421875,0.3134765625,False
16qam-snr05-nominal-short,203,old,M4_gated_policy_T020,0.82421875,0.82421875,0.3134765625,False
16qam-snr05-nominal-short,203,old,correct_pooled_sqrt_rms,0.82421875,0.82421875,0.3076171875,False
16qam-snr05-nominal-short,203,old,correct_per_pol_sqrt_rms,0.81640625,0.81640625,0.30859375,False
16qam-snr05-nominal-short,203,old,gated_scalar_ablation,0.81640625,0.81640625,0.30859375,False
16qam-snr05-nominal-short,203,old,robust_scalar,0.8359375,0.8359375,0.31640625,False
16qam-snr05-nominal-short,204,old,baseline_cma_mu0p03,0.40234375,0.40234375,0.1123046875,False
16qam-snr05-nominal-short,204,old,blind_affine,0.42578125,0.42578125,0.1201171875,False
16qam-snr05-nominal-short,204,old,C11_legal_causal,0.421875,0.421875,0.119140625,False
16qam-snr05-nominal-short,204,old,oracle_affine_bound_KILL_ONLY,0.45703125,0.45703125,0.1318359375,False
16qam-snr05-nominal-short,204,old,M1_prefix_scalar_T020,0.421875,0.421875,0.1171875,False
16qam-snr05-nominal-short,204,old,M2_quantile_transport_T020,0.41796875,0.41796875,0.119140625,False
16qam-snr05-nominal-short,204,old,M4_gated_policy_T020,0.40234375,0.40234375,0.1123046875,False
16qam-snr05-nominal-short,204,old,correct_pooled_sqrt_rms,0.41015625,0.41015625,0.1142578125,False
16qam-snr05-nominal-short,204,old,correct_per_pol_sqrt_rms,0.42578125,0.42578125,0.1181640625,False
16qam-snr05-nominal-short,204,old,gated_scalar_ablation,0.40234375,0.40234375,0.1123046875,False
16qam-snr05-nominal-short,204,old,robust_scalar,0.41015625,0.41015625,0.1142578125,False
16qam-snr05-nominal-short,205,old,baseline_cma_mu0p03,0.453125,0.453125,0.126953125,False
16qam-snr05-nominal-short,205,old,blind_affine,0.49609375,0.49609375,0.140625,False
16qam-snr05-nominal-short,205,old,C11_legal_causal,0.43359375,0.43359375,0.1220703125,False
16qam-snr05-nominal-short,205,old,oracle_affine_bound_KILL_ONLY,0.53515625,0.53515625,0.154296875,False
16qam-snr05-nominal-short,205,old,M1_prefix_scalar_T020,0.4921875,0.4921875,0.1396484375,False
16qam-snr05-nominal-short,205,old,M2_quantile_transport_T020,0.51171875,0.51171875,0.1484375,False
16qam-snr05-nominal-short,205,old,M4_gated_policy_T020,0.453125,0.453125,0.126953125,False
16qam-snr05-nominal-short,205,old,correct_pooled_sqrt_rms,0.4921875,0.4921875,0.1376953125,False
16qam-snr05-nominal-short,205,old,correct_per_pol_sqrt_rms,0.484375,0.484375,0.134765625,False
16qam-snr05-nominal-short,205,old,gated_scalar_ablation,0.453125,0.453125,0.126953125,False
16qam-snr05-nominal-short,205,old,robust_scalar,0.48828125,0.48828125,0.1357421875,False
16qam-snr05-nominal-short,206,old,baseline_cma_mu0p03,0.875,0.875,0.3798828125,False
16qam-snr05-nominal-short,206,old,blind_affine,0.8828125,0.8828125,0.3828125,False
16qam-snr05-nominal-short,206,old,C11_legal_causal,0.87890625,0.87890625,0.380859375,False
16qam-snr05-nominal-short,206,old,oracle_affine_bound_KILL_ONLY,0.91015625,0.91015625,0.3984375,False
16qam-snr05-nominal-short,206,old,M1_prefix_scalar_T020,0.828125,0.828125,0.37109375,False
16qam-snr05-nominal-short,206,old,M2_quantile_transport_T020,0.828125,0.828125,0.3642578125,False
16qam-snr05-nominal-short,206,old,M4_gated_policy_T020,0.828125,0.828125,0.3642578125,False
16qam-snr05-nominal-short,206,old,correct_pooled_sqrt_rms,0.82421875,0.82421875,0.36328125,False
16qam-snr05-nominal-short,206,old,correct_per_pol_sqrt_rms,0.84765625,0.84765625,0.37109375,False
16qam-snr05-nominal-short,206,old,gated_scalar_ablation,0.84765625,0.84765625,0.37109375,False
16qam-snr05-nominal-short,206,old,robust_scalar,0.8359375,0.8359375,0.3662109375,False
16qam-snr05-nominal-short,207,old,baseline_cma_mu0p03,0.421875,0.421875,0.130859375,False
16qam-snr05-nominal-short,207,old,blind_affine,0.4453125,0.4453125,0.1357421875,False
16qam-snr05-nominal-short,207,old,C11_legal_causal,0.44140625,0.44140625,0.12890625,False
16qam-snr05-nominal-short,207,old,oracle_affine_bound_KILL_ONLY,0.5,0.5,0.154296875,False
16qam-snr05-nominal-short,207,old,M1_prefix_scalar_T020,0.43359375,0.43359375,0.1337890625,False
16qam-snr05-nominal-short,207,old,M2_quantile_transport_T020,0.4296875,0.4296875,0.1337890625,False
16qam-snr05-nominal-short,207,old,M4_gated_policy_T020,0.421875,0.421875,0.130859375,False
16qam-snr05-nominal-short,207,old,correct_pooled_sqrt_rms,0.4296875,0.4296875,0.1318359375,False
16qam-snr05-nominal-short,207,old,correct_per_pol_sqrt_rms,0.43359375,0.43359375,0.1328125,False
16qam-snr05-nominal-short,207,old,gated_scalar_ablation,0.421875,0.421875,0.130859375,False
16qam-snr05-nominal-short,207,old,robust_scalar,0.4140625,0.4140625,0.126953125,False
16qam-snr05-nominal-short,208,old,baseline_cma_mu0p03,0.90625,0.90625,0.4052734375,False
16qam-snr05-nominal-short,208,old,blind_affine,0.90234375,0.90234375,0.40625,False
16qam-snr05-nominal-short,208,old,C11_legal_causal,0.90625,0.90625,0.4052734375,False
16qam-snr05-nominal-short,208,old,oracle_affine_bound_KILL_ONLY,0.8828125,0.8828125,0.412109375,False
16qam-snr05-nominal-short,208,old,M1_prefix_scalar_T020,0.83984375,0.83984375,0.404296875,False
16qam-snr05-nominal-short,208,old,M2_quantile_transport_T020,0.87890625,0.87890625,0.390625,False
16qam-snr05-nominal-short,208,old,M4_gated_policy_T020,0.87890625,0.87890625,0.390625,False
16qam-snr05-nominal-short,208,old,correct_pooled_sqrt_rms,0.87109375,0.87109375,0.3896484375,False
16qam-snr05-nominal-short,208,old,correct_per_pol_sqrt_rms,0.8671875,0.8671875,0.38671875,False
16qam-snr05-nominal-short,208,old,gated_scalar_ablation,0.8671875,0.8671875,0.38671875,False
16qam-snr05-nominal-short,208,old,robust_scalar,0.87109375,0.87109375,0.392578125,False
16qam-snr05-nominal-short,209,old,baseline_cma_mu0p03,0.8828125,0.8828125,0.365234375,False
16qam-snr05-nominal-short,209,old,blind_affine,0.8671875,0.8671875,0.3642578125,False
16qam-snr05-nominal-short,209,old,C11_legal_causal,0.88671875,0.88671875,0.3671875,False
16qam-snr05-nominal-short,209,old,oracle_affine_bound_KILL_ONLY,0.89453125,0.89453125,0.3798828125,False
16qam-snr05-nominal-short,209,old,M1_prefix_scalar_T020,0.83203125,0.83203125,0.3828125,False
16qam-snr05-nominal-short,209,old,M2_quantile_transport_T020,0.84765625,0.84765625,0.357421875,False
16qam-snr05-nominal-short,209,old,M4_gated_policy_T020,0.84765625,0.84765625,0.357421875,False
16qam-snr05-nominal-short,209,old,correct_pooled_sqrt_rms,0.8359375,0.8359375,0.3642578125,False
16qam-snr05-nominal-short,209,old,correct_per_pol_sqrt_rms,0.83984375,0.83984375,0.361328125,False
16qam-snr05-nominal-short,209,old,gated_scalar_ablation,0.83984375,0.83984375,0.361328125,False
16qam-snr05-nominal-short,209,old,robust_scalar,0.84375,0.84375,0.37109375,False
16qam-snr05-nominal-short,210,old,baseline_cma_mu0p03,0.46484375,0.46484375,0.134765625,False
16qam-snr05-nominal-short,210,old,blind_affine,0.515625,0.515625,0.1484375,False
16qam-snr05-nominal-short,210,old,C11_legal_causal,0.45703125,0.45703125,0.1357421875,False
16qam-snr05-nominal-short,210,old,oracle_affine_bound_KILL_ONLY,0.56640625,0.56640625,0.1611328125,False
16qam-snr05-nominal-short,210,old,M1_prefix_scalar_T020,0.4765625,0.4765625,0.13671875,False
16qam-snr05-nominal-short,210,old,M2_quantile_transport_T020,0.48828125,0.48828125,0.1396484375,False
16qam-snr05-nominal-short,210,old,M4_gated_policy_T020,0.46484375,0.46484375,0.134765625,False
16qam-snr05-nominal-short,210,old,correct_pooled_sqrt_rms,0.4765625,0.4765625,0.13671875,False
16qam-snr05-nominal-short,210,old,correct_per_pol_sqrt_rms,0.48828125,0.48828125,0.1376953125,False
16qam-snr05-nominal-short,210,old,gated_scalar_ablation,0.46484375,0.46484375,0.134765625,False
16qam-snr05-nominal-short,210,old,robust_scalar,0.46875,0.46875,0.1357421875,False
16qam-snr05-nominal-short,211,old,baseline_cma_mu0p03,0.56640625,0.56640625,0.1845703125,False
16qam-snr05-nominal-short,211,old,blind_affine,0.578125,0.578125,0.181640625,False
16qam-snr05-nominal-short,211,old,C11_legal_causal,0.5703125,0.5703125,0.185546875,False
16qam-snr05-nominal-short,211,old,oracle_affine_bound_KILL_ONLY,0.59765625,0.59765625,0.1865234375,False
16qam-snr05-nominal-short,211,old,M1_prefix_scalar_T020,0.55859375,0.55859375,0.1806640625,False
16qam-snr05-nominal-short,211,old,M2_quantile_transport_T020,0.56640625,0.56640625,0.18359375,False
16qam-snr05-nominal-short,211,old,M4_gated_policy_T020,0.56640625,0.56640625,0.1845703125,False
16qam-snr05-nominal-short,211,old,correct_pooled_sqrt_rms,0.56640625,0.56640625,0.1806640625,False
16qam-snr05-nominal-short,211,old,correct_per_pol_sqrt_rms,0.5546875,0.5546875,0.1787109375,False
16qam-snr05-nominal-short,211,old,gated_scalar_ablation,0.56640625,0.56640625,0.1845703125,False
16qam-snr05-nominal-short,211,old,robust_scalar,0.5625,0.5625,0.1787109375,False
16qam-snr05-nominal-short,212,old,baseline_cma_mu0p03,0.6640625,0.6640625,0.2333984375,False
16qam-snr05-nominal-short,212,old,blind_affine,0.68359375,0.68359375,0.23828125,False
16qam-snr05-nominal-short,212,old,C11_legal_causal,0.671875,0.671875,0.2333984375,False
16qam-snr05-nominal-short,212,old,oracle_affine_bound_KILL_ONLY,0.72265625,0.72265625,0.25390625,False
16qam-snr05-nominal-short,212,old,M1_prefix_scalar_T020,0.66015625,0.66015625,0.2470703125,False
16qam-snr05-nominal-short,212,old,M2_quantile_transport_T020,0.66796875,0.66796875,0.2373046875,False
16qam-snr05-nominal-short,212,old,M4_gated_policy_T020,0.6640625,0.6640625,0.2333984375,False
16qam-snr05-nominal-short,212,old,correct_pooled_sqrt_rms,0.64453125,0.64453125,0.23046875,False
16qam-snr05-nominal-short,212,old,correct_per_pol_sqrt_rms,0.6484375,0.6484375,0.2275390625,False
16qam-snr05-nominal-short,212,old,gated_scalar_ablation,0.6640625,0.6640625,0.2333984375,False
16qam-snr05-nominal-short,212,old,robust_scalar,0.6484375,0.6484375,0.232421875,False
16qam-snr05-nominal-short,213,old,baseline_cma_mu0p03,0.47265625,0.47265625,0.126953125,False
16qam-snr05-nominal-short,213,old,blind_affine,0.5078125,0.5078125,0.140625,False
16qam-snr05-nominal-short,213,old,C11_legal_causal,0.48828125,0.48828125,0.140625,False
16qam-snr05-nominal-short,213,old,oracle_affine_bound_KILL_ONLY,0.51171875,0.51171875,0.1484375,False
16qam-snr05-nominal-short,213,old,M1_prefix_scalar_T020,0.4609375,0.4609375,0.1240234375,False
16qam-snr05-nominal-short,213,old,M2_quantile_transport_T020,0.48828125,0.48828125,0.1396484375,False
16qam-snr05-nominal-short,213,old,M4_gated_policy_T020,0.47265625,0.47265625,0.126953125,False
16qam-snr05-nominal-short,213,old,correct_pooled_sqrt_rms,0.47265625,0.47265625,0.12890625,False
16qam-snr05-nominal-short,213,old,correct_per_pol_sqrt_rms,0.46875,0.46875,0.1279296875,False
16qam-snr05-nominal-short,213,old,gated_scalar_ablation,0.47265625,0.47265625,0.126953125,False
16qam-snr05-nominal-short,213,old,robust_scalar,0.46484375,0.46484375,0.1279296875,False
16qam-snr05-nominal-short,214,old,baseline_cma_mu0p03,0.453125,0.453125,0.12890625,False
16qam-snr05-nominal-short,214,old,blind_affine,0.515625,0.515625,0.1484375,False
16qam-snr05-nominal-short,214,old,C11_legal_causal,0.44921875,0.44921875,0.130859375,False
16qam-snr05-nominal-short,214,old,oracle_affine_bound_KILL_ONLY,0.53515625,0.53515625,0.1552734375,False
16qam-snr05-nominal-short,214,old,M1_prefix_scalar_T020,0.5,0.5,0.14453125,False
16qam-snr05-nominal-short,214,old,M2_quantile_transport_T020,0.5078125,0.5078125,0.1435546875,False
16qam-snr05-nominal-short,214,old,M4_gated_policy_T020,0.453125,0.453125,0.12890625,False
16qam-snr05-nominal-short,214,old,correct_pooled_sqrt_rms,0.46875,0.46875,0.1337890625,False
16qam-snr05-nominal-short,214,old,correct_per_pol_sqrt_rms,0.46484375,0.46484375,0.1328125,False
16qam-snr05-nominal-short,214,old,gated_scalar_ablation,0.453125,0.453125,0.12890625,False
16qam-snr05-nominal-short,214,old,robust_scalar,0.45703125,0.45703125,0.130859375,False
16qam-snr05-nominal-short,215,old,baseline_cma_mu0p03,0.83203125,0.83203125,0.3349609375,False
16qam-snr05-nominal-short,215,old,blind_affine,0.82421875,0.82421875,0.337890625,False
16qam-snr05-nominal-short,215,old,C11_legal_causal,0.828125,0.828125,0.3369140625,False
16qam-snr05-nominal-short,215,old,oracle_affine_bound_KILL_ONLY,0.8359375,0.8359375,0.3466796875,False
16qam-snr05-nominal-short,215,old,M1_prefix_scalar_T020,0.81640625,0.81640625,0.33984375,False
16qam-snr05-nominal-short,215,old,M2_quantile_transport_T020,0.8046875,0.8046875,0.3251953125,False
16qam-snr05-nominal-short,215,old,M4_gated_policy_T020,0.8046875,0.8046875,0.3251953125,False
16qam-snr05-nominal-short,215,old,correct_pooled_sqrt_rms,0.80859375,0.80859375,0.3271484375,False
16qam-snr05-nominal-short,215,old,correct_per_pol_sqrt_rms,0.80859375,0.80859375,0.3271484375,False
16qam-snr05-nominal-short,215,old,gated_scalar_ablation,0.80859375,0.80859375,0.3271484375,False
16qam-snr05-nominal-short,215,old,robust_scalar,0.8046875,0.8046875,0.326171875,False
16qam-snr05-nominal-short,216,old,baseline_cma_mu0p03,0.36328125,0.36328125,0.10546875,False
16qam-snr05-nominal-short,216,old,blind_affine,0.375,0.375,0.1083984375,False
16qam-snr05-nominal-short,216,old,C11_legal_causal,0.39453125,0.39453125,0.115234375,False
16qam-snr05-nominal-short,216,old,oracle_affine_bound_KILL_ONLY,0.40234375,0.40234375,0.115234375,False
16qam-snr05-nominal-short,216,old,M1_prefix_scalar_T020,0.35546875,0.35546875,0.1025390625,False
16qam-snr05-nominal-short,216,old,M2_quantile_transport_T020,0.359375,0.359375,0.103515625,False
16qam-snr05-nominal-short,216,old,M4_gated_policy_T020,0.36328125,0.36328125,0.10546875,False
16qam-snr05-nominal-short,216,old,correct_pooled_sqrt_rms,0.36328125,0.36328125,0.103515625,False
16qam-snr05-nominal-short,216,old,correct_per_pol_sqrt_rms,0.359375,0.359375,0.1025390625,False
16qam-snr05-nominal-short,216,old,gated_scalar_ablation,0.36328125,0.36328125,0.10546875,False
16qam-snr05-nominal-short,216,old,robust_scalar,0.36328125,0.36328125,0.10546875,False
16qam-snr05-nominal-short,217,old,baseline_cma_mu0p03,0.62109375,0.62109375,0.189453125,False
16qam-snr05-nominal-short,217,old,blind_affine,0.6640625,0.6640625,0.2060546875,False
16qam-snr05-nominal-short,217,old,C11_legal_causal,0.60546875,0.60546875,0.1875,False
16qam-snr05-nominal-short,217,old,oracle_affine_bound_KILL_ONLY,0.671875,0.671875,0.212890625,False
16qam-snr05-nominal-short,217,old,M1_prefix_scalar_T020,0.58984375,0.58984375,0.1865234375,False
16qam-snr05-nominal-short,217,old,M2_quantile_transport_T020,0.62109375,0.62109375,0.1875,False
16qam-snr05-nominal-short,217,old,M4_gated_policy_T020,0.62109375,0.62109375,0.189453125,False
16qam-snr05-nominal-short,217,old,correct_pooled_sqrt_rms,0.59375,0.59375,0.18359375,False
16qam-snr05-nominal-short,217,old,correct_per_pol_sqrt_rms,0.5859375,0.5859375,0.181640625,False
16qam-snr05-nominal-short,217,old,gated_scalar_ablation,0.62109375,0.62109375,0.189453125,False
16qam-snr05-nominal-short,217,old,robust_scalar,0.5859375,0.5859375,0.181640625,False
16qam-snr05-nominal-short,218,old,baseline_cma_mu0p03,0.80859375,0.80859375,0.3486328125,False
16qam-snr05-nominal-short,218,old,blind_affine,0.8203125,0.8203125,0.3525390625,False
16qam-snr05-nominal-short,218,old,C11_legal_causal,0.80859375,0.80859375,0.349609375,False
16qam-snr05-nominal-short,218,old,oracle_affine_bound_KILL_ONLY,0.82421875,0.82421875,0.3515625,False
16qam-snr05-nominal-short,218,old,M1_prefix_scalar_T020,0.82421875,0.82421875,0.3447265625,False
16qam-snr05-nominal-short,218,old,M2_quantile_transport_T020,0.80078125,0.80078125,0.3271484375,False
16qam-snr05-nominal-short,218,old,M4_gated_policy_T020,0.80078125,0.80078125,0.3271484375,False
16qam-snr05-nominal-short,218,old,correct_pooled_sqrt_rms,0.8046875,0.8046875,0.326171875,False
16qam-snr05-nominal-short,218,old,correct_per_pol_sqrt_rms,0.80859375,0.80859375,0.328125,False
16qam-snr05-nominal-short,218,old,gated_scalar_ablation,0.80859375,0.80859375,0.328125,False
16qam-snr05-nominal-short,218,old,robust_scalar,0.8125,0.8125,0.3291015625,False
16qam-snr05-nominal-short,219,old,baseline_cma_mu0p03,0.62109375,0.62109375,0.2099609375,False
16qam-snr05-nominal-short,219,old,blind_affine,0.640625,0.640625,0.21484375,False
16qam-snr05-nominal-short,219,old,C11_legal_causal,0.6171875,0.6171875,0.20703125,False
16qam-snr05-nominal-short,219,old,oracle_affine_bound_KILL_ONLY,0.6796875,0.6796875,0.232421875,False
16qam-snr05-nominal-short,219,old,M1_prefix_scalar_T020,0.59375,0.59375,0.19921875,False
16qam-snr05-nominal-short,219,old,M2_quantile_transport_T020,0.59765625,0.59765625,0.203125,False
16qam-snr05-nominal-short,219,old,M4_gated_policy_T020,0.62109375,0.62109375,0.2099609375,False
16qam-snr05-nominal-short,219,old,correct_pooled_sqrt_rms,0.6171875,0.6171875,0.205078125,False
16qam-snr05-nominal-short,219,old,correct_per_pol_sqrt_rms,0.6171875,0.6171875,0.2080078125,False
16qam-snr05-nominal-short,219,old,gated_scalar_ablation,0.62109375,0.62109375,0.2099609375,False
16qam-snr05-nominal-short,219,old,robust_scalar,0.609375,0.609375,0.2021484375,False
16qam-snr05-nominal-short,220,old,baseline_cma_mu0p03,0.44140625,0.44140625,0.126953125,False
16qam-snr05-nominal-short,220,old,blind_affine,0.4765625,0.4765625,0.1376953125,False
16qam-snr05-nominal-short,220,old,C11_legal_causal,0.48046875,0.48046875,0.138671875,False
16qam-snr05-nominal-short,220,old,oracle_affine_bound_KILL_ONLY,0.52734375,0.52734375,0.1552734375,False
16qam-snr05-nominal-short,220,old,M1_prefix_scalar_T020,0.4375,0.4375,0.1259765625,False
16qam-snr05-nominal-short,220,old,M2_quantile_transport_T020,0.4609375,0.4609375,0.1337890625,False
16qam-snr05-nominal-short,220,old,M4_gated_policy_T020,0.44140625,0.44140625,0.126953125,False
16qam-snr05-nominal-short,220,old,correct_pooled_sqrt_rms,0.4453125,0.4453125,0.1279296875,False
16qam-snr05-nominal-short,220,old,correct_per_pol_sqrt_rms,0.44140625,0.44140625,0.1259765625,False
16qam-snr05-nominal-short,220,old,gated_scalar_ablation,0.44140625,0.44140625,0.126953125,False
16qam-snr05-nominal-short,220,old,robust_scalar,0.4453125,0.4453125,0.1259765625,False
16qam-snr05-nominal-short,241,fresh,baseline_cma_mu0p03,0.90234375,0.90234375,0.4462890625,False
16qam-snr05-nominal-short,241,fresh,blind_affine,0.90625,0.90625,0.4443359375,False
16qam-snr05-nominal-short,241,fresh,C11_legal_causal,0.90234375,0.90234375,0.44921875,False
16qam-snr05-nominal-short,241,fresh,oracle_affine_bound_KILL_ONLY,0.91796875,0.91796875,0.482421875,False
16qam-snr05-nominal-short,241,fresh,M1_prefix_scalar_T020,0.91015625,0.91015625,0.470703125,False
16qam-snr05-nominal-short,241,fresh,M2_quantile_transport_T020,0.9140625,0.9140625,0.453125,False
16qam-snr05-nominal-short,241,fresh,M4_gated_policy_T020,0.9140625,0.9140625,0.453125,False
16qam-snr05-nominal-short,241,fresh,correct_pooled_sqrt_rms,0.9140625,0.9140625,0.455078125,False
16qam-snr05-nominal-short,241,fresh,correct_per_pol_sqrt_rms,0.9140625,0.9140625,0.458984375,False
16qam-snr05-nominal-short,241,fresh,gated_scalar_ablation,0.9140625,0.9140625,0.458984375,False
16qam-snr05-nominal-short,241,fresh,robust_scalar,0.9140625,0.9140625,0.4599609375,False
16qam-snr05-nominal-short,242,fresh,baseline_cma_mu0p03,0.61328125,0.61328125,0.203125,False
16qam-snr05-nominal-short,242,fresh,blind_affine,0.64453125,0.64453125,0.2080078125,False
16qam-snr05-nominal-short,242,fresh,C11_legal_causal,0.60546875,0.60546875,0.2001953125,False
16qam-snr05-nominal-short,242,fresh,oracle_affine_bound_KILL_ONLY,0.69921875,0.69921875,0.2314453125,False
16qam-snr05-nominal-short,242,fresh,M1_prefix_scalar_T020,0.609375,0.609375,0.2001953125,False
16qam-snr05-nominal-short,242,fresh,M2_quantile_transport_T020,0.625,0.625,0.2021484375,False
16qam-snr05-nominal-short,242,fresh,M4_gated_policy_T020,0.61328125,0.61328125,0.203125,False
16qam-snr05-nominal-short,242,fresh,correct_pooled_sqrt_rms,0.61328125,0.61328125,0.203125,False
16qam-snr05-nominal-short,242,fresh,correct_per_pol_sqrt_rms,0.6171875,0.6171875,0.203125,False
16qam-snr05-nominal-short,242,fresh,gated_scalar_ablation,0.61328125,0.61328125,0.203125,False
16qam-snr05-nominal-short,242,fresh,robust_scalar,0.60546875,0.60546875,0.201171875,False
16qam-snr05-nominal-short,243,fresh,baseline_cma_mu0p03,0.6640625,0.6640625,0.2109375,False
16qam-snr05-nominal-short,243,fresh,blind_affine,0.68359375,0.68359375,0.22265625,False
16qam-snr05-nominal-short,243,fresh,C11_legal_causal,0.6484375,0.6484375,0.20703125,False
16qam-snr05-nominal-short,243,fresh,oracle_affine_bound_KILL_ONLY,0.6953125,0.6953125,0.2294921875,False
16qam-snr05-nominal-short,243,fresh,M1_prefix_scalar_T020,0.65625,0.65625,0.208984375,False
16qam-snr05-nominal-short,243,fresh,M2_quantile_transport_T020,0.6640625,0.6640625,0.2109375,False
16qam-snr05-nominal-short,243,fresh,M4_gated_policy_T020,0.6640625,0.6640625,0.2109375,False
16qam-snr05-nominal-short,243,fresh,correct_pooled_sqrt_rms,0.64453125,0.64453125,0.205078125,False
16qam-snr05-nominal-short,243,fresh,correct_per_pol_sqrt_rms,0.640625,0.640625,0.2041015625,False
16qam-snr05-nominal-short,243,fresh,gated_scalar_ablation,0.6640625,0.6640625,0.2109375,False
16qam-snr05-nominal-short,243,fresh,robust_scalar,0.62890625,0.62890625,0.197265625,False
16qam-snr05-nominal-short,244,fresh,baseline_cma_mu0p03,0.69140625,0.69140625,0.2509765625,False
16qam-snr05-nominal-short,244,fresh,blind_affine,0.6796875,0.6796875,0.2470703125,False
16qam-snr05-nominal-short,244,fresh,C11_legal_causal,0.68359375,0.68359375,0.2470703125,False
16qam-snr05-nominal-short,244,fresh,oracle_affine_bound_KILL_ONLY,0.73828125,0.73828125,0.2734375,False
16qam-snr05-nominal-short,244,fresh,M1_prefix_scalar_T020,0.6953125,0.6953125,0.2578125,False
16qam-snr05-nominal-short,244,fresh,M2_quantile_transport_T020,0.69140625,0.69140625,0.2490234375,False
16qam-snr05-nominal-short,244,fresh,M4_gated_policy_T020,0.69140625,0.69140625,0.2509765625,False
16qam-snr05-nominal-short,244,fresh,correct_pooled_sqrt_rms,0.69921875,0.69921875,0.2529296875,False
16qam-snr05-nominal-short,244,fresh,correct_per_pol_sqrt_rms,0.69140625,0.69140625,0.251953125,False
16qam-snr05-nominal-short,244,fresh,gated_scalar_ablation,0.69140625,0.69140625,0.2509765625,False
16qam-snr05-nominal-short,244,fresh,robust_scalar,0.6875,0.6875,0.248046875,False
16qam-snr05-nominal-short,245,fresh,baseline_cma_mu0p03,0.6484375,0.6484375,0.205078125,False
16qam-snr05-nominal-short,245,fresh,blind_affine,0.6796875,0.6796875,0.2138671875,False
16qam-snr05-nominal-short,245,fresh,C11_legal_causal,0.64453125,0.64453125,0.2021484375,False
16qam-snr05-nominal-short,245,fresh,oracle_affine_bound_KILL_ONLY,0.6640625,0.6640625,0.2109375,False
16qam-snr05-nominal-short,245,fresh,M1_prefix_scalar_T020,0.6328125,0.6328125,0.2021484375,False
16qam-snr05-nominal-short,245,fresh,M2_quantile_transport_T020,0.62890625,0.62890625,0.1962890625,False
16qam-snr05-nominal-short,245,fresh,M4_gated_policy_T020,0.6484375,0.6484375,0.205078125,False
16qam-snr05-nominal-short,245,fresh,correct_pooled_sqrt_rms,0.63671875,0.63671875,0.2001953125,False
16qam-snr05-nominal-short,245,fresh,correct_per_pol_sqrt_rms,0.640625,0.640625,0.201171875,False
16qam-snr05-nominal-short,245,fresh,gated_scalar_ablation,0.6484375,0.6484375,0.205078125,False
16qam-snr05-nominal-short,245,fresh,robust_scalar,0.62109375,0.62109375,0.19921875,False
16qam-snr05-nominal-short,246,fresh,baseline_cma_mu0p03,0.765625,0.765625,0.283203125,False
16qam-snr05-nominal-short,246,fresh,blind_affine,0.76953125,0.76953125,0.2802734375,False
16qam-snr05-nominal-short,246,fresh,C11_legal_causal,0.7734375,0.7734375,0.287109375,False
16qam-snr05-nominal-short,246,fresh,oracle_affine_bound_KILL_ONLY,0.79296875,0.79296875,0.296875,False
16qam-snr05-nominal-short,246,fresh,M1_prefix_scalar_T020,0.7421875,0.7421875,0.3017578125,False
16qam-snr05-nominal-short,246,fresh,M2_quantile_transport_T020,0.76953125,0.76953125,0.2880859375,False
16qam-snr05-nominal-short,246,fresh,M4_gated_policy_T020,0.765625,0.765625,0.283203125,False
16qam-snr05-nominal-short,246,fresh,correct_pooled_sqrt_rms,0.75,0.75,0.2861328125,False
16qam-snr05-nominal-short,246,fresh,correct_per_pol_sqrt_rms,0.75,0.75,0.2861328125,False
16qam-snr05-nominal-short,246,fresh,gated_scalar_ablation,0.765625,0.765625,0.283203125,False
16qam-snr05-nominal-short,246,fresh,robust_scalar,0.7421875,0.7421875,0.28515625,False
16qam-snr05-nominal-short,247,fresh,baseline_cma_mu0p03,0.671875,0.671875,0.2177734375,False
16qam-snr05-nominal-short,247,fresh,blind_affine,0.66015625,0.66015625,0.2158203125,False
16qam-snr05-nominal-short,247,fresh,C11_legal_causal,0.65625,0.65625,0.2138671875,False
16qam-snr05-nominal-short,247,fresh,oracle_affine_bound_KILL_ONLY,0.68359375,0.68359375,0.2275390625,False
16qam-snr05-nominal-short,247,fresh,M1_prefix_scalar_T020,0.64453125,0.64453125,0.21484375,False
16qam-snr05-nominal-short,247,fresh,M2_quantile_transport_T020,0.63671875,0.63671875,0.2119140625,False
16qam-snr05-nominal-short,247,fresh,M4_gated_policy_T020,0.671875,0.671875,0.2177734375,False
16qam-snr05-nominal-short,247,fresh,correct_pooled_sqrt_rms,0.64453125,0.64453125,0.2080078125,False
16qam-snr05-nominal-short,247,fresh,correct_per_pol_sqrt_rms,0.64453125,0.64453125,0.2109375,False
16qam-snr05-nominal-short,247,fresh,gated_scalar_ablation,0.671875,0.671875,0.2177734375,False
16qam-snr05-nominal-short,247,fresh,robust_scalar,0.6328125,0.6328125,0.2099609375,False
16qam-snr05-nominal-short,248,fresh,baseline_cma_mu0p03,0.78125,0.78125,0.3134765625,False
16qam-snr05-nominal-short,248,fresh,blind_affine,0.7890625,0.7890625,0.3134765625,False
16qam-snr05-nominal-short,248,fresh,C11_legal_causal,0.7890625,0.7890625,0.3154296875,False
16qam-snr05-nominal-short,248,fresh,oracle_affine_bound_KILL_ONLY,0.81640625,0.81640625,0.3232421875,False
16qam-snr05-nominal-short,248,fresh,M1_prefix_scalar_T020,0.7421875,0.7421875,0.318359375,False
16qam-snr05-nominal-short,248,fresh,M2_quantile_transport_T020,0.734375,0.734375,0.298828125,False
16qam-snr05-nominal-short,248,fresh,M4_gated_policy_T020,0.78125,0.78125,0.3134765625,False
16qam-snr05-nominal-short,248,fresh,correct_pooled_sqrt_rms,0.71875,0.71875,0.296875,False
16qam-snr05-nominal-short,248,fresh,correct_per_pol_sqrt_rms,0.71484375,0.71484375,0.2958984375,False
16qam-snr05-nominal-short,248,fresh,gated_scalar_ablation,0.78125,0.78125,0.3134765625,False
16qam-snr05-nominal-short,248,fresh,robust_scalar,0.7265625,0.7265625,0.2958984375,False
16qam-snr05-nominal-short,249,fresh,baseline_cma_mu0p03,0.87890625,0.87890625,0.3720703125,False
16qam-snr05-nominal-short,249,fresh,blind_affine,0.875,0.875,0.3759765625,False
16qam-snr05-nominal-short,249,fresh,C11_legal_causal,0.87890625,0.87890625,0.3740234375,False
16qam-snr05-nominal-short,249,fresh,oracle_affine_bound_KILL_ONLY,0.8828125,0.8828125,0.380859375,False
16qam-snr05-nominal-short,249,fresh,M1_prefix_scalar_T020,0.8046875,0.8046875,0.3486328125,False
16qam-snr05-nominal-short,249,fresh,M2_quantile_transport_T020,0.8046875,0.8046875,0.345703125,False
16qam-snr05-nominal-short,249,fresh,M4_gated_policy_T020,0.8046875,0.8046875,0.345703125,False
16qam-snr05-nominal-short,249,fresh,correct_pooled_sqrt_rms,0.796875,0.796875,0.3486328125,False
16qam-snr05-nominal-short,249,fresh,correct_per_pol_sqrt_rms,0.80859375,0.80859375,0.3515625,False
16qam-snr05-nominal-short,249,fresh,gated_scalar_ablation,0.80859375,0.80859375,0.3515625,False
16qam-snr05-nominal-short,249,fresh,robust_scalar,0.796875,0.796875,0.3466796875,False
16qam-snr05-nominal-short,250,fresh,baseline_cma_mu0p03,0.84375,0.84375,0.3134765625,False
16qam-snr05-nominal-short,250,fresh,blind_affine,0.8359375,0.8359375,0.3134765625,False
16qam-snr05-nominal-short,250,fresh,C11_legal_causal,0.85546875,0.85546875,0.31640625,False
16qam-snr05-nominal-short,250,fresh,oracle_affine_bound_KILL_ONLY,0.86328125,0.86328125,0.32421875,False
16qam-snr05-nominal-short,250,fresh,M1_prefix_scalar_T020,0.7578125,0.7578125,0.318359375,False
16qam-snr05-nominal-short,250,fresh,M2_quantile_transport_T020,0.80078125,0.80078125,0.3046875,False
16qam-snr05-nominal-short,250,fresh,M4_gated_policy_T020,0.80078125,0.80078125,0.3046875,False
16qam-snr05-nominal-short,250,fresh,correct_pooled_sqrt_rms,0.7890625,0.7890625,0.3056640625,False
16qam-snr05-nominal-short,250,fresh,correct_per_pol_sqrt_rms,0.796875,0.796875,0.3056640625,False
16qam-snr05-nominal-short,250,fresh,gated_scalar_ablation,0.796875,0.796875,0.3056640625,False
16qam-snr05-nominal-short,250,fresh,robust_scalar,0.7890625,0.7890625,0.306640625,False
16qam-snr05-nominal-short,251,fresh,baseline_cma_mu0p03,0.625,0.625,0.205078125,False
16qam-snr05-nominal-short,251,fresh,blind_affine,0.65234375,0.65234375,0.2236328125,False
16qam-snr05-nominal-short,251,fresh,C11_legal_causal,0.62109375,0.62109375,0.203125,False
16qam-snr05-nominal-short,251,fresh,oracle_affine_bound_KILL_ONLY,0.66796875,0.66796875,0.2255859375,False
16qam-snr05-nominal-short,251,fresh,M1_prefix_scalar_T020,0.63671875,0.63671875,0.20703125,False
16qam-snr05-nominal-short,251,fresh,M2_quantile_transport_T020,0.6328125,0.6328125,0.2060546875,False
16qam-snr05-nominal-short,251,fresh,M4_gated_policy_T020,0.625,0.625,0.205078125,False
16qam-snr05-nominal-short,251,fresh,correct_pooled_sqrt_rms,0.62890625,0.62890625,0.2041015625,False
16qam-snr05-nominal-short,251,fresh,correct_per_pol_sqrt_rms,0.62890625,0.62890625,0.203125,False
16qam-snr05-nominal-short,251,fresh,gated_scalar_ablation,0.625,0.625,0.205078125,False
16qam-snr05-nominal-short,251,fresh,robust_scalar,0.62890625,0.62890625,0.2060546875,False
16qam-snr05-nominal-short,252,fresh,baseline_cma_mu0p03,0.578125,0.578125,0.16796875,False
16qam-snr05-nominal-short,252,fresh,blind_affine,0.58203125,0.58203125,0.171875,False
16qam-snr05-nominal-short,252,fresh,C11_legal_causal,0.5859375,0.5859375,0.1748046875,False
16qam-snr05-nominal-short,252,fresh,oracle_affine_bound_KILL_ONLY,0.62109375,0.62109375,0.189453125,False
16qam-snr05-nominal-short,252,fresh,M1_prefix_scalar_T020,0.578125,0.578125,0.1708984375,False
16qam-snr05-nominal-short,252,fresh,M2_quantile_transport_T020,0.60546875,0.60546875,0.177734375,False
16qam-snr05-nominal-short,252,fresh,M4_gated_policy_T020,0.578125,0.578125,0.16796875,False
16qam-snr05-nominal-short,252,fresh,correct_pooled_sqrt_rms,0.5703125,0.5703125,0.1669921875,False
16qam-snr05-nominal-short,252,fresh,correct_per_pol_sqrt_rms,0.5703125,0.5703125,0.166015625,False
16qam-snr05-nominal-short,252,fresh,gated_scalar_ablation,0.578125,0.578125,0.16796875,False
16qam-snr05-nominal-short,252,fresh,robust_scalar,0.57421875,0.57421875,0.1689453125,False
16qam-snr05-nominal-short,253,fresh,baseline_cma_mu0p03,0.49609375,0.49609375,0.146484375,False
16qam-snr05-nominal-short,253,fresh,blind_affine,0.56640625,0.56640625,0.1669921875,False
16qam-snr05-nominal-short,253,fresh,C11_legal_causal,0.4609375,0.4609375,0.1416015625,False
16qam-snr05-nominal-short,253,fresh,oracle_affine_bound_KILL_ONLY,0.60546875,0.60546875,0.18359375,False
16qam-snr05-nominal-short,253,fresh,M1_prefix_scalar_T020,0.58203125,0.58203125,0.171875,False
16qam-snr05-nominal-short,253,fresh,M2_quantile_transport_T020,0.5546875,0.5546875,0.1640625,False
16qam-snr05-nominal-short,253,fresh,M4_gated_policy_T020,0.49609375,0.49609375,0.146484375,False
16qam-snr05-nominal-short,253,fresh,correct_pooled_sqrt_rms,0.56640625,0.56640625,0.1640625,False
16qam-snr05-nominal-short,253,fresh,correct_per_pol_sqrt_rms,0.57421875,0.57421875,0.166015625,False
16qam-snr05-nominal-short,253,fresh,gated_scalar_ablation,0.49609375,0.49609375,0.146484375,False
16qam-snr05-nominal-short,253,fresh,robust_scalar,0.5390625,0.5390625,0.1572265625,False
16qam-snr05-nominal-short,254,fresh,baseline_cma_mu0p03,0.51953125,0.51953125,0.158203125,False
16qam-snr05-nominal-short,254,fresh,blind_affine,0.53515625,0.53515625,0.1640625,False
16qam-snr05-nominal-short,254,fresh,C11_legal_causal,0.5234375,0.5234375,0.16015625,False
16qam-snr05-nominal-short,254,fresh,oracle_affine_bound_KILL_ONLY,0.5546875,0.5546875,0.171875,False
16qam-snr05-nominal-short,254,fresh,M1_prefix_scalar_T020,0.53515625,0.53515625,0.162109375,False
16qam-snr05-nominal-short,254,fresh,M2_quantile_transport_T020,0.52734375,0.52734375,0.1640625,False
16qam-snr05-nominal-short,254,fresh,M4_gated_policy_T020,0.51953125,0.51953125,0.158203125,False
16qam-snr05-nominal-short,254,fresh,correct_pooled_sqrt_rms,0.515625,0.515625,0.158203125,False
16qam-snr05-nominal-short,254,fresh,correct_per_pol_sqrt_rms,0.5234375,0.5234375,0.162109375,False
16qam-snr05-nominal-short,254,fresh,gated_scalar_ablation,0.51953125,0.51953125,0.158203125,False
16qam-snr05-nominal-short,254,fresh,robust_scalar,0.5234375,0.5234375,0.1611328125,False
16qam-snr05-nominal-short,255,fresh,baseline_cma_mu0p03,0.80859375,0.80859375,0.318359375,False
16qam-snr05-nominal-short,255,fresh,blind_affine,0.79296875,0.79296875,0.3173828125,False
16qam-snr05-nominal-short,255,fresh,C11_legal_causal,0.8046875,0.8046875,0.318359375,False
16qam-snr05-nominal-short,255,fresh,oracle_affine_bound_KILL_ONLY,0.83984375,0.83984375,0.330078125,False
16qam-snr05-nominal-short,255,fresh,M1_prefix_scalar_T020,0.7890625,0.7890625,0.306640625,False
16qam-snr05-nominal-short,255,fresh,M2_quantile_transport_T020,0.80859375,0.80859375,0.3251953125,False
16qam-snr05-nominal-short,255,fresh,M4_gated_policy_T020,0.80859375,0.80859375,0.3251953125,False
16qam-snr05-nominal-short,255,fresh,correct_pooled_sqrt_rms,0.796875,0.796875,0.322265625,False
16qam-snr05-nominal-short,255,fresh,correct_per_pol_sqrt_rms,0.796875,0.796875,0.3232421875,False
16qam-snr05-nominal-short,255,fresh,gated_scalar_ablation,0.796875,0.796875,0.3232421875,False
16qam-snr05-nominal-short,255,fresh,robust_scalar,0.8046875,0.8046875,0.3212890625,False
16qam-snr05-nominal-short,256,fresh,baseline_cma_mu0p03,0.5390625,0.5390625,0.16015625,False
16qam-snr05-nominal-short,256,fresh,blind_affine,0.6015625,0.6015625,0.1787109375,False
16qam-snr05-nominal-short,256,fresh,C11_legal_causal,0.53515625,0.53515625,0.166015625,False
16qam-snr05-nominal-short,256,fresh,oracle_affine_bound_KILL_ONLY,0.5859375,0.5859375,0.1748046875,False
16qam-snr05-nominal-short,256,fresh,M1_prefix_scalar_T020,0.53515625,0.53515625,0.1591796875,False
16qam-snr05-nominal-short,256,fresh,M2_quantile_transport_T020,0.57421875,0.57421875,0.171875,False
16qam-snr05-nominal-short,256,fresh,M4_gated_policy_T020,0.5390625,0.5390625,0.16015625,False
16qam-snr05-nominal-short,256,fresh,correct_pooled_sqrt_rms,0.5390625,0.5390625,0.1611328125,False
16qam-snr05-nominal-short,256,fresh,correct_per_pol_sqrt_rms,0.54296875,0.54296875,0.162109375,False
16qam-snr05-nominal-short,256,fresh,gated_scalar_ablation,0.5390625,0.5390625,0.16015625,False
16qam-snr05-nominal-short,256,fresh,robust_scalar,0.52734375,0.52734375,0.1591796875,False
16qam-snr05-nominal-short,257,fresh,baseline_cma_mu0p03,0.77734375,0.77734375,0.306640625,False
16qam-snr05-nominal-short,257,fresh,blind_affine,0.76953125,0.76953125,0.3115234375,False
16qam-snr05-nominal-short,257,fresh,C11_legal_causal,0.77734375,0.77734375,0.3095703125,False
16qam-snr05-nominal-short,257,fresh,oracle_affine_bound_KILL_ONLY,0.77734375,0.77734375,0.3251953125,False
16qam-snr05-nominal-short,257,fresh,M1_prefix_scalar_T020,0.78515625,0.78515625,0.32421875,False
16qam-snr05-nominal-short,257,fresh,M2_quantile_transport_T020,0.76953125,0.76953125,0.3056640625,False
16qam-snr05-nominal-short,257,fresh,M4_gated_policy_T020,0.76953125,0.76953125,0.3056640625,False
16qam-snr05-nominal-short,257,fresh,correct_pooled_sqrt_rms,0.76953125,0.76953125,0.306640625,False
16qam-snr05-nominal-short,257,fresh,correct_per_pol_sqrt_rms,0.76953125,0.76953125,0.3076171875,False
16qam-snr05-nominal-short,257,fresh,gated_scalar_ablation,0.76953125,0.76953125,0.3076171875,False
16qam-snr05-nominal-short,257,fresh,robust_scalar,0.78125,0.78125,0.3125,False
16qam-snr05-nominal-short,258,fresh,baseline_cma_mu0p03,0.578125,0.578125,0.173828125,False
16qam-snr05-nominal-short,258,fresh,blind_affine,0.58984375,0.58984375,0.1748046875,False
16qam-snr05-nominal-short,258,fresh,C11_legal_causal,0.57421875,0.57421875,0.1728515625,False
16qam-snr05-nominal-short,258,fresh,oracle_affine_bound_KILL_ONLY,0.59375,0.59375,0.177734375,False
16qam-snr05-nominal-short,258,fresh,M1_prefix_scalar_T020,0.5546875,0.5546875,0.1689453125,False
16qam-snr05-nominal-short,258,fresh,M2_quantile_transport_T020,0.59375,0.59375,0.1767578125,False
16qam-snr05-nominal-short,258,fresh,M4_gated_policy_T020,0.578125,0.578125,0.173828125,False
16qam-snr05-nominal-short,258,fresh,correct_pooled_sqrt_rms,0.578125,0.578125,0.1728515625,False
16qam-snr05-nominal-short,258,fresh,correct_per_pol_sqrt_rms,0.58203125,0.58203125,0.173828125,False
16qam-snr05-nominal-short,258,fresh,gated_scalar_ablation,0.578125,0.578125,0.173828125,False
16qam-snr05-nominal-short,258,fresh,robust_scalar,0.5703125,0.5703125,0.171875,False
16qam-snr05-nominal-short,259,fresh,baseline_cma_mu0p03,0.734375,0.734375,0.2509765625,False
16qam-snr05-nominal-short,259,fresh,blind_affine,0.76171875,0.76171875,0.2646484375,False
16qam-snr05-nominal-short,259,fresh,C11_legal_causal,0.7265625,0.7265625,0.2490234375,False
16qam-snr05-nominal-short,259,fresh,oracle_affine_bound_KILL_ONLY,0.765625,0.765625,0.2626953125,False
16qam-snr05-nominal-short,259,fresh,M1_prefix_scalar_T020,0.68359375,0.68359375,0.244140625,False
16qam-snr05-nominal-short,259,fresh,M2_quantile_transport_T020,0.69921875,0.69921875,0.240234375,False
16qam-snr05-nominal-short,259,fresh,M4_gated_policy_T020,0.734375,0.734375,0.2509765625,False
16qam-snr05-nominal-short,259,fresh,correct_pooled_sqrt_rms,0.703125,0.703125,0.2392578125,False
16qam-snr05-nominal-short,259,fresh,correct_per_pol_sqrt_rms,0.7109375,0.7109375,0.244140625,False
16qam-snr05-nominal-short,259,fresh,gated_scalar_ablation,0.734375,0.734375,0.2509765625,False
16qam-snr05-nominal-short,259,fresh,robust_scalar,0.6953125,0.6953125,0.240234375,False
16qam-snr05-nominal-short,260,fresh,baseline_cma_mu0p03,0.69921875,0.69921875,0.2587890625,False
16qam-snr05-nominal-short,260,fresh,blind_affine,0.70703125,0.70703125,0.2568359375,False
16qam-snr05-nominal-short,260,fresh,C11_legal_causal,0.70703125,0.70703125,0.2578125,False
16qam-snr05-nominal-short,260,fresh,oracle_affine_bound_KILL_ONLY,0.734375,0.734375,0.2646484375,False
16qam-snr05-nominal-short,260,fresh,M1_prefix_scalar_T020,0.703125,0.703125,0.2724609375,False
16qam-snr05-nominal-short,260,fresh,M2_quantile_transport_T020,0.703125,0.703125,0.2568359375,False
16qam-snr05-nominal-short,260,fresh,M4_gated_policy_T020,0.69921875,0.69921875,0.2587890625,False
16qam-snr05-nominal-short,260,fresh,correct_pooled_sqrt_rms,0.6875,0.6875,0.2568359375,False
16qam-snr05-nominal-short,260,fresh,correct_per_pol_sqrt_rms,0.6796875,0.6796875,0.25390625,False
16qam-snr05-nominal-short,260,fresh,gated_scalar_ablation,0.69921875,0.69921875,0.2587890625,False
16qam-snr05-nominal-short,260,fresh,robust_scalar,0.671875,0.671875,0.2587890625,False
16qam-snr10-nominal-short,201,old,baseline_cma_mu0p03,0.12109375,0.12109375,0.033203125,False
16qam-snr10-nominal-short,201,old,blind_affine,0.16015625,0.16015625,0.041015625,False
16qam-snr10-nominal-short,201,old,C11_legal_causal,0.13671875,0.13671875,0.03515625,False
16qam-snr10-nominal-short,201,old,oracle_affine_bound_KILL_ONLY,0.15625,0.15625,0.0400390625,False
16qam-snr10-nominal-short,201,old,M1_prefix_scalar_T020,0.22265625,0.22265625,0.05859375,False
16qam-snr10-nominal-short,201,old,M2_quantile_transport_T020,0.19921875,0.19921875,0.0517578125,False
16qam-snr10-nominal-short,201,old,M4_gated_policy_T020,0.12109375,0.12109375,0.033203125,False
16qam-snr10-nominal-short,201,old,correct_pooled_sqrt_rms,0.140625,0.140625,0.0361328125,False
16qam-snr10-nominal-short,201,old,correct_per_pol_sqrt_rms,0.15234375,0.15234375,0.0400390625,False
16qam-snr10-nominal-short,201,old,gated_scalar_ablation,0.12109375,0.12109375,0.033203125,False
16qam-snr10-nominal-short,201,old,robust_scalar,0.15234375,0.15234375,0.0400390625,False
16qam-snr10-nominal-short,202,old,baseline_cma_mu0p03,0.09375,0.09375,0.0244140625,False
16qam-snr10-nominal-short,202,old,blind_affine,0.12109375,0.12109375,0.0322265625,False
16qam-snr10-nominal-short,202,old,C11_legal_causal,0.16015625,0.16015625,0.0419921875,False
16qam-snr10-nominal-short,202,old,oracle_affine_bound_KILL_ONLY,0.1328125,0.1328125,0.0341796875,False
16qam-snr10-nominal-short,202,old,M1_prefix_scalar_T020,0.22265625,0.22265625,0.0576171875,False
16qam-snr10-nominal-short,202,old,M2_quantile_transport_T020,0.19140625,0.19140625,0.0498046875,False
16qam-snr10-nominal-short,202,old,M4_gated_policy_T020,0.09375,0.09375,0.0244140625,False
16qam-snr10-nominal-short,202,old,correct_pooled_sqrt_rms,0.10546875,0.10546875,0.029296875,False
16qam-snr10-nominal-short,202,old,correct_per_pol_sqrt_rms,0.09765625,0.09765625,0.02734375,False
16qam-snr10-nominal-short,202,old,gated_scalar_ablation,0.09375,0.09375,0.0244140625,False
16qam-snr10-nominal-short,202,old,robust_scalar,0.09765625,0.09765625,0.02734375,False
16qam-snr10-nominal-short,203,old,baseline_cma_mu0p03,0.75,0.75,0.2548828125,False
16qam-snr10-nominal-short,203,old,blind_affine,0.76171875,0.76171875,0.2607421875,False
16qam-snr10-nominal-short,203,old,C11_legal_causal,0.7421875,0.7421875,0.2529296875,False
16qam-snr10-nominal-short,203,old,oracle_affine_bound_KILL_ONLY,0.6171875,0.6171875,0.1904296875,False
16qam-snr10-nominal-short,203,old,M1_prefix_scalar_T020,0.64453125,0.64453125,0.2158203125,False
16qam-snr10-nominal-short,203,old,M2_quantile_transport_T020,0.6328125,0.6328125,0.189453125,False
16qam-snr10-nominal-short,203,old,M4_gated_policy_T020,0.6328125,0.6328125,0.189453125,False
16qam-snr10-nominal-short,203,old,correct_pooled_sqrt_rms,0.609375,0.609375,0.1787109375,False
16qam-snr10-nominal-short,203,old,correct_per_pol_sqrt_rms,0.6015625,0.6015625,0.1796875,False
16qam-snr10-nominal-short,203,old,gated_scalar_ablation,0.6015625,0.6015625,0.1796875,False
16qam-snr10-nominal-short,203,old,robust_scalar,0.61328125,0.61328125,0.1845703125,False
16qam-snr10-nominal-short,204,old,baseline_cma_mu0p03,0.140625,0.140625,0.0361328125,False
16qam-snr10-nominal-short,204,old,blind_affine,0.1484375,0.1484375,0.0380859375,False
16qam-snr10-nominal-short,204,old,C11_legal_causal,0.1484375,0.1484375,0.0380859375,False
16qam-snr10-nominal-short,204,old,oracle_affine_bound_KILL_ONLY,0.1640625,0.1640625,0.0419921875,False
16qam-snr10-nominal-short,204,old,M1_prefix_scalar_T020,0.15625,0.15625,0.0400390625,False
16qam-snr10-nominal-short,204,old,M2_quantile_transport_T020,0.1640625,0.1640625,0.0419921875,False
16qam-snr10-nominal-short,204,old,M4_gated_policy_T020,0.140625,0.140625,0.0361328125,False
16qam-snr10-nominal-short,204,old,correct_pooled_sqrt_rms,0.13671875,0.13671875,0.03515625,False
16qam-snr10-nominal-short,204,old,correct_per_pol_sqrt_rms,0.140625,0.140625,0.0361328125,False
16qam-snr10-nominal-short,204,old,gated_scalar_ablation,0.140625,0.140625,0.0361328125,False
16qam-snr10-nominal-short,204,old,robust_scalar,0.16015625,0.16015625,0.041015625,False
16qam-snr10-nominal-short,205,old,baseline_cma_mu0p03,0.1484375,0.1484375,0.0380859375,False
16qam-snr10-nominal-short,205,old,blind_affine,0.16015625,0.16015625,0.04296875,False
16qam-snr10-nominal-short,205,old,C11_legal_causal,0.171875,0.171875,0.044921875,False
16qam-snr10-nominal-short,205,old,oracle_affine_bound_KILL_ONLY,0.18359375,0.18359375,0.048828125,False
16qam-snr10-nominal-short,205,old,M1_prefix_scalar_T020,0.19921875,0.19921875,0.0546875,False
16qam-snr10-nominal-short,205,old,M2_quantile_transport_T020,0.21484375,0.21484375,0.0595703125,False
16qam-snr10-nominal-short,205,old,M4_gated_policy_T020,0.1484375,0.1484375,0.0380859375,False
16qam-snr10-nominal-short,205,old,correct_pooled_sqrt_rms,0.16015625,0.16015625,0.04296875,False
16qam-snr10-nominal-short,205,old,correct_per_pol_sqrt_rms,0.16015625,0.16015625,0.04296875,False
16qam-snr10-nominal-short,205,old,gated_scalar_ablation,0.1484375,0.1484375,0.0380859375,False
16qam-snr10-nominal-short,205,old,robust_scalar,0.15625,0.15625,0.0419921875,False
16qam-snr10-nominal-short,206,old,baseline_cma_mu0p03,0.8671875,0.8671875,0.337890625,False
16qam-snr10-nominal-short,206,old,blind_affine,0.859375,0.859375,0.337890625,False
16qam-snr10-nominal-short,206,old,C11_legal_causal,0.8671875,0.8671875,0.3388671875,False
16qam-snr10-nominal-short,206,old,oracle_affine_bound_KILL_ONLY,0.8125,0.8125,0.2939453125,False
16qam-snr10-nominal-short,206,old,M1_prefix_scalar_T020,0.77734375,0.77734375,0.3056640625,False
16qam-snr10-nominal-short,206,old,M2_quantile_transport_T020,0.7109375,0.7109375,0.2568359375,False
16qam-snr10-nominal-short,206,old,M4_gated_policy_T020,0.7109375,0.7109375,0.2568359375,False
16qam-snr10-nominal-short,206,old,correct_pooled_sqrt_rms,0.72265625,0.72265625,0.2578125,False
16qam-snr10-nominal-short,206,old,correct_per_pol_sqrt_rms,0.71875,0.71875,0.2568359375,False
16qam-snr10-nominal-short,206,old,gated_scalar_ablation,0.71875,0.71875,0.2568359375,False
16qam-snr10-nominal-short,206,old,robust_scalar,0.73828125,0.73828125,0.2607421875,False
16qam-snr10-nominal-short,207,old,baseline_cma_mu0p03,0.125,0.125,0.033203125,False
16qam-snr10-nominal-short,207,old,blind_affine,0.15625,0.15625,0.041015625,False
16qam-snr10-nominal-short,207,old,C11_legal_causal,0.16015625,0.16015625,0.0419921875,False
16qam-snr10-nominal-short,207,old,oracle_affine_bound_KILL_ONLY,0.16015625,0.16015625,0.041015625,False
16qam-snr10-nominal-short,207,old,M1_prefix_scalar_T020,0.1875,0.1875,0.052734375,False
16qam-snr10-nominal-short,207,old,M2_quantile_transport_T020,0.19140625,0.19140625,0.052734375,False
16qam-snr10-nominal-short,207,old,M4_gated_policy_T020,0.125,0.125,0.033203125,False
16qam-snr10-nominal-short,207,old,correct_pooled_sqrt_rms,0.125,0.125,0.033203125,False
16qam-snr10-nominal-short,207,old,correct_per_pol_sqrt_rms,0.125,0.125,0.0341796875,False
16qam-snr10-nominal-short,207,old,gated_scalar_ablation,0.125,0.125,0.033203125,False
16qam-snr10-nominal-short,207,old,robust_scalar,0.1328125,0.1328125,0.0361328125,False
16qam-snr10-nominal-short,208,old,baseline_cma_mu0p03,0.87109375,0.87109375,0.365234375,False
16qam-snr10-nominal-short,208,old,blind_affine,0.875,0.875,0.36328125,False
16qam-snr10-nominal-short,208,old,C11_legal_causal,0.87109375,0.87109375,0.3642578125,False
16qam-snr10-nominal-short,208,old,oracle_affine_bound_KILL_ONLY,0.859375,0.859375,0.3349609375,False
16qam-snr10-nominal-short,208,old,M1_prefix_scalar_T020,0.75,0.75,0.3330078125,False
16qam-snr10-nominal-short,208,old,M2_quantile_transport_T020,0.828125,0.828125,0.318359375,False
16qam-snr10-nominal-short,208,old,M4_gated_policy_T020,0.828125,0.828125,0.318359375,False
16qam-snr10-nominal-short,208,old,correct_pooled_sqrt_rms,0.80859375,0.80859375,0.3134765625,False
16qam-snr10-nominal-short,208,old,correct_per_pol_sqrt_rms,0.81640625,0.81640625,0.3173828125,False
16qam-snr10-nominal-short,208,old,gated_scalar_ablation,0.81640625,0.81640625,0.3173828125,False
16qam-snr10-nominal-short,208,old,robust_scalar,0.796875,0.796875,0.314453125,False
16qam-snr10-nominal-short,209,old,baseline_cma_mu0p03,0.84375,0.84375,0.2978515625,False
16qam-snr10-nominal-short,209,old,blind_affine,0.84765625,0.84765625,0.30078125,False
16qam-snr10-nominal-short,209,old,C11_legal_causal,0.8515625,0.8515625,0.30078125,False
16qam-snr10-nominal-short,209,old,oracle_affine_bound_KILL_ONLY,0.7578125,0.7578125,0.2734375,False
16qam-snr10-nominal-short,209,old,M1_prefix_scalar_T020,0.734375,0.734375,0.2939453125,False
16qam-snr10-nominal-short,209,old,M2_quantile_transport_T020,0.69140625,0.69140625,0.2509765625,False
16qam-snr10-nominal-short,209,old,M4_gated_policy_T020,0.69140625,0.69140625,0.2509765625,False
16qam-snr10-nominal-short,209,old,correct_pooled_sqrt_rms,0.6640625,0.6640625,0.24609375,False
16qam-snr10-nominal-short,209,old,correct_per_pol_sqrt_rms,0.6796875,0.6796875,0.25,False
16qam-snr10-nominal-short,209,old,gated_scalar_ablation,0.6796875,0.6796875,0.25,False
16qam-snr10-nominal-short,209,old,robust_scalar,0.66796875,0.66796875,0.248046875,False
16qam-snr10-nominal-short,210,old,baseline_cma_mu0p03,0.15625,0.15625,0.0400390625,False
16qam-snr10-nominal-short,210,old,blind_affine,0.15625,0.15625,0.041015625,False
16qam-snr10-nominal-short,210,old,C11_legal_causal,0.16015625,0.16015625,0.041015625,False
16qam-snr10-nominal-short,210,old,oracle_affine_bound_KILL_ONLY,0.15625,0.15625,0.0390625,False
16qam-snr10-nominal-short,210,old,M1_prefix_scalar_T020,0.12890625,0.12890625,0.033203125,False
16qam-snr10-nominal-short,210,old,M2_quantile_transport_T020,0.18359375,0.18359375,0.0478515625,False
16qam-snr10-nominal-short,210,old,M4_gated_policy_T020,0.15625,0.15625,0.0400390625,False
16qam-snr10-nominal-short,210,old,correct_pooled_sqrt_rms,0.14453125,0.14453125,0.037109375,False
16qam-snr10-nominal-short,210,old,correct_per_pol_sqrt_rms,0.140625,0.140625,0.037109375,False
16qam-snr10-nominal-short,210,old,gated_scalar_ablation,0.15625,0.15625,0.0400390625,False
16qam-snr10-nominal-short,210,old,robust_scalar,0.140625,0.140625,0.037109375,False
16qam-snr10-nominal-short,211,old,baseline_cma_mu0p03,0.2421875,0.2421875,0.06640625,False
16qam-snr10-nominal-short,211,old,blind_affine,0.2734375,0.2734375,0.0732421875,False
16qam-snr10-nominal-short,211,old,C11_legal_causal,0.23046875,0.23046875,0.0634765625,False
16qam-snr10-nominal-short,211,old,oracle_affine_bound_KILL_ONLY,0.265625,0.265625,0.0712890625,False
16qam-snr10-nominal-short,211,old,M1_prefix_scalar_T020,0.24609375,0.24609375,0.0693359375,False
16qam-snr10-nominal-short,211,old,M2_quantile_transport_T020,0.25,0.25,0.068359375,False
16qam-snr10-nominal-short,211,old,M4_gated_policy_T020,0.2421875,0.2421875,0.06640625,False
16qam-snr10-nominal-short,211,old,correct_pooled_sqrt_rms,0.22265625,0.22265625,0.0615234375,False
16qam-snr10-nominal-short,211,old,correct_per_pol_sqrt_rms,0.23046875,0.23046875,0.06640625,False
16qam-snr10-nominal-short,211,old,gated_scalar_ablation,0.2421875,0.2421875,0.06640625,False
16qam-snr10-nominal-short,211,old,robust_scalar,0.23828125,0.23828125,0.06640625,False
16qam-snr10-nominal-short,212,old,baseline_cma_mu0p03,0.46484375,0.46484375,0.142578125,False
16qam-snr10-nominal-short,212,old,blind_affine,0.4765625,0.4765625,0.142578125,False
16qam-snr10-nominal-short,212,old,C11_legal_causal,0.484375,0.484375,0.1484375,False
16qam-snr10-nominal-short,212,old,oracle_affine_bound_KILL_ONLY,0.46484375,0.46484375,0.13671875,False
16qam-snr10-nominal-short,212,old,M1_prefix_scalar_T020,0.5078125,0.5078125,0.154296875,False
16qam-snr10-nominal-short,212,old,M2_quantile_transport_T020,0.44921875,0.44921875,0.130859375,False
16qam-snr10-nominal-short,212,old,M4_gated_policy_T020,0.44921875,0.44921875,0.130859375,False
16qam-snr10-nominal-short,212,old,correct_pooled_sqrt_rms,0.4296875,0.4296875,0.1259765625,False
16qam-snr10-nominal-short,212,old,correct_per_pol_sqrt_rms,0.4296875,0.4296875,0.1259765625,False
16qam-snr10-nominal-short,212,old,gated_scalar_ablation,0.4296875,0.4296875,0.1259765625,False
16qam-snr10-nominal-short,212,old,robust_scalar,0.4296875,0.4296875,0.1240234375,False
16qam-snr10-nominal-short,213,old,baseline_cma_mu0p03,0.17578125,0.17578125,0.0439453125,False
16qam-snr10-nominal-short,213,old,blind_affine,0.2109375,0.2109375,0.052734375,False
16qam-snr10-nominal-short,213,old,C11_legal_causal,0.23046875,0.23046875,0.0595703125,False
16qam-snr10-nominal-short,213,old,oracle_affine_bound_KILL_ONLY,0.23828125,0.23828125,0.060546875,False
16qam-snr10-nominal-short,213,old,M1_prefix_scalar_T020,0.22265625,0.22265625,0.0556640625,False
16qam-snr10-nominal-short,213,old,M2_quantile_transport_T020,0.19921875,0.19921875,0.0517578125,False
16qam-snr10-nominal-short,213,old,M4_gated_policy_T020,0.17578125,0.17578125,0.0439453125,False
16qam-snr10-nominal-short,213,old,correct_pooled_sqrt_rms,0.1875,0.1875,0.046875,False
16qam-snr10-nominal-short,213,old,correct_per_pol_sqrt_rms,0.16796875,0.16796875,0.0419921875,False
16qam-snr10-nominal-short,213,old,gated_scalar_ablation,0.17578125,0.17578125,0.0439453125,False
16qam-snr10-nominal-short,213,old,robust_scalar,0.16796875,0.16796875,0.0419921875,False
16qam-snr10-nominal-short,214,old,baseline_cma_mu0p03,0.15234375,0.15234375,0.0380859375,False
16qam-snr10-nominal-short,214,old,blind_affine,0.15625,0.15625,0.0400390625,False
16qam-snr10-nominal-short,214,old,C11_legal_causal,0.1640625,0.1640625,0.0419921875,False
16qam-snr10-nominal-short,214,old,oracle_affine_bound_KILL_ONLY,0.15625,0.15625,0.0400390625,False
16qam-snr10-nominal-short,214,old,M1_prefix_scalar_T020,0.17578125,0.17578125,0.0458984375,False
16qam-snr10-nominal-short,214,old,M2_quantile_transport_T020,0.203125,0.203125,0.052734375,False
16qam-snr10-nominal-short,214,old,M4_gated_policy_T020,0.15234375,0.15234375,0.0380859375,False
16qam-snr10-nominal-short,214,old,correct_pooled_sqrt_rms,0.15234375,0.15234375,0.0390625,False
16qam-snr10-nominal-short,214,old,correct_per_pol_sqrt_rms,0.15625,0.15625,0.0400390625,False
16qam-snr10-nominal-short,214,old,gated_scalar_ablation,0.15234375,0.15234375,0.0380859375,False
16qam-snr10-nominal-short,214,old,robust_scalar,0.1484375,0.1484375,0.0380859375,False
16qam-snr10-nominal-short,215,old,baseline_cma_mu0p03,0.76171875,0.76171875,0.267578125,False
16qam-snr10-nominal-short,215,old,blind_affine,0.78125,0.78125,0.2734375,False
16qam-snr10-nominal-short,215,old,C11_legal_causal,0.765625,0.765625,0.2705078125,False
16qam-snr10-nominal-short,215,old,oracle_affine_bound_KILL_ONLY,0.70703125,0.70703125,0.2294921875,False
16qam-snr10-nominal-short,215,old,M1_prefix_scalar_T020,0.68359375,0.68359375,0.2392578125,False
16qam-snr10-nominal-short,215,old,M2_quantile_transport_T020,0.66796875,0.66796875,0.216796875,False
16qam-snr10-nominal-short,215,old,M4_gated_policy_T020,0.66796875,0.66796875,0.216796875,False
16qam-snr10-nominal-short,215,old,correct_pooled_sqrt_rms,0.65625,0.65625,0.21484375,False
16qam-snr10-nominal-short,215,old,correct_per_pol_sqrt_rms,0.6484375,0.6484375,0.212890625,False
16qam-snr10-nominal-short,215,old,gated_scalar_ablation,0.6484375,0.6484375,0.212890625,False
16qam-snr10-nominal-short,215,old,robust_scalar,0.65234375,0.65234375,0.2109375,False
16qam-snr10-nominal-short,216,old,baseline_cma_mu0p03,0.109375,0.109375,0.02734375,False
16qam-snr10-nominal-short,216,old,blind_affine,0.109375,0.109375,0.0283203125,False
16qam-snr10-nominal-short,216,old,C11_legal_causal,0.15625,0.15625,0.0390625,False
16qam-snr10-nominal-short,216,old,oracle_affine_bound_KILL_ONLY,0.125,0.125,0.0322265625,False
16qam-snr10-nominal-short,216,old,M1_prefix_scalar_T020,0.12890625,0.12890625,0.0322265625,False
16qam-snr10-nominal-short,216,old,M2_quantile_transport_T020,0.15625,0.15625,0.0419921875,False
16qam-snr10-nominal-short,216,old,M4_gated_policy_T020,0.109375,0.109375,0.02734375,False
16qam-snr10-nominal-short,216,old,correct_pooled_sqrt_rms,0.109375,0.109375,0.02734375,False
16qam-snr10-nominal-short,216,old,correct_per_pol_sqrt_rms,0.109375,0.109375,0.02734375,False
16qam-snr10-nominal-short,216,old,gated_scalar_ablation,0.109375,0.109375,0.02734375,False
16qam-snr10-nominal-short,216,old,robust_scalar,0.109375,0.109375,0.02734375,False
16qam-snr10-nominal-short,217,old,baseline_cma_mu0p03,0.3046875,0.3046875,0.0849609375,False
16qam-snr10-nominal-short,217,old,blind_affine,0.31640625,0.31640625,0.08984375,False
16qam-snr10-nominal-short,217,old,C11_legal_causal,0.30859375,0.30859375,0.0859375,False
16qam-snr10-nominal-short,217,old,oracle_affine_bound_KILL_ONLY,0.3046875,0.3046875,0.0859375,False
16qam-snr10-nominal-short,217,old,M1_prefix_scalar_T020,0.28125,0.28125,0.07421875,False
16qam-snr10-nominal-short,217,old,M2_quantile_transport_T020,0.34375,0.34375,0.0927734375,False
16qam-snr10-nominal-short,217,old,M4_gated_policy_T020,0.3046875,0.3046875,0.0849609375,False
16qam-snr10-nominal-short,217,old,correct_pooled_sqrt_rms,0.2890625,0.2890625,0.078125,False
16qam-snr10-nominal-short,217,old,correct_per_pol_sqrt_rms,0.30078125,0.30078125,0.0810546875,False
16qam-snr10-nominal-short,217,old,gated_scalar_ablation,0.3046875,0.3046875,0.0849609375,False
16qam-snr10-nominal-short,217,old,robust_scalar,0.2890625,0.2890625,0.0771484375,False
16qam-snr10-nominal-short,218,old,baseline_cma_mu0p03,0.80078125,0.80078125,0.2900390625,False
16qam-snr10-nominal-short,218,old,blind_affine,0.8046875,0.8046875,0.294921875,False
16qam-snr10-nominal-short,218,old,C11_legal_causal,0.80078125,0.80078125,0.2919921875,False
16qam-snr10-nominal-short,218,old,oracle_affine_bound_KILL_ONLY,0.65625,0.65625,0.232421875,False
16qam-snr10-nominal-short,218,old,M1_prefix_scalar_T020,0.69140625,0.69140625,0.25390625,False
16qam-snr10-nominal-short,218,old,M2_quantile_transport_T020,0.66796875,0.66796875,0.234375,False
16qam-snr10-nominal-short,218,old,M4_gated_policy_T020,0.66796875,0.66796875,0.234375,False
16qam-snr10-nominal-short,218,old,correct_pooled_sqrt_rms,0.66015625,0.66015625,0.23046875,False
16qam-snr10-nominal-short,218,old,correct_per_pol_sqrt_rms,0.65234375,0.65234375,0.2294921875,False
16qam-snr10-nominal-short,218,old,gated_scalar_ablation,0.65234375,0.65234375,0.2294921875,False
16qam-snr10-nominal-short,218,old,robust_scalar,0.6640625,0.6640625,0.232421875,False
16qam-snr10-nominal-short,219,old,baseline_cma_mu0p03,0.3828125,0.3828125,0.1083984375,False
16qam-snr10-nominal-short,219,old,blind_affine,0.37890625,0.37890625,0.107421875,False
16qam-snr10-nominal-short,219,old,C11_legal_causal,0.38671875,0.38671875,0.1083984375,False
16qam-snr10-nominal-short,219,old,oracle_affine_bound_KILL_ONLY,0.3515625,0.3515625,0.0966796875,False
16qam-snr10-nominal-short,219,old,M1_prefix_scalar_T020,0.37109375,0.37109375,0.103515625,False
16qam-snr10-nominal-short,219,old,M2_quantile_transport_T020,0.34765625,0.34765625,0.09765625,False
16qam-snr10-nominal-short,219,old,M4_gated_policy_T020,0.3828125,0.3828125,0.1083984375,False
16qam-snr10-nominal-short,219,old,correct_pooled_sqrt_rms,0.3359375,0.3359375,0.09375,False
16qam-snr10-nominal-short,219,old,correct_per_pol_sqrt_rms,0.33203125,0.33203125,0.0927734375,False
16qam-snr10-nominal-short,219,old,gated_scalar_ablation,0.3828125,0.3828125,0.1083984375,False
16qam-snr10-nominal-short,219,old,robust_scalar,0.34375,0.34375,0.095703125,False
16qam-snr10-nominal-short,220,old,baseline_cma_mu0p03,0.14453125,0.14453125,0.0361328125,False
16qam-snr10-nominal-short,220,old,blind_affine,0.12890625,0.12890625,0.0322265625,False
16qam-snr10-nominal-short,220,old,C11_legal_causal,0.15234375,0.15234375,0.0380859375,False
16qam-snr10-nominal-short,220,old,oracle_affine_bound_KILL_ONLY,0.1328125,0.1328125,0.033203125,False
16qam-snr10-nominal-short,220,old,M1_prefix_scalar_T020,0.1171875,0.1171875,0.029296875,False
16qam-snr10-nominal-short,220,old,M2_quantile_transport_T020,0.15625,0.15625,0.0390625,False
16qam-snr10-nominal-short,220,old,M4_gated_policy_T020,0.14453125,0.14453125,0.0361328125,False
16qam-snr10-nominal-short,220,old,correct_pooled_sqrt_rms,0.12890625,0.12890625,0.0322265625,False
16qam-snr10-nominal-short,220,old,correct_per_pol_sqrt_rms,0.1328125,0.1328125,0.033203125,False
16qam-snr10-nominal-short,220,old,gated_scalar_ablation,0.14453125,0.14453125,0.0361328125,False
16qam-snr10-nominal-short,220,old,robust_scalar,0.13671875,0.13671875,0.0341796875,False
16qam-snr10-nominal-short,241,fresh,baseline_cma_mu0p03,0.8984375,0.8984375,0.4189453125,False
16qam-snr10-nominal-short,241,fresh,blind_affine,0.90625,0.90625,0.4228515625,False
16qam-snr10-nominal-short,241,fresh,C11_legal_causal,0.90234375,0.90234375,0.4208984375,False
16qam-snr10-nominal-short,241,fresh,oracle_affine_bound_KILL_ONLY,0.93359375,0.93359375,0.44140625,False
16qam-snr10-nominal-short,241,fresh,M1_prefix_scalar_T020,0.84375,0.84375,0.4091796875,False
16qam-snr10-nominal-short,241,fresh,M2_quantile_transport_T020,0.87109375,0.87109375,0.4013671875,False
16qam-snr10-nominal-short,241,fresh,M4_gated_policy_T020,0.87109375,0.87109375,0.4013671875,False
16qam-snr10-nominal-short,241,fresh,correct_pooled_sqrt_rms,0.875,0.875,0.40625,False
16qam-snr10-nominal-short,241,fresh,correct_per_pol_sqrt_rms,0.875,0.875,0.404296875,False
16qam-snr10-nominal-short,241,fresh,gated_scalar_ablation,0.875,0.875,0.404296875,False
16qam-snr10-nominal-short,241,fresh,robust_scalar,0.86328125,0.86328125,0.4072265625,False
16qam-snr10-nominal-short,242,fresh,baseline_cma_mu0p03,0.31640625,0.31640625,0.0859375,False
16qam-snr10-nominal-short,242,fresh,blind_affine,0.34765625,0.34765625,0.091796875,False
16qam-snr10-nominal-short,242,fresh,C11_legal_causal,0.3125,0.3125,0.0849609375,False
16qam-snr10-nominal-short,242,fresh,oracle_affine_bound_KILL_ONLY,0.328125,0.328125,0.0888671875,False
16qam-snr10-nominal-short,242,fresh,M1_prefix_scalar_T020,0.29296875,0.29296875,0.080078125,False
16qam-snr10-nominal-short,242,fresh,M2_quantile_transport_T020,0.32421875,0.32421875,0.0908203125,False
16qam-snr10-nominal-short,242,fresh,M4_gated_policy_T020,0.31640625,0.31640625,0.0859375,False
16qam-snr10-nominal-short,242,fresh,correct_pooled_sqrt_rms,0.2890625,0.2890625,0.0791015625,False
16qam-snr10-nominal-short,242,fresh,correct_per_pol_sqrt_rms,0.28125,0.28125,0.076171875,False
16qam-snr10-nominal-short,242,fresh,gated_scalar_ablation,0.31640625,0.31640625,0.0859375,False
16qam-snr10-nominal-short,242,fresh,robust_scalar,0.28125,0.28125,0.0771484375,False
16qam-snr10-nominal-short,243,fresh,baseline_cma_mu0p03,0.39453125,0.39453125,0.111328125,False
16qam-snr10-nominal-short,243,fresh,blind_affine,0.40625,0.40625,0.115234375,False
16qam-snr10-nominal-short,243,fresh,C11_legal_causal,0.41015625,0.41015625,0.1162109375,False
16qam-snr10-nominal-short,243,fresh,oracle_affine_bound_KILL_ONLY,0.3984375,0.3984375,0.1083984375,False
16qam-snr10-nominal-short,243,fresh,M1_prefix_scalar_T020,0.3984375,0.3984375,0.1103515625,False
16qam-snr10-nominal-short,243,fresh,M2_quantile_transport_T020,0.359375,0.359375,0.0986328125,False
16qam-snr10-nominal-short,243,fresh,M4_gated_policy_T020,0.39453125,0.39453125,0.111328125,False
16qam-snr10-nominal-short,243,fresh,correct_pooled_sqrt_rms,0.34375,0.34375,0.091796875,False
16qam-snr10-nominal-short,243,fresh,correct_per_pol_sqrt_rms,0.34375,0.34375,0.091796875,False
16qam-snr10-nominal-short,243,fresh,gated_scalar_ablation,0.39453125,0.39453125,0.111328125,False
16qam-snr10-nominal-short,243,fresh,robust_scalar,0.34765625,0.34765625,0.09375,False
16qam-snr10-nominal-short,244,fresh,baseline_cma_mu0p03,0.546875,0.546875,0.1708984375,False
16qam-snr10-nominal-short,244,fresh,blind_affine,0.53515625,0.53515625,0.1669921875,False
16qam-snr10-nominal-short,244,fresh,C11_legal_causal,0.55078125,0.55078125,0.173828125,False
16qam-snr10-nominal-short,244,fresh,oracle_affine_bound_KILL_ONLY,0.5078125,0.5078125,0.1572265625,False
16qam-snr10-nominal-short,244,fresh,M1_prefix_scalar_T020,0.546875,0.546875,0.169921875,False
16qam-snr10-nominal-short,244,fresh,M2_quantile_transport_T020,0.48828125,0.48828125,0.1484375,False
16qam-snr10-nominal-short,244,fresh,M4_gated_policy_T020,0.48828125,0.48828125,0.1484375,False
16qam-snr10-nominal-short,244,fresh,correct_pooled_sqrt_rms,0.484375,0.484375,0.1474609375,False
16qam-snr10-nominal-short,244,fresh,correct_per_pol_sqrt_rms,0.484375,0.484375,0.1474609375,False
16qam-snr10-nominal-short,244,fresh,gated_scalar_ablation,0.484375,0.484375,0.1474609375,False
16qam-snr10-nominal-short,244,fresh,robust_scalar,0.51171875,0.51171875,0.154296875,False
16qam-snr10-nominal-short,245,fresh,baseline_cma_mu0p03,0.3671875,0.3671875,0.0966796875,False
16qam-snr10-nominal-short,245,fresh,blind_affine,0.3828125,0.3828125,0.1015625,False
16qam-snr10-nominal-short,245,fresh,C11_legal_causal,0.3671875,0.3671875,0.0966796875,False
16qam-snr10-nominal-short,245,fresh,oracle_affine_bound_KILL_ONLY,0.35546875,0.35546875,0.09375,False
16qam-snr10-nominal-short,245,fresh,M1_prefix_scalar_T020,0.34765625,0.34765625,0.091796875,False
16qam-snr10-nominal-short,245,fresh,M2_quantile_transport_T020,0.3359375,0.3359375,0.08984375,False
16qam-snr10-nominal-short,245,fresh,M4_gated_policy_T020,0.3671875,0.3671875,0.0966796875,False
16qam-snr10-nominal-short,245,fresh,correct_pooled_sqrt_rms,0.33203125,0.33203125,0.087890625,False
16qam-snr10-nominal-short,245,fresh,correct_per_pol_sqrt_rms,0.328125,0.328125,0.0869140625,False
16qam-snr10-nominal-short,245,fresh,gated_scalar_ablation,0.3671875,0.3671875,0.0966796875,False
16qam-snr10-nominal-short,245,fresh,robust_scalar,0.328125,0.328125,0.087890625,False
16qam-snr10-nominal-short,246,fresh,baseline_cma_mu0p03,0.671875,0.671875,0.21875,False
16qam-snr10-nominal-short,246,fresh,blind_affine,0.69140625,0.69140625,0.2255859375,False
16qam-snr10-nominal-short,246,fresh,C11_legal_causal,0.67578125,0.67578125,0.2216796875,False
16qam-snr10-nominal-short,246,fresh,oracle_affine_bound_KILL_ONLY,0.56640625,0.56640625,0.1728515625,False
16qam-snr10-nominal-short,246,fresh,M1_prefix_scalar_T020,0.61328125,0.61328125,0.2001953125,False
16qam-snr10-nominal-short,246,fresh,M2_quantile_transport_T020,0.53515625,0.53515625,0.1611328125,False
16qam-snr10-nominal-short,246,fresh,M4_gated_policy_T020,0.53515625,0.53515625,0.1611328125,False
16qam-snr10-nominal-short,246,fresh,correct_pooled_sqrt_rms,0.54296875,0.54296875,0.1630859375,False
16qam-snr10-nominal-short,246,fresh,correct_per_pol_sqrt_rms,0.54296875,0.54296875,0.1630859375,False
16qam-snr10-nominal-short,246,fresh,gated_scalar_ablation,0.54296875,0.54296875,0.1630859375,False
16qam-snr10-nominal-short,246,fresh,robust_scalar,0.54296875,0.54296875,0.162109375,False
16qam-snr10-nominal-short,247,fresh,baseline_cma_mu0p03,0.38671875,0.38671875,0.109375,False
16qam-snr10-nominal-short,247,fresh,blind_affine,0.375,0.375,0.1083984375,False
16qam-snr10-nominal-short,247,fresh,C11_legal_causal,0.37890625,0.37890625,0.107421875,False
16qam-snr10-nominal-short,247,fresh,oracle_affine_bound_KILL_ONLY,0.37890625,0.37890625,0.10546875,False
16qam-snr10-nominal-short,247,fresh,M1_prefix_scalar_T020,0.43359375,0.43359375,0.123046875,False
16qam-snr10-nominal-short,247,fresh,M2_quantile_transport_T020,0.37109375,0.37109375,0.1064453125,False
16qam-snr10-nominal-short,247,fresh,M4_gated_policy_T020,0.38671875,0.38671875,0.109375,False
16qam-snr10-nominal-short,247,fresh,correct_pooled_sqrt_rms,0.34375,0.34375,0.0966796875,False
16qam-snr10-nominal-short,247,fresh,correct_per_pol_sqrt_rms,0.33984375,0.33984375,0.095703125,False
16qam-snr10-nominal-short,247,fresh,gated_scalar_ablation,0.38671875,0.38671875,0.109375,False
16qam-snr10-nominal-short,247,fresh,robust_scalar,0.35546875,0.35546875,0.1005859375,False
16qam-snr10-nominal-short,248,fresh,baseline_cma_mu0p03,0.73046875,0.73046875,0.2451171875,False
16qam-snr10-nominal-short,248,fresh,blind_affine,0.75390625,0.75390625,0.25,False
16qam-snr10-nominal-short,248,fresh,C11_legal_causal,0.7421875,0.7421875,0.2490234375,False
16qam-snr10-nominal-short,248,fresh,oracle_affine_bound_KILL_ONLY,0.5703125,0.5703125,0.1845703125,False
16qam-snr10-nominal-short,248,fresh,M1_prefix_scalar_T020,0.6015625,0.6015625,0.212890625,False
16qam-snr10-nominal-short,248,fresh,M2_quantile_transport_T020,0.5546875,0.5546875,0.185546875,False
16qam-snr10-nominal-short,248,fresh,M4_gated_policy_T020,0.5546875,0.5546875,0.185546875,False
16qam-snr10-nominal-short,248,fresh,correct_pooled_sqrt_rms,0.5625,0.5625,0.18359375,False
16qam-snr10-nominal-short,248,fresh,correct_per_pol_sqrt_rms,0.5546875,0.5546875,0.1826171875,False
16qam-snr10-nominal-short,248,fresh,gated_scalar_ablation,0.5546875,0.5546875,0.1826171875,False
16qam-snr10-nominal-short,248,fresh,robust_scalar,0.5546875,0.5546875,0.18359375,False
16qam-snr10-nominal-short,249,fresh,baseline_cma_mu0p03,0.85546875,0.85546875,0.3330078125,False
16qam-snr10-nominal-short,249,fresh,blind_affine,0.85546875,0.85546875,0.3330078125,False
16qam-snr10-nominal-short,249,fresh,C11_legal_causal,0.859375,0.859375,0.3330078125,False
16qam-snr10-nominal-short,249,fresh,oracle_affine_bound_KILL_ONLY,0.76953125,0.76953125,0.291015625,False
16qam-snr10-nominal-short,249,fresh,M1_prefix_scalar_T020,0.70703125,0.70703125,0.271484375,False
16qam-snr10-nominal-short,249,fresh,M2_quantile_transport_T020,0.6796875,0.6796875,0.255859375,False
16qam-snr10-nominal-short,249,fresh,M4_gated_policy_T020,0.6796875,0.6796875,0.255859375,False
16qam-snr10-nominal-short,249,fresh,correct_pooled_sqrt_rms,0.68359375,0.68359375,0.2548828125,False
16qam-snr10-nominal-short,249,fresh,correct_per_pol_sqrt_rms,0.68359375,0.68359375,0.25390625,False
16qam-snr10-nominal-short,249,fresh,gated_scalar_ablation,0.68359375,0.68359375,0.25390625,False
16qam-snr10-nominal-short,249,fresh,robust_scalar,0.68359375,0.68359375,0.2529296875,False
16qam-snr10-nominal-short,250,fresh,baseline_cma_mu0p03,0.77734375,0.77734375,0.26171875,False
16qam-snr10-nominal-short,250,fresh,blind_affine,0.8125,0.8125,0.2744140625,False
16qam-snr10-nominal-short,250,fresh,C11_legal_causal,0.79296875,0.79296875,0.267578125,False
16qam-snr10-nominal-short,250,fresh,oracle_affine_bound_KILL_ONLY,0.65625,0.65625,0.20703125,False
16qam-snr10-nominal-short,250,fresh,M1_prefix_scalar_T020,0.62109375,0.62109375,0.228515625,False
16qam-snr10-nominal-short,250,fresh,M2_quantile_transport_T020,0.6171875,0.6171875,0.2021484375,False
16qam-snr10-nominal-short,250,fresh,M4_gated_policy_T020,0.6171875,0.6171875,0.2021484375,False
16qam-snr10-nominal-short,250,fresh,correct_pooled_sqrt_rms,0.609375,0.609375,0.201171875,False
16qam-snr10-nominal-short,250,fresh,correct_per_pol_sqrt_rms,0.6015625,0.6015625,0.197265625,False
16qam-snr10-nominal-short,250,fresh,gated_scalar_ablation,0.6015625,0.6015625,0.197265625,False
16qam-snr10-nominal-short,250,fresh,robust_scalar,0.59765625,0.59765625,0.197265625,False
16qam-snr10-nominal-short,251,fresh,baseline_cma_mu0p03,0.31640625,0.31640625,0.08984375,False
16qam-snr10-nominal-short,251,fresh,blind_affine,0.33984375,0.33984375,0.0966796875,False
16qam-snr10-nominal-short,251,fresh,C11_legal_causal,0.31640625,0.31640625,0.0908203125,False
16qam-snr10-nominal-short,251,fresh,oracle_affine_bound_KILL_ONLY,0.33203125,0.33203125,0.0947265625,False
16qam-snr10-nominal-short,251,fresh,M1_prefix_scalar_T020,0.3359375,0.3359375,0.0908203125,False
16qam-snr10-nominal-short,251,fresh,M2_quantile_transport_T020,0.296875,0.296875,0.0830078125,False
16qam-snr10-nominal-short,251,fresh,M4_gated_policy_T020,0.31640625,0.31640625,0.08984375,False
16qam-snr10-nominal-short,251,fresh,correct_pooled_sqrt_rms,0.29296875,0.29296875,0.08203125,False
16qam-snr10-nominal-short,251,fresh,correct_per_pol_sqrt_rms,0.2890625,0.2890625,0.0810546875,False
16qam-snr10-nominal-short,251,fresh,gated_scalar_ablation,0.31640625,0.31640625,0.08984375,False
16qam-snr10-nominal-short,251,fresh,robust_scalar,0.28515625,0.28515625,0.0791015625,False
16qam-snr10-nominal-short,252,fresh,baseline_cma_mu0p03,0.2578125,0.2578125,0.0703125,False
16qam-snr10-nominal-short,252,fresh,blind_affine,0.2734375,0.2734375,0.07421875,False
16qam-snr10-nominal-short,252,fresh,C11_legal_causal,0.265625,0.265625,0.072265625,False
16qam-snr10-nominal-short,252,fresh,oracle_affine_bound_KILL_ONLY,0.28125,0.28125,0.0751953125,False
16qam-snr10-nominal-short,252,fresh,M1_prefix_scalar_T020,0.28515625,0.28515625,0.07421875,False
16qam-snr10-nominal-short,252,fresh,M2_quantile_transport_T020,0.2421875,0.2421875,0.0654296875,False
16qam-snr10-nominal-short,252,fresh,M4_gated_policy_T020,0.2578125,0.2578125,0.0703125,False
16qam-snr10-nominal-short,252,fresh,correct_pooled_sqrt_rms,0.2421875,0.2421875,0.064453125,False
16qam-snr10-nominal-short,252,fresh,correct_per_pol_sqrt_rms,0.2421875,0.2421875,0.064453125,False
16qam-snr10-nominal-short,252,fresh,gated_scalar_ablation,0.2578125,0.2578125,0.0703125,False
16qam-snr10-nominal-short,252,fresh,robust_scalar,0.2578125,0.2578125,0.068359375,False
16qam-snr10-nominal-short,253,fresh,baseline_cma_mu0p03,0.15234375,0.15234375,0.0400390625,False
16qam-snr10-nominal-short,253,fresh,blind_affine,0.203125,0.203125,0.052734375,False
16qam-snr10-nominal-short,253,fresh,C11_legal_causal,0.15625,0.15625,0.04296875,False
16qam-snr10-nominal-short,253,fresh,oracle_affine_bound_KILL_ONLY,0.203125,0.203125,0.0537109375,False
16qam-snr10-nominal-short,253,fresh,M1_prefix_scalar_T020,0.28125,0.28125,0.07421875,False
16qam-snr10-nominal-short,253,fresh,M2_quantile_transport_T020,0.28125,0.28125,0.0732421875,False
16qam-snr10-nominal-short,253,fresh,M4_gated_policy_T020,0.15234375,0.15234375,0.0400390625,False
16qam-snr10-nominal-short,253,fresh,correct_pooled_sqrt_rms,0.19921875,0.19921875,0.0517578125,False
16qam-snr10-nominal-short,253,fresh,correct_per_pol_sqrt_rms,0.19140625,0.19140625,0.0498046875,False
16qam-snr10-nominal-short,253,fresh,gated_scalar_ablation,0.15234375,0.15234375,0.0400390625,False
16qam-snr10-nominal-short,253,fresh,robust_scalar,0.1875,0.1875,0.048828125,False
16qam-snr10-nominal-short,254,fresh,baseline_cma_mu0p03,0.2265625,0.2265625,0.0654296875,False
16qam-snr10-nominal-short,254,fresh,blind_affine,0.25390625,0.25390625,0.072265625,False
16qam-snr10-nominal-short,254,fresh,C11_legal_causal,0.21875,0.21875,0.0625,False
16qam-snr10-nominal-short,254,fresh,oracle_affine_bound_KILL_ONLY,0.25,0.25,0.0712890625,False
16qam-snr10-nominal-short,254,fresh,M1_prefix_scalar_T020,0.21875,0.21875,0.0625,False
16qam-snr10-nominal-short,254,fresh,M2_quantile_transport_T020,0.2421875,0.2421875,0.0693359375,False
16qam-snr10-nominal-short,254,fresh,M4_gated_policy_T020,0.2265625,0.2265625,0.0654296875,False
16qam-snr10-nominal-short,254,fresh,correct_pooled_sqrt_rms,0.2265625,0.2265625,0.064453125,False
16qam-snr10-nominal-short,254,fresh,correct_per_pol_sqrt_rms,0.22265625,0.22265625,0.064453125,False
16qam-snr10-nominal-short,254,fresh,gated_scalar_ablation,0.2265625,0.2265625,0.0654296875,False
16qam-snr10-nominal-short,254,fresh,robust_scalar,0.2265625,0.2265625,0.0654296875,False
16qam-snr10-nominal-short,255,fresh,baseline_cma_mu0p03,0.78125,0.78125,0.2734375,False
16qam-snr10-nominal-short,255,fresh,blind_affine,0.80078125,0.80078125,0.283203125,False
16qam-snr10-nominal-short,255,fresh,C11_legal_causal,0.78125,0.78125,0.275390625,False
16qam-snr10-nominal-short,255,fresh,oracle_affine_bound_KILL_ONLY,0.68359375,0.68359375,0.2216796875,False
16qam-snr10-nominal-short,255,fresh,M1_prefix_scalar_T020,0.64453125,0.64453125,0.2236328125,False
16qam-snr10-nominal-short,255,fresh,M2_quantile_transport_T020,0.59375,0.59375,0.1865234375,False
16qam-snr10-nominal-short,255,fresh,M4_gated_policy_T020,0.59375,0.59375,0.1865234375,False
16qam-snr10-nominal-short,255,fresh,correct_pooled_sqrt_rms,0.59765625,0.59765625,0.1904296875,False
16qam-snr10-nominal-short,255,fresh,correct_per_pol_sqrt_rms,0.6015625,0.6015625,0.1923828125,False
16qam-snr10-nominal-short,255,fresh,gated_scalar_ablation,0.6015625,0.6015625,0.1923828125,False
16qam-snr10-nominal-short,255,fresh,robust_scalar,0.58984375,0.58984375,0.1884765625,False
16qam-snr10-nominal-short,256,fresh,baseline_cma_mu0p03,0.26171875,0.26171875,0.0703125,False
16qam-snr10-nominal-short,256,fresh,blind_affine,0.328125,0.328125,0.095703125,False
16qam-snr10-nominal-short,256,fresh,C11_legal_causal,0.2890625,0.2890625,0.0849609375,False
16qam-snr10-nominal-short,256,fresh,oracle_affine_bound_KILL_ONLY,0.3203125,0.3203125,0.0927734375,False
16qam-snr10-nominal-short,256,fresh,M1_prefix_scalar_T020,0.3046875,0.3046875,0.0859375,False
16qam-snr10-nominal-short,256,fresh,M2_quantile_transport_T020,0.390625,0.390625,0.109375,False
16qam-snr10-nominal-short,256,fresh,M4_gated_policy_T020,0.26171875,0.26171875,0.0703125,False
16qam-snr10-nominal-short,256,fresh,correct_pooled_sqrt_rms,0.2890625,0.2890625,0.0791015625,False
16qam-snr10-nominal-short,256,fresh,correct_per_pol_sqrt_rms,0.28125,0.28125,0.078125,False
16qam-snr10-nominal-short,256,fresh,gated_scalar_ablation,0.26171875,0.26171875,0.0703125,False
16qam-snr10-nominal-short,256,fresh,robust_scalar,0.26953125,0.26953125,0.07421875,False
16qam-snr10-nominal-short,257,fresh,baseline_cma_mu0p03,0.6640625,0.6640625,0.2255859375,False
16qam-snr10-nominal-short,257,fresh,blind_affine,0.6875,0.6875,0.2373046875,False
16qam-snr10-nominal-short,257,fresh,C11_legal_causal,0.67578125,0.67578125,0.2333984375,False
16qam-snr10-nominal-short,257,fresh,oracle_affine_bound_KILL_ONLY,0.62890625,0.62890625,0.197265625,False
16qam-snr10-nominal-short,257,fresh,M1_prefix_scalar_T020,0.6171875,0.6171875,0.2099609375,False
16qam-snr10-nominal-short,257,fresh,M2_quantile_transport_T020,0.609375,0.609375,0.1884765625,False
16qam-snr10-nominal-short,257,fresh,M4_gated_policy_T020,0.609375,0.609375,0.1884765625,False
16qam-snr10-nominal-short,257,fresh,correct_pooled_sqrt_rms,0.6171875,0.6171875,0.1904296875,False
16qam-snr10-nominal-short,257,fresh,correct_per_pol_sqrt_rms,0.60546875,0.60546875,0.185546875,False
16qam-snr10-nominal-short,257,fresh,gated_scalar_ablation,0.60546875,0.60546875,0.185546875,False
16qam-snr10-nominal-short,257,fresh,robust_scalar,0.62109375,0.62109375,0.189453125,False
16qam-snr10-nominal-short,258,fresh,baseline_cma_mu0p03,0.23046875,0.23046875,0.0615234375,False
16qam-snr10-nominal-short,258,fresh,blind_affine,0.26171875,0.26171875,0.068359375,False
16qam-snr10-nominal-short,258,fresh,C11_legal_causal,0.2421875,0.2421875,0.0654296875,False
16qam-snr10-nominal-short,258,fresh,oracle_affine_bound_KILL_ONLY,0.2578125,0.2578125,0.06640625,False
16qam-snr10-nominal-short,258,fresh,M1_prefix_scalar_T020,0.22265625,0.22265625,0.05859375,False
16qam-snr10-nominal-short,258,fresh,M2_quantile_transport_T020,0.25390625,0.25390625,0.06640625,False
16qam-snr10-nominal-short,258,fresh,M4_gated_policy_T020,0.23046875,0.23046875,0.0615234375,False
16qam-snr10-nominal-short,258,fresh,correct_pooled_sqrt_rms,0.23828125,0.23828125,0.0634765625,False
16qam-snr10-nominal-short,258,fresh,correct_per_pol_sqrt_rms,0.234375,0.234375,0.0625,False
16qam-snr10-nominal-short,258,fresh,gated_scalar_ablation,0.23046875,0.23046875,0.0615234375,False
16qam-snr10-nominal-short,258,fresh,robust_scalar,0.23828125,0.23828125,0.0634765625,False
16qam-snr10-nominal-short,259,fresh,baseline_cma_mu0p03,0.5703125,0.5703125,0.1669921875,False
16qam-snr10-nominal-short,259,fresh,blind_affine,0.57421875,0.57421875,0.169921875,False
16qam-snr10-nominal-short,259,fresh,C11_legal_causal,0.58203125,0.58203125,0.1708984375,False
16qam-snr10-nominal-short,259,fresh,oracle_affine_bound_KILL_ONLY,0.51953125,0.51953125,0.1474609375,False
16qam-snr10-nominal-short,259,fresh,M1_prefix_scalar_T020,0.51171875,0.51171875,0.150390625,False
16qam-snr10-nominal-short,259,fresh,M2_quantile_transport_T020,0.47265625,0.47265625,0.1328125,False
16qam-snr10-nominal-short,259,fresh,M4_gated_policy_T020,0.47265625,0.47265625,0.1328125,False
16qam-snr10-nominal-short,259,fresh,correct_pooled_sqrt_rms,0.45703125,0.45703125,0.1279296875,False
16qam-snr10-nominal-short,259,fresh,correct_per_pol_sqrt_rms,0.45703125,0.45703125,0.126953125,False
16qam-snr10-nominal-short,259,fresh,gated_scalar_ablation,0.45703125,0.45703125,0.126953125,False
16qam-snr10-nominal-short,259,fresh,robust_scalar,0.45703125,0.45703125,0.1279296875,False
16qam-snr10-nominal-short,260,fresh,baseline_cma_mu0p03,0.60546875,0.60546875,0.1845703125,False
16qam-snr10-nominal-short,260,fresh,blind_affine,0.625,0.625,0.1884765625,False
16qam-snr10-nominal-short,260,fresh,C11_legal_causal,0.609375,0.609375,0.1845703125,False
16qam-snr10-nominal-short,260,fresh,oracle_affine_bound_KILL_ONLY,0.5,0.5,0.1513671875,False
16qam-snr10-nominal-short,260,fresh,M1_prefix_scalar_T020,0.58984375,0.58984375,0.1875,False
16qam-snr10-nominal-short,260,fresh,M2_quantile_transport_T020,0.5,0.5,0.1484375,False
16qam-snr10-nominal-short,260,fresh,M4_gated_policy_T020,0.5,0.5,0.1484375,False
16qam-snr10-nominal-short,260,fresh,correct_pooled_sqrt_rms,0.4609375,0.4609375,0.1376953125,False
16qam-snr10-nominal-short,260,fresh,correct_per_pol_sqrt_rms,0.47265625,0.47265625,0.140625,False
16qam-snr10-nominal-short,260,fresh,gated_scalar_ablation,0.47265625,0.47265625,0.140625,False
16qam-snr10-nominal-short,260,fresh,robust_scalar,0.4765625,0.4765625,0.1396484375,False
16qam-snr15-nominal-short,201,old,baseline_cma_mu0p03,0.01171875,0.01171875,0.0029296875,False
16qam-snr15-nominal-short,201,old,blind_affine,0.0078125,0.0078125,0.001953125,False
16qam-snr15-nominal-short,201,old,C11_legal_causal,0.015625,0.015625,0.00390625,False
16qam-snr15-nominal-short,201,old,oracle_affine_bound_KILL_ONLY,0.00390625,0.00390625,0.0009765625,False
16qam-snr15-nominal-short,201,old,M1_prefix_scalar_T020,0.08984375,0.08984375,0.0234375,False
16qam-snr15-nominal-short,201,old,M2_quantile_transport_T020,0.08203125,0.08203125,0.0205078125,False
16qam-snr15-nominal-short,201,old,M4_gated_policy_T020,0.01171875,0.01171875,0.0029296875,False
16qam-snr15-nominal-short,201,old,correct_pooled_sqrt_rms,0.0078125,0.0078125,0.001953125,False
16qam-snr15-nominal-short,201,old,correct_per_pol_sqrt_rms,0.00390625,0.00390625,0.0009765625,False
16qam-snr15-nominal-short,201,old,gated_scalar_ablation,0.01171875,0.01171875,0.0029296875,False
16qam-snr15-nominal-short,201,old,robust_scalar,0.00390625,0.00390625,0.0009765625,False
16qam-snr15-nominal-short,202,old,baseline_cma_mu0p03,0.015625,0.015625,0.00390625,False
16qam-snr15-nominal-short,202,old,blind_affine,0.02734375,0.02734375,0.0068359375,False
16qam-snr15-nominal-short,202,old,C11_legal_causal,0.06640625,0.06640625,0.0166015625,False
16qam-snr15-nominal-short,202,old,oracle_affine_bound_KILL_ONLY,0.02734375,0.02734375,0.0068359375,False
16qam-snr15-nominal-short,202,old,M1_prefix_scalar_T020,0.12109375,0.12109375,0.0302734375,False
16qam-snr15-nominal-short,202,old,M2_quantile_transport_T020,0.1484375,0.1484375,0.037109375,False
16qam-snr15-nominal-short,202,old,M4_gated_policy_T020,0.015625,0.015625,0.00390625,False
16qam-snr15-nominal-short,202,old,correct_pooled_sqrt_rms,0.02734375,0.02734375,0.0068359375,False
16qam-snr15-nominal-short,202,old,correct_per_pol_sqrt_rms,0.02734375,0.02734375,0.0068359375,False
16qam-snr15-nominal-short,202,old,gated_scalar_ablation,0.015625,0.015625,0.00390625,False
16qam-snr15-nominal-short,202,old,robust_scalar,0.02734375,0.02734375,0.0068359375,False
16qam-snr15-nominal-short,203,old,baseline_cma_mu0p03,0.73828125,0.73828125,0.25,False
16qam-snr15-nominal-short,203,old,blind_affine,0.7578125,0.7578125,0.259765625,False
16qam-snr15-nominal-short,203,old,C11_legal_causal,0.75390625,0.75390625,0.25390625,False
16qam-snr15-nominal-short,203,old,oracle_affine_bound_KILL_ONLY,0.328125,0.328125,0.0869140625,False
16qam-snr15-nominal-short,203,old,M1_prefix_scalar_T020,0.5234375,0.5234375,0.154296875,False
16qam-snr15-nominal-short,203,old,M2_quantile_transport_T020,0.34375,0.34375,0.09375,False
16qam-snr15-nominal-short,203,old,M4_gated_policy_T020,0.34375,0.34375,0.09375,False
16qam-snr15-nominal-short,203,old,correct_pooled_sqrt_rms,0.30859375,0.30859375,0.08203125,False
16qam-snr15-nominal-short,203,old,correct_per_pol_sqrt_rms,0.30859375,0.30859375,0.08203125,False
16qam-snr15-nominal-short,203,old,gated_scalar_ablation,0.30859375,0.30859375,0.08203125,False
16qam-snr15-nominal-short,203,old,robust_scalar,0.2890625,0.2890625,0.076171875,False
16qam-snr15-nominal-short,204,old,baseline_cma_mu0p03,0.015625,0.015625,0.00390625,False
16qam-snr15-nominal-short,204,old,blind_affine,0.01171875,0.01171875,0.0029296875,False
16qam-snr15-nominal-short,204,old,C11_legal_causal,0.01171875,0.01171875,0.0029296875,False
16qam-snr15-nominal-short,204,old,oracle_affine_bound_KILL_ONLY,0.0078125,0.0078125,0.001953125,False
16qam-snr15-nominal-short,204,old,M1_prefix_scalar_T020,0.02734375,0.02734375,0.0068359375,False
16qam-snr15-nominal-short,204,old,M2_quantile_transport_T020,0.046875,0.046875,0.01171875,False
16qam-snr15-nominal-short,204,old,M4_gated_policy_T020,0.015625,0.015625,0.00390625,False
16qam-snr15-nominal-short,204,old,correct_pooled_sqrt_rms,0.00390625,0.00390625,0.0009765625,False
16qam-snr15-nominal-short,204,old,correct_per_pol_sqrt_rms,0.0078125,0.0078125,0.001953125,False
16qam-snr15-nominal-short,204,old,gated_scalar_ablation,0.015625,0.015625,0.00390625,False
16qam-snr15-nominal-short,204,old,robust_scalar,0.0078125,0.0078125,0.001953125,False
16qam-snr15-nominal-short,205,old,baseline_cma_mu0p03,0.0,0.0,0.0,False
16qam-snr15-nominal-short,205,old,blind_affine,0.0078125,0.0078125,0.001953125,False
16qam-snr15-nominal-short,205,old,C11_legal_causal,0.0,0.0,0.0,False
16qam-snr15-nominal-short,205,old,oracle_affine_bound_KILL_ONLY,0.0078125,0.0078125,0.001953125,False
16qam-snr15-nominal-short,205,old,M1_prefix_scalar_T020,0.05859375,0.05859375,0.0146484375,False
16qam-snr15-nominal-short,205,old,M2_quantile_transport_T020,0.046875,0.046875,0.01171875,False
16qam-snr15-nominal-short,205,old,M4_gated_policy_T020,0.0,0.0,0.0,False
16qam-snr15-nominal-short,205,old,correct_pooled_sqrt_rms,0.0078125,0.0078125,0.001953125,False
16qam-snr15-nominal-short,205,old,correct_per_pol_sqrt_rms,0.01171875,0.01171875,0.0029296875,False
16qam-snr15-nominal-short,205,old,gated_scalar_ablation,0.0,0.0,0.0,False
16qam-snr15-nominal-short,205,old,robust_scalar,0.0078125,0.0078125,0.001953125,False
16qam-snr15-nominal-short,206,old,baseline_cma_mu0p03,0.83203125,0.83203125,0.302734375,False
16qam-snr15-nominal-short,206,old,blind_affine,0.828125,0.828125,0.30078125,False
16qam-snr15-nominal-short,206,old,C11_legal_causal,0.83203125,0.83203125,0.302734375,False
16qam-snr15-nominal-short,206,old,oracle_affine_bound_KILL_ONLY,0.53125,0.53125,0.158203125,False
16qam-snr15-nominal-short,206,old,M1_prefix_scalar_T020,0.6328125,0.6328125,0.224609375,False
16qam-snr15-nominal-short,206,old,M2_quantile_transport_T020,0.5390625,0.5390625,0.15625,False
16qam-snr15-nominal-short,206,old,M4_gated_policy_T020,0.5390625,0.5390625,0.15625,False
16qam-snr15-nominal-short,206,old,correct_pooled_sqrt_rms,0.49609375,0.49609375,0.14453125,False
16qam-snr15-nominal-short,206,old,correct_per_pol_sqrt_rms,0.49609375,0.49609375,0.14453125,False
16qam-snr15-nominal-short,206,old,gated_scalar_ablation,0.49609375,0.49609375,0.14453125,False
16qam-snr15-nominal-short,206,old,robust_scalar,0.49609375,0.49609375,0.14453125,False
16qam-snr15-nominal-short,207,old,baseline_cma_mu0p03,0.01953125,0.01953125,0.0048828125,False
16qam-snr15-nominal-short,207,old,blind_affine,0.0078125,0.0078125,0.001953125,False
16qam-snr15-nominal-short,207,old,C11_legal_causal,0.04296875,0.04296875,0.0107421875,False
16qam-snr15-nominal-short,207,old,oracle_affine_bound_KILL_ONLY,0.0078125,0.0078125,0.001953125,False
16qam-snr15-nominal-short,207,old,M1_prefix_scalar_T020,0.0859375,0.0859375,0.021484375,False
16qam-snr15-nominal-short,207,old,M2_quantile_transport_T020,0.0859375,0.0859375,0.021484375,False
16qam-snr15-nominal-short,207,old,M4_gated_policy_T020,0.01953125,0.01953125,0.0048828125,False
16qam-snr15-nominal-short,207,old,correct_pooled_sqrt_rms,0.0078125,0.0078125,0.001953125,False
16qam-snr15-nominal-short,207,old,correct_per_pol_sqrt_rms,0.0078125,0.0078125,0.001953125,False
16qam-snr15-nominal-short,207,old,gated_scalar_ablation,0.01953125,0.01953125,0.0048828125,False
16qam-snr15-nominal-short,207,old,robust_scalar,0.0078125,0.0078125,0.001953125,False
16qam-snr15-nominal-short,208,old,baseline_cma_mu0p03,0.83203125,0.83203125,0.3212890625,False
16qam-snr15-nominal-short,208,old,blind_affine,0.828125,0.828125,0.318359375,False
16qam-snr15-nominal-short,208,old,C11_legal_causal,0.83203125,0.83203125,0.3193359375,False
16qam-snr15-nominal-short,208,old,oracle_affine_bound_KILL_ONLY,0.63671875,0.63671875,0.1962890625,False
16qam-snr15-nominal-short,208,old,M1_prefix_scalar_T020,0.6328125,0.6328125,0.2421875,False
16qam-snr15-nominal-short,208,old,M2_quantile_transport_T020,0.6484375,0.6484375,0.2021484375,False
16qam-snr15-nominal-short,208,old,M4_gated_policy_T020,0.6484375,0.6484375,0.2021484375,False
16qam-snr15-nominal-short,208,old,correct_pooled_sqrt_rms,0.6328125,0.6328125,0.1982421875,False
16qam-snr15-nominal-short,208,old,correct_per_pol_sqrt_rms,0.6328125,0.6328125,0.1982421875,False
16qam-snr15-nominal-short,208,old,gated_scalar_ablation,0.6328125,0.6328125,0.1982421875,False
16qam-snr15-nominal-short,208,old,robust_scalar,0.62109375,0.62109375,0.1962890625,False
16qam-snr15-nominal-short,209,old,baseline_cma_mu0p03,0.80859375,0.80859375,0.2822265625,False
16qam-snr15-nominal-short,209,old,blind_affine,0.828125,0.828125,0.287109375,False
16qam-snr15-nominal-short,209,old,C11_legal_causal,0.8046875,0.8046875,0.28125,False
16qam-snr15-nominal-short,209,old,oracle_affine_bound_KILL_ONLY,0.44921875,0.44921875,0.14453125,False
16qam-snr15-nominal-short,209,old,M1_prefix_scalar_T020,0.67578125,0.67578125,0.2236328125,False
16qam-snr15-nominal-short,209,old,M2_quantile_transport_T020,0.4375,0.4375,0.1416015625,False
16qam-snr15-nominal-short,209,old,M4_gated_policy_T020,0.4375,0.4375,0.1416015625,False
16qam-snr15-nominal-short,209,old,correct_pooled_sqrt_rms,0.43359375,0.43359375,0.1396484375,False
16qam-snr15-nominal-short,209,old,correct_per_pol_sqrt_rms,0.4375,0.4375,0.1396484375,False
16qam-snr15-nominal-short,209,old,gated_scalar_ablation,0.4375,0.4375,0.1396484375,False
16qam-snr15-nominal-short,209,old,robust_scalar,0.44921875,0.44921875,0.1416015625,False
16qam-snr15-nominal-short,210,old,baseline_cma_mu0p03,0.01171875,0.01171875,0.0029296875,False
16qam-snr15-nominal-short,210,old,blind_affine,0.015625,0.015625,0.00390625,False
16qam-snr15-nominal-short,210,old,C11_legal_causal,0.01171875,0.01171875,0.0029296875,False
16qam-snr15-nominal-short,210,old,oracle_affine_bound_KILL_ONLY,0.01953125,0.01953125,0.0048828125,False
16qam-snr15-nominal-short,210,old,M1_prefix_scalar_T020,0.015625,0.015625,0.00390625,False
16qam-snr15-nominal-short,210,old,M2_quantile_transport_T020,0.0546875,0.0546875,0.013671875,False
16qam-snr15-nominal-short,210,old,M4_gated_policy_T020,0.01171875,0.01171875,0.0029296875,False
16qam-snr15-nominal-short,210,old,correct_pooled_sqrt_rms,0.015625,0.015625,0.00390625,False
16qam-snr15-nominal-short,210,old,correct_per_pol_sqrt_rms,0.01953125,0.01953125,0.0048828125,False
16qam-snr15-nominal-short,210,old,gated_scalar_ablation,0.01171875,0.01171875,0.0029296875,False
16qam-snr15-nominal-short,210,old,robust_scalar,0.01953125,0.01953125,0.0048828125,False
16qam-snr15-nominal-short,211,old,baseline_cma_mu0p03,0.03125,0.03125,0.0078125,False
16qam-snr15-nominal-short,211,old,blind_affine,0.03125,0.03125,0.0078125,False
16qam-snr15-nominal-short,211,old,C11_legal_causal,0.03125,0.03125,0.0078125,False
16qam-snr15-nominal-short,211,old,oracle_affine_bound_KILL_ONLY,0.01953125,0.01953125,0.0048828125,False
16qam-snr15-nominal-short,211,old,M1_prefix_scalar_T020,0.05078125,0.05078125,0.0126953125,False
16qam-snr15-nominal-short,211,old,M2_quantile_transport_T020,0.0546875,0.0546875,0.013671875,False
16qam-snr15-nominal-short,211,old,M4_gated_policy_T020,0.03125,0.03125,0.0078125,False
16qam-snr15-nominal-short,211,old,correct_pooled_sqrt_rms,0.02734375,0.02734375,0.0068359375,False
16qam-snr15-nominal-short,211,old,correct_per_pol_sqrt_rms,0.0234375,0.0234375,0.005859375,False
16qam-snr15-nominal-short,211,old,gated_scalar_ablation,0.03125,0.03125,0.0078125,False
16qam-snr15-nominal-short,211,old,robust_scalar,0.02734375,0.02734375,0.0068359375,False
16qam-snr15-nominal-short,212,old,baseline_cma_mu0p03,0.3046875,0.3046875,0.087890625,False
16qam-snr15-nominal-short,212,old,blind_affine,0.23046875,0.23046875,0.0634765625,False
16qam-snr15-nominal-short,212,old,C11_legal_causal,0.3203125,0.3203125,0.0927734375,False
16qam-snr15-nominal-short,212,old,oracle_affine_bound_KILL_ONLY,0.1328125,0.1328125,0.0380859375,False
16qam-snr15-nominal-short,212,old,M1_prefix_scalar_T020,0.30078125,0.30078125,0.083984375,False
16qam-snr15-nominal-short,212,old,M2_quantile_transport_T020,0.14453125,0.14453125,0.0400390625,False
16qam-snr15-nominal-short,212,old,M4_gated_policy_T020,0.14453125,0.14453125,0.0400390625,False
16qam-snr15-nominal-short,212,old,correct_pooled_sqrt_rms,0.1328125,0.1328125,0.03515625,False
16qam-snr15-nominal-short,212,old,correct_per_pol_sqrt_rms,0.125,0.125,0.0341796875,False
16qam-snr15-nominal-short,212,old,gated_scalar_ablation,0.125,0.125,0.0341796875,False
16qam-snr15-nominal-short,212,old,robust_scalar,0.13671875,0.13671875,0.0361328125,False
16qam-snr15-nominal-short,213,old,baseline_cma_mu0p03,0.06640625,0.06640625,0.0166015625,False
16qam-snr15-nominal-short,213,old,blind_affine,0.09765625,0.09765625,0.0244140625,False
16qam-snr15-nominal-short,213,old,C11_legal_causal,0.1171875,0.1171875,0.029296875,False
16qam-snr15-nominal-short,213,old,oracle_affine_bound_KILL_ONLY,0.109375,0.109375,0.02734375,False
16qam-snr15-nominal-short,213,old,M1_prefix_scalar_T020,0.12890625,0.12890625,0.0322265625,False
16qam-snr15-nominal-short,213,old,M2_quantile_transport_T020,0.109375,0.109375,0.02734375,False
16qam-snr15-nominal-short,213,old,M4_gated_policy_T020,0.06640625,0.06640625,0.0166015625,False
16qam-snr15-nominal-short,213,old,correct_pooled_sqrt_rms,0.08984375,0.08984375,0.0224609375,False
16qam-snr15-nominal-short,213,old,correct_per_pol_sqrt_rms,0.09375,0.09375,0.0234375,False
16qam-snr15-nominal-short,213,old,gated_scalar_ablation,0.06640625,0.06640625,0.0166015625,False
16qam-snr15-nominal-short,213,old,robust_scalar,0.08203125,0.08203125,0.0205078125,False
16qam-snr15-nominal-short,214,old,baseline_cma_mu0p03,0.00390625,0.00390625,0.0009765625,False
16qam-snr15-nominal-short,214,old,blind_affine,0.0078125,0.0078125,0.001953125,False
16qam-snr15-nominal-short,214,old,C11_legal_causal,0.0,0.0,0.0,False
16qam-snr15-nominal-short,214,old,oracle_affine_bound_KILL_ONLY,0.0078125,0.0078125,0.001953125,False
16qam-snr15-nominal-short,214,old,M1_prefix_scalar_T020,0.03125,0.03125,0.0078125,False
16qam-snr15-nominal-short,214,old,M2_quantile_transport_T020,0.046875,0.046875,0.01171875,False
16qam-snr15-nominal-short,214,old,M4_gated_policy_T020,0.00390625,0.00390625,0.0009765625,False
16qam-snr15-nominal-short,214,old,correct_pooled_sqrt_rms,0.00390625,0.00390625,0.0009765625,False
16qam-snr15-nominal-short,214,old,correct_per_pol_sqrt_rms,0.00390625,0.00390625,0.0009765625,False
16qam-snr15-nominal-short,214,old,gated_scalar_ablation,0.00390625,0.00390625,0.0009765625,False
16qam-snr15-nominal-short,214,old,robust_scalar,0.00390625,0.00390625,0.0009765625,False
16qam-snr15-nominal-short,215,old,baseline_cma_mu0p03,0.75390625,0.75390625,0.248046875,False
16qam-snr15-nominal-short,215,old,blind_affine,0.8046875,0.8046875,0.2685546875,False
16qam-snr15-nominal-short,215,old,C11_legal_causal,0.78515625,0.78515625,0.2568359375,False
16qam-snr15-nominal-short,215,old,oracle_affine_bound_KILL_ONLY,0.41015625,0.41015625,0.1103515625,False
16qam-snr15-nominal-short,215,old,M1_prefix_scalar_T020,0.54296875,0.54296875,0.1611328125,False
16qam-snr15-nominal-short,215,old,M2_quantile_transport_T020,0.39453125,0.39453125,0.1064453125,False
16qam-snr15-nominal-short,215,old,M4_gated_policy_T020,0.39453125,0.39453125,0.1064453125,False
16qam-snr15-nominal-short,215,old,correct_pooled_sqrt_rms,0.375,0.375,0.0986328125,False
16qam-snr15-nominal-short,215,old,correct_per_pol_sqrt_rms,0.37890625,0.37890625,0.099609375,False
16qam-snr15-nominal-short,215,old,gated_scalar_ablation,0.37890625,0.37890625,0.099609375,False
16qam-snr15-nominal-short,215,old,robust_scalar,0.375,0.375,0.09765625,False
16qam-snr15-nominal-short,216,old,baseline_cma_mu0p03,0.01953125,0.01953125,0.0048828125,False
16qam-snr15-nominal-short,216,old,blind_affine,0.0234375,0.0234375,0.005859375,False
16qam-snr15-nominal-short,216,old,C11_legal_causal,0.08203125,0.08203125,0.0205078125,False
16qam-snr15-nominal-short,216,old,oracle_affine_bound_KILL_ONLY,0.0390625,0.0390625,0.009765625,False
16qam-snr15-nominal-short,216,old,M1_prefix_scalar_T020,0.0703125,0.0703125,0.017578125,False
16qam-snr15-nominal-short,216,old,M2_quantile_transport_T020,0.078125,0.078125,0.01953125,False
16qam-snr15-nominal-short,216,old,M4_gated_policy_T020,0.01953125,0.01953125,0.0048828125,False
16qam-snr15-nominal-short,216,old,correct_pooled_sqrt_rms,0.015625,0.015625,0.00390625,False
16qam-snr15-nominal-short,216,old,correct_per_pol_sqrt_rms,0.015625,0.015625,0.00390625,False
16qam-snr15-nominal-short,216,old,gated_scalar_ablation,0.01953125,0.01953125,0.0048828125,False
16qam-snr15-nominal-short,216,old,robust_scalar,0.01953125,0.01953125,0.0048828125,False
16qam-snr15-nominal-short,217,old,baseline_cma_mu0p03,0.0546875,0.0546875,0.013671875,False
16qam-snr15-nominal-short,217,old,blind_affine,0.046875,0.046875,0.01171875,False
16qam-snr15-nominal-short,217,old,C11_legal_causal,0.05859375,0.05859375,0.0146484375,False
16qam-snr15-nominal-short,217,old,oracle_affine_bound_KILL_ONLY,0.046875,0.046875,0.01171875,False
16qam-snr15-nominal-short,217,old,M1_prefix_scalar_T020,0.09375,0.09375,0.0234375,False
16qam-snr15-nominal-short,217,old,M2_quantile_transport_T020,0.07421875,0.07421875,0.0185546875,False
16qam-snr15-nominal-short,217,old,M4_gated_policy_T020,0.0546875,0.0546875,0.013671875,False
16qam-snr15-nominal-short,217,old,correct_pooled_sqrt_rms,0.05078125,0.05078125,0.0126953125,False
16qam-snr15-nominal-short,217,old,correct_per_pol_sqrt_rms,0.05078125,0.05078125,0.0126953125,False
16qam-snr15-nominal-short,217,old,gated_scalar_ablation,0.0546875,0.0546875,0.013671875,False
16qam-snr15-nominal-short,217,old,robust_scalar,0.05078125,0.05078125,0.0126953125,False
16qam-snr15-nominal-short,218,old,baseline_cma_mu0p03,0.77734375,0.77734375,0.26953125,False
16qam-snr15-nominal-short,218,old,blind_affine,0.796875,0.796875,0.275390625,False
16qam-snr15-nominal-short,218,old,C11_legal_causal,0.78125,0.78125,0.2705078125,False
16qam-snr15-nominal-short,218,old,oracle_affine_bound_KILL_ONLY,0.37890625,0.37890625,0.115234375,False
16qam-snr15-nominal-short,218,old,M1_prefix_scalar_T020,0.6015625,0.6015625,0.1962890625,False
16qam-snr15-nominal-short,218,old,M2_quantile_transport_T020,0.36328125,0.36328125,0.107421875,False
16qam-snr15-nominal-short,218,old,M4_gated_policy_T020,0.36328125,0.36328125,0.107421875,False
16qam-snr15-nominal-short,218,old,correct_pooled_sqrt_rms,0.37109375,0.37109375,0.111328125,False
16qam-snr15-nominal-short,218,old,correct_per_pol_sqrt_rms,0.375,0.375,0.1123046875,False
16qam-snr15-nominal-short,218,old,gated_scalar_ablation,0.375,0.375,0.1123046875,False
16qam-snr15-nominal-short,218,old,robust_scalar,0.375,0.375,0.1103515625,False
16qam-snr15-nominal-short,219,old,baseline_cma_mu0p03,0.1640625,0.1640625,0.044921875,False
16qam-snr15-nominal-short,219,old,blind_affine,0.109375,0.109375,0.0302734375,False
16qam-snr15-nominal-short,219,old,C11_legal_causal,0.171875,0.171875,0.0478515625,False
16qam-snr15-nominal-short,219,old,oracle_affine_bound_KILL_ONLY,0.0859375,0.0859375,0.0224609375,False
16qam-snr15-nominal-short,219,old,M1_prefix_scalar_T020,0.12890625,0.12890625,0.033203125,False
16qam-snr15-nominal-short,219,old,M2_quantile_transport_T020,0.11328125,0.11328125,0.0302734375,False
16qam-snr15-nominal-short,219,old,M4_gated_policy_T020,0.1640625,0.1640625,0.044921875,False
16qam-snr15-nominal-short,219,old,correct_pooled_sqrt_rms,0.08203125,0.08203125,0.021484375,False
16qam-snr15-nominal-short,219,old,correct_per_pol_sqrt_rms,0.0859375,0.0859375,0.0224609375,False
16qam-snr15-nominal-short,219,old,gated_scalar_ablation,0.1640625,0.1640625,0.044921875,False
16qam-snr15-nominal-short,219,old,robust_scalar,0.08203125,0.08203125,0.021484375,False
16qam-snr15-nominal-short,220,old,baseline_cma_mu0p03,0.00390625,0.00390625,0.0009765625,False
16qam-snr15-nominal-short,220,old,blind_affine,0.00390625,0.00390625,0.0009765625,False
16qam-snr15-nominal-short,220,old,C11_legal_causal,0.00390625,0.00390625,0.0009765625,False
16qam-snr15-nominal-short,220,old,oracle_affine_bound_KILL_ONLY,0.00390625,0.00390625,0.0009765625,False
16qam-snr15-nominal-short,220,old,M1_prefix_scalar_T020,0.00390625,0.00390625,0.0009765625,False
16qam-snr15-nominal-short,220,old,M2_quantile_transport_T020,0.015625,0.015625,0.00390625,False
16qam-snr15-nominal-short,220,old,M4_gated_policy_T020,0.00390625,0.00390625,0.0009765625,False
16qam-snr15-nominal-short,220,old,correct_pooled_sqrt_rms,0.0,0.0,0.0,False
16qam-snr15-nominal-short,220,old,correct_per_pol_sqrt_rms,0.0,0.0,0.0,False
16qam-snr15-nominal-short,220,old,gated_scalar_ablation,0.00390625,0.00390625,0.0009765625,False
16qam-snr15-nominal-short,220,old,robust_scalar,0.00390625,0.00390625,0.0009765625,False
16qam-snr15-nominal-short,241,fresh,baseline_cma_mu0p03,0.890625,0.890625,0.3857421875,False
16qam-snr15-nominal-short,241,fresh,blind_affine,0.87890625,0.87890625,0.3828125,False
16qam-snr15-nominal-short,241,fresh,C11_legal_causal,0.890625,0.890625,0.3857421875,False
16qam-snr15-nominal-short,241,fresh,oracle_affine_bound_KILL_ONLY,0.8671875,0.8671875,0.3525390625,False
16qam-snr15-nominal-short,241,fresh,M1_prefix_scalar_T020,0.80078125,0.80078125,0.36328125,False
16qam-snr15-nominal-short,241,fresh,M2_quantile_transport_T020,0.79296875,0.79296875,0.3193359375,False
16qam-snr15-nominal-short,241,fresh,M4_gated_policy_T020,0.79296875,0.79296875,0.3193359375,False
16qam-snr15-nominal-short,241,fresh,correct_pooled_sqrt_rms,0.79296875,0.79296875,0.3193359375,False
16qam-snr15-nominal-short,241,fresh,correct_per_pol_sqrt_rms,0.7890625,0.7890625,0.3203125,False
16qam-snr15-nominal-short,241,fresh,gated_scalar_ablation,0.7890625,0.7890625,0.3203125,False
16qam-snr15-nominal-short,241,fresh,robust_scalar,0.76953125,0.76953125,0.310546875,False
16qam-snr15-nominal-short,242,fresh,baseline_cma_mu0p03,0.0546875,0.0546875,0.0146484375,False
16qam-snr15-nominal-short,242,fresh,blind_affine,0.0546875,0.0546875,0.0146484375,False
16qam-snr15-nominal-short,242,fresh,C11_legal_causal,0.05078125,0.05078125,0.013671875,False
16qam-snr15-nominal-short,242,fresh,oracle_affine_bound_KILL_ONLY,0.0546875,0.0546875,0.0146484375,False
16qam-snr15-nominal-short,242,fresh,M1_prefix_scalar_T020,0.04296875,0.04296875,0.0107421875,False
16qam-snr15-nominal-short,242,fresh,M2_quantile_transport_T020,0.1171875,0.1171875,0.0302734375,False
16qam-snr15-nominal-short,242,fresh,M4_gated_policy_T020,0.0546875,0.0546875,0.0146484375,False
16qam-snr15-nominal-short,242,fresh,correct_pooled_sqrt_rms,0.05078125,0.05078125,0.013671875,False
16qam-snr15-nominal-short,242,fresh,correct_per_pol_sqrt_rms,0.05078125,0.05078125,0.0126953125,False
16qam-snr15-nominal-short,242,fresh,gated_scalar_ablation,0.0546875,0.0546875,0.0146484375,False
16qam-snr15-nominal-short,242,fresh,robust_scalar,0.0546875,0.0546875,0.0146484375,False
16qam-snr15-nominal-short,243,fresh,baseline_cma_mu0p03,0.1796875,0.1796875,0.0458984375,False
16qam-snr15-nominal-short,243,fresh,blind_affine,0.10546875,0.10546875,0.0263671875,False
16qam-snr15-nominal-short,243,fresh,C11_legal_causal,0.21484375,0.21484375,0.0556640625,False
16qam-snr15-nominal-short,243,fresh,oracle_affine_bound_KILL_ONLY,0.0625,0.0625,0.015625,False
16qam-snr15-nominal-short,243,fresh,M1_prefix_scalar_T020,0.15625,0.15625,0.041015625,False
16qam-snr15-nominal-short,243,fresh,M2_quantile_transport_T020,0.0859375,0.0859375,0.021484375,False
16qam-snr15-nominal-short,243,fresh,M4_gated_policy_T020,0.1796875,0.1796875,0.0458984375,False
16qam-snr15-nominal-short,243,fresh,correct_pooled_sqrt_rms,0.0625,0.0625,0.015625,False
16qam-snr15-nominal-short,243,fresh,correct_per_pol_sqrt_rms,0.0625,0.0625,0.015625,False
16qam-snr15-nominal-short,243,fresh,gated_scalar_ablation,0.1796875,0.1796875,0.0458984375,False
16qam-snr15-nominal-short,243,fresh,robust_scalar,0.06640625,0.06640625,0.0166015625,False
16qam-snr15-nominal-short,244,fresh,baseline_cma_mu0p03,0.37890625,0.37890625,0.1123046875,False
16qam-snr15-nominal-short,244,fresh,blind_affine,0.35546875,0.35546875,0.1025390625,False
16qam-snr15-nominal-short,244,fresh,C11_legal_causal,0.42578125,0.42578125,0.1259765625,False
16qam-snr15-nominal-short,244,fresh,oracle_affine_bound_KILL_ONLY,0.17578125,0.17578125,0.0458984375,False
16qam-snr15-nominal-short,244,fresh,M1_prefix_scalar_T020,0.359375,0.359375,0.1025390625,False
16qam-snr15-nominal-short,244,fresh,M2_quantile_transport_T020,0.16015625,0.16015625,0.041015625,False
16qam-snr15-nominal-short,244,fresh,M4_gated_policy_T020,0.16015625,0.16015625,0.041015625,False
16qam-snr15-nominal-short,244,fresh,correct_pooled_sqrt_rms,0.16015625,0.16015625,0.0400390625,False
16qam-snr15-nominal-short,244,fresh,correct_per_pol_sqrt_rms,0.16015625,0.16015625,0.0400390625,False
16qam-snr15-nominal-short,244,fresh,gated_scalar_ablation,0.16015625,0.16015625,0.0400390625,False
16qam-snr15-nominal-short,244,fresh,robust_scalar,0.1640625,0.1640625,0.041015625,False
16qam-snr15-nominal-short,245,fresh,baseline_cma_mu0p03,0.1015625,0.1015625,0.025390625,False
16qam-snr15-nominal-short,245,fresh,blind_affine,0.05859375,0.05859375,0.0146484375,False
16qam-snr15-nominal-short,245,fresh,C11_legal_causal,0.1015625,0.1015625,0.025390625,False
16qam-snr15-nominal-short,245,fresh,oracle_affine_bound_KILL_ONLY,0.05078125,0.05078125,0.0126953125,False
16qam-snr15-nominal-short,245,fresh,M1_prefix_scalar_T020,0.1328125,0.1328125,0.0341796875,False
16qam-snr15-nominal-short,245,fresh,M2_quantile_transport_T020,0.1015625,0.1015625,0.025390625,False
16qam-snr15-nominal-short,245,fresh,M4_gated_policy_T020,0.1015625,0.1015625,0.025390625,False
16qam-snr15-nominal-short,245,fresh,correct_pooled_sqrt_rms,0.0546875,0.0546875,0.013671875,False
16qam-snr15-nominal-short,245,fresh,correct_per_pol_sqrt_rms,0.05859375,0.05859375,0.0146484375,False
16qam-snr15-nominal-short,245,fresh,gated_scalar_ablation,0.1015625,0.1015625,0.025390625,False
16qam-snr15-nominal-short,245,fresh,robust_scalar,0.0546875,0.0546875,0.013671875,False
16qam-snr15-nominal-short,246,fresh,baseline_cma_mu0p03,0.65625,0.65625,0.205078125,False
16qam-snr15-nominal-short,246,fresh,blind_affine,0.703125,0.703125,0.2265625,False
16qam-snr15-nominal-short,246,fresh,C11_legal_causal,0.67578125,0.67578125,0.2177734375,False
16qam-snr15-nominal-short,246,fresh,oracle_affine_bound_KILL_ONLY,0.26171875,0.26171875,0.0712890625,False
16qam-snr15-nominal-short,246,fresh,M1_prefix_scalar_T020,0.46875,0.46875,0.1376953125,False
16qam-snr15-nominal-short,246,fresh,M2_quantile_transport_T020,0.28125,0.28125,0.0771484375,False
16qam-snr15-nominal-short,246,fresh,M4_gated_policy_T020,0.28125,0.28125,0.0771484375,False
16qam-snr15-nominal-short,246,fresh,correct_pooled_sqrt_rms,0.22265625,0.22265625,0.05859375,False
16qam-snr15-nominal-short,246,fresh,correct_per_pol_sqrt_rms,0.234375,0.234375,0.0615234375,False
16qam-snr15-nominal-short,246,fresh,gated_scalar_ablation,0.234375,0.234375,0.0615234375,False
16qam-snr15-nominal-short,246,fresh,robust_scalar,0.2265625,0.2265625,0.0595703125,False
16qam-snr15-nominal-short,247,fresh,baseline_cma_mu0p03,0.109375,0.109375,0.029296875,False
16qam-snr15-nominal-short,247,fresh,blind_affine,0.06640625,0.06640625,0.017578125,False
16qam-snr15-nominal-short,247,fresh,C11_legal_causal,0.140625,0.140625,0.037109375,False
16qam-snr15-nominal-short,247,fresh,oracle_affine_bound_KILL_ONLY,0.06640625,0.06640625,0.0166015625,False
16qam-snr15-nominal-short,247,fresh,M1_prefix_scalar_T020,0.19921875,0.19921875,0.0546875,False
16qam-snr15-nominal-short,247,fresh,M2_quantile_transport_T020,0.07421875,0.07421875,0.0185546875,False
16qam-snr15-nominal-short,247,fresh,M4_gated_policy_T020,0.109375,0.109375,0.029296875,False
16qam-snr15-nominal-short,247,fresh,correct_pooled_sqrt_rms,0.06640625,0.06640625,0.0166015625,False
16qam-snr15-nominal-short,247,fresh,correct_per_pol_sqrt_rms,0.06640625,0.06640625,0.0166015625,False
16qam-snr15-nominal-short,247,fresh,gated_scalar_ablation,0.109375,0.109375,0.029296875,False
16qam-snr15-nominal-short,247,fresh,robust_scalar,0.06640625,0.06640625,0.017578125,False
16qam-snr15-nominal-short,248,fresh,baseline_cma_mu0p03,0.7109375,0.7109375,0.232421875,False
16qam-snr15-nominal-short,248,fresh,blind_affine,0.7578125,0.7578125,0.26171875,False
16qam-snr15-nominal-short,248,fresh,C11_legal_causal,0.71484375,0.71484375,0.2412109375,False
16qam-snr15-nominal-short,248,fresh,oracle_affine_bound_KILL_ONLY,0.31640625,0.31640625,0.0908203125,False
16qam-snr15-nominal-short,248,fresh,M1_prefix_scalar_T020,0.453125,0.453125,0.1357421875,False
16qam-snr15-nominal-short,248,fresh,M2_quantile_transport_T020,0.35546875,0.35546875,0.09765625,False
16qam-snr15-nominal-short,248,fresh,M4_gated_policy_T020,0.35546875,0.35546875,0.09765625,False
16qam-snr15-nominal-short,248,fresh,correct_pooled_sqrt_rms,0.29296875,0.29296875,0.08203125,False
16qam-snr15-nominal-short,248,fresh,correct_per_pol_sqrt_rms,0.2890625,0.2890625,0.0810546875,False
16qam-snr15-nominal-short,248,fresh,gated_scalar_ablation,0.2890625,0.2890625,0.0810546875,False
16qam-snr15-nominal-short,248,fresh,robust_scalar,0.29296875,0.29296875,0.08203125,False
16qam-snr15-nominal-short,249,fresh,baseline_cma_mu0p03,0.8515625,0.8515625,0.3125,False
16qam-snr15-nominal-short,249,fresh,blind_affine,0.84765625,0.84765625,0.3115234375,False
16qam-snr15-nominal-short,249,fresh,C11_legal_causal,0.8515625,0.8515625,0.3125,False
16qam-snr15-nominal-short,249,fresh,oracle_affine_bound_KILL_ONLY,0.5,0.5,0.1533203125,False
16qam-snr15-nominal-short,249,fresh,M1_prefix_scalar_T020,0.58984375,0.58984375,0.1962890625,False
16qam-snr15-nominal-short,249,fresh,M2_quantile_transport_T020,0.48046875,0.48046875,0.1455078125,False
16qam-snr15-nominal-short,249,fresh,M4_gated_policy_T020,0.48046875,0.48046875,0.1455078125,False
16qam-snr15-nominal-short,249,fresh,correct_pooled_sqrt_rms,0.46484375,0.46484375,0.138671875,False
16qam-snr15-nominal-short,249,fresh,correct_per_pol_sqrt_rms,0.4609375,0.4609375,0.138671875,False
16qam-snr15-nominal-short,249,fresh,gated_scalar_ablation,0.4609375,0.4609375,0.138671875,False
16qam-snr15-nominal-short,249,fresh,robust_scalar,0.44921875,0.44921875,0.1337890625,False
16qam-snr15-nominal-short,250,fresh,baseline_cma_mu0p03,0.796875,0.796875,0.263671875,False
16qam-snr15-nominal-short,250,fresh,blind_affine,0.8203125,0.8203125,0.2822265625,False
16qam-snr15-nominal-short,250,fresh,C11_legal_causal,0.80078125,0.80078125,0.26953125,False
16qam-snr15-nominal-short,250,fresh,oracle_affine_bound_KILL_ONLY,0.32421875,0.32421875,0.091796875,False
16qam-snr15-nominal-short,250,fresh,M1_prefix_scalar_T020,0.55078125,0.55078125,0.166015625,False
16qam-snr15-nominal-short,250,fresh,M2_quantile_transport_T020,0.31640625,0.31640625,0.0908203125,False
16qam-snr15-nominal-short,250,fresh,M4_gated_policy_T020,0.31640625,0.31640625,0.0908203125,False
16qam-snr15-nominal-short,250,fresh,correct_pooled_sqrt_rms,0.32421875,0.32421875,0.091796875,False
16qam-snr15-nominal-short,250,fresh,correct_per_pol_sqrt_rms,0.3125,0.3125,0.0888671875,False
16qam-snr15-nominal-short,250,fresh,gated_scalar_ablation,0.3125,0.3125,0.0888671875,False
16qam-snr15-nominal-short,250,fresh,robust_scalar,0.328125,0.328125,0.0927734375,False
16qam-snr15-nominal-short,251,fresh,baseline_cma_mu0p03,0.09375,0.09375,0.0263671875,False
16qam-snr15-nominal-short,251,fresh,blind_affine,0.0625,0.0625,0.017578125,False
16qam-snr15-nominal-short,251,fresh,C11_legal_causal,0.09375,0.09375,0.0263671875,False
16qam-snr15-nominal-short,251,fresh,oracle_affine_bound_KILL_ONLY,0.05859375,0.05859375,0.017578125,False
16qam-snr15-nominal-short,251,fresh,M1_prefix_scalar_T020,0.1015625,0.1015625,0.0263671875,False
16qam-snr15-nominal-short,251,fresh,M2_quantile_transport_T020,0.078125,0.078125,0.021484375,False
16qam-snr15-nominal-short,251,fresh,M4_gated_policy_T020,0.09375,0.09375,0.0263671875,False
16qam-snr15-nominal-short,251,fresh,correct_pooled_sqrt_rms,0.046875,0.046875,0.0146484375,False
16qam-snr15-nominal-short,251,fresh,correct_per_pol_sqrt_rms,0.05078125,0.05078125,0.015625,False
16qam-snr15-nominal-short,251,fresh,gated_scalar_ablation,0.09375,0.09375,0.0263671875,False
16qam-snr15-nominal-short,251,fresh,robust_scalar,0.05078125,0.05078125,0.0146484375,False
16qam-snr15-nominal-short,252,fresh,baseline_cma_mu0p03,0.02734375,0.02734375,0.0068359375,False
16qam-snr15-nominal-short,252,fresh,blind_affine,0.03125,0.03125,0.0078125,False
16qam-snr15-nominal-short,252,fresh,C11_legal_causal,0.0234375,0.0234375,0.005859375,False
16qam-snr15-nominal-short,252,fresh,oracle_affine_bound_KILL_ONLY,0.03515625,0.03515625,0.0087890625,False
16qam-snr15-nominal-short,252,fresh,M1_prefix_scalar_T020,0.078125,0.078125,0.01953125,False
16qam-snr15-nominal-short,252,fresh,M2_quantile_transport_T020,0.0390625,0.0390625,0.009765625,False
16qam-snr15-nominal-short,252,fresh,M4_gated_policy_T020,0.02734375,0.02734375,0.0068359375,False
16qam-snr15-nominal-short,252,fresh,correct_pooled_sqrt_rms,0.046875,0.046875,0.01171875,False
16qam-snr15-nominal-short,252,fresh,correct_per_pol_sqrt_rms,0.046875,0.046875,0.01171875,False
16qam-snr15-nominal-short,252,fresh,gated_scalar_ablation,0.02734375,0.02734375,0.0068359375,False
16qam-snr15-nominal-short,252,fresh,robust_scalar,0.04296875,0.04296875,0.0107421875,False
16qam-snr15-nominal-short,253,fresh,baseline_cma_mu0p03,0.0,0.0,0.0,False
16qam-snr15-nominal-short,253,fresh,blind_affine,0.0078125,0.0078125,0.001953125,False
16qam-snr15-nominal-short,253,fresh,C11_legal_causal,0.01171875,0.01171875,0.0029296875,False
16qam-snr15-nominal-short,253,fresh,oracle_affine_bound_KILL_ONLY,0.0078125,0.0078125,0.001953125,False
16qam-snr15-nominal-short,253,fresh,M1_prefix_scalar_T020,0.10546875,0.10546875,0.02734375,False
16qam-snr15-nominal-short,253,fresh,M2_quantile_transport_T020,0.12890625,0.12890625,0.0322265625,False
16qam-snr15-nominal-short,253,fresh,M4_gated_policy_T020,0.0,0.0,0.0,False
16qam-snr15-nominal-short,253,fresh,correct_pooled_sqrt_rms,0.00390625,0.00390625,0.0009765625,False
16qam-snr15-nominal-short,253,fresh,correct_per_pol_sqrt_rms,0.0078125,0.0078125,0.001953125,False
16qam-snr15-nominal-short,253,fresh,gated_scalar_ablation,0.0,0.0,0.0,False
16qam-snr15-nominal-short,253,fresh,robust_scalar,0.0078125,0.0078125,0.001953125,False
16qam-snr15-nominal-short,254,fresh,baseline_cma_mu0p03,0.0234375,0.0234375,0.005859375,False
16qam-snr15-nominal-short,254,fresh,blind_affine,0.015625,0.015625,0.00390625,False
16qam-snr15-nominal-short,254,fresh,C11_legal_causal,0.0234375,0.0234375,0.005859375,False
16qam-snr15-nominal-short,254,fresh,oracle_affine_bound_KILL_ONLY,0.015625,0.015625,0.00390625,False
16qam-snr15-nominal-short,254,fresh,M1_prefix_scalar_T020,0.03125,0.03125,0.0078125,False
16qam-snr15-nominal-short,254,fresh,M2_quantile_transport_T020,0.0546875,0.0546875,0.0146484375,False
16qam-snr15-nominal-short,254,fresh,M4_gated_policy_T020,0.0234375,0.0234375,0.005859375,False
16qam-snr15-nominal-short,254,fresh,correct_pooled_sqrt_rms,0.0234375,0.0234375,0.005859375,False
16qam-snr15-nominal-short,254,fresh,correct_per_pol_sqrt_rms,0.02734375,0.02734375,0.0068359375,False
16qam-snr15-nominal-short,254,fresh,gated_scalar_ablation,0.0234375,0.0234375,0.005859375,False
16qam-snr15-nominal-short,254,fresh,robust_scalar,0.02734375,0.02734375,0.0068359375,False
16qam-snr15-nominal-short,255,fresh,baseline_cma_mu0p03,0.765625,0.765625,0.2607421875,False
16qam-snr15-nominal-short,255,fresh,blind_affine,0.78515625,0.78515625,0.2763671875,False
16qam-snr15-nominal-short,255,fresh,C11_legal_causal,0.76953125,0.76953125,0.2646484375,False
16qam-snr15-nominal-short,255,fresh,oracle_affine_bound_KILL_ONLY,0.31640625,0.31640625,0.0888671875,False
16qam-snr15-nominal-short,255,fresh,M1_prefix_scalar_T020,0.51953125,0.51953125,0.1650390625,False
16qam-snr15-nominal-short,255,fresh,M2_quantile_transport_T020,0.31640625,0.31640625,0.0888671875,False
16qam-snr15-nominal-short,255,fresh,M4_gated_policy_T020,0.31640625,0.31640625,0.0888671875,False
16qam-snr15-nominal-short,255,fresh,correct_pooled_sqrt_rms,0.29296875,0.29296875,0.0810546875,False
16qam-snr15-nominal-short,255,fresh,correct_per_pol_sqrt_rms,0.296875,0.296875,0.0810546875,False
16qam-snr15-nominal-short,255,fresh,gated_scalar_ablation,0.296875,0.296875,0.0810546875,False
16qam-snr15-nominal-short,255,fresh,robust_scalar,0.27734375,0.27734375,0.076171875,False
16qam-snr15-nominal-short,256,fresh,baseline_cma_mu0p03,0.18359375,0.18359375,0.0498046875,False
16qam-snr15-nominal-short,256,fresh,blind_affine,0.21484375,0.21484375,0.05859375,False
16qam-snr15-nominal-short,256,fresh,C11_legal_causal,0.19140625,0.19140625,0.0546875,False
16qam-snr15-nominal-short,256,fresh,oracle_affine_bound_KILL_ONLY,0.23828125,0.23828125,0.0654296875,False
16qam-snr15-nominal-short,256,fresh,M1_prefix_scalar_T020,0.23828125,0.23828125,0.0654296875,False
16qam-snr15-nominal-short,256,fresh,M2_quantile_transport_T020,0.265625,0.265625,0.076171875,False
16qam-snr15-nominal-short,256,fresh,M4_gated_policy_T020,0.18359375,0.18359375,0.0498046875,False
16qam-snr15-nominal-short,256,fresh,correct_pooled_sqrt_rms,0.1953125,0.1953125,0.0537109375,False
16qam-snr15-nominal-short,256,fresh,correct_per_pol_sqrt_rms,0.19921875,0.19921875,0.0546875,False
16qam-snr15-nominal-short,256,fresh,gated_scalar_ablation,0.18359375,0.18359375,0.0498046875,False
16qam-snr15-nominal-short,256,fresh,robust_scalar,0.1796875,0.1796875,0.048828125,False
16qam-snr15-nominal-short,257,fresh,baseline_cma_mu0p03,0.671875,0.671875,0.2265625,False
16qam-snr15-nominal-short,257,fresh,blind_affine,0.73046875,0.73046875,0.2509765625,False
16qam-snr15-nominal-short,257,fresh,C11_legal_causal,0.6875,0.6875,0.23046875,False
16qam-snr15-nominal-short,257,fresh,oracle_affine_bound_KILL_ONLY,0.32421875,0.32421875,0.091796875,False
16qam-snr15-nominal-short,257,fresh,M1_prefix_scalar_T020,0.46484375,0.46484375,0.140625,False
16qam-snr15-nominal-short,257,fresh,M2_quantile_transport_T020,0.3046875,0.3046875,0.083984375,False
16qam-snr15-nominal-short,257,fresh,M4_gated_policy_T020,0.3046875,0.3046875,0.083984375,False
16qam-snr15-nominal-short,257,fresh,correct_pooled_sqrt_rms,0.29296875,0.29296875,0.0830078125,False
16qam-snr15-nominal-short,257,fresh,correct_per_pol_sqrt_rms,0.2890625,0.2890625,0.08203125,False
16qam-snr15-nominal-short,257,fresh,gated_scalar_ablation,0.2890625,0.2890625,0.08203125,False
16qam-snr15-nominal-short,257,fresh,robust_scalar,0.2890625,0.2890625,0.08203125,False
16qam-snr15-nominal-short,258,fresh,baseline_cma_mu0p03,0.0234375,0.0234375,0.005859375,False
16qam-snr15-nominal-short,258,fresh,blind_affine,0.0234375,0.0234375,0.005859375,False
16qam-snr15-nominal-short,258,fresh,C11_legal_causal,0.01953125,0.01953125,0.0048828125,False
16qam-snr15-nominal-short,258,fresh,oracle_affine_bound_KILL_ONLY,0.0234375,0.0234375,0.005859375,False
16qam-snr15-nominal-short,258,fresh,M1_prefix_scalar_T020,0.0234375,0.0234375,0.005859375,False
16qam-snr15-nominal-short,258,fresh,M2_quantile_transport_T020,0.06640625,0.06640625,0.0166015625,False
16qam-snr15-nominal-short,258,fresh,M4_gated_policy_T020,0.0234375,0.0234375,0.005859375,False
16qam-snr15-nominal-short,258,fresh,correct_pooled_sqrt_rms,0.0234375,0.0234375,0.005859375,False
16qam-snr15-nominal-short,258,fresh,correct_per_pol_sqrt_rms,0.015625,0.015625,0.00390625,False
16qam-snr15-nominal-short,258,fresh,gated_scalar_ablation,0.0234375,0.0234375,0.005859375,False
16qam-snr15-nominal-short,258,fresh,robust_scalar,0.0234375,0.0234375,0.005859375,False
16qam-snr15-nominal-short,259,fresh,baseline_cma_mu0p03,0.40625,0.40625,0.115234375,False
16qam-snr15-nominal-short,259,fresh,blind_affine,0.34375,0.34375,0.0947265625,False
16qam-snr15-nominal-short,259,fresh,C11_legal_causal,0.4296875,0.4296875,0.1220703125,False
16qam-snr15-nominal-short,259,fresh,oracle_affine_bound_KILL_ONLY,0.1171875,0.1171875,0.03125,False
16qam-snr15-nominal-short,259,fresh,M1_prefix_scalar_T020,0.26171875,0.26171875,0.0712890625,False
16qam-snr15-nominal-short,259,fresh,M2_quantile_transport_T020,0.171875,0.171875,0.046875,False
16qam-snr15-nominal-short,259,fresh,M4_gated_policy_T020,0.171875,0.171875,0.046875,False
16qam-snr15-nominal-short,259,fresh,correct_pooled_sqrt_rms,0.1328125,0.1328125,0.0361328125,False
16qam-snr15-nominal-short,259,fresh,correct_per_pol_sqrt_rms,0.125,0.125,0.0341796875,False
16qam-snr15-nominal-short,259,fresh,gated_scalar_ablation,0.125,0.125,0.0341796875,False
16qam-snr15-nominal-short,259,fresh,robust_scalar,0.125,0.125,0.0341796875,False
16qam-snr15-nominal-short,260,fresh,baseline_cma_mu0p03,0.5625,0.5625,0.169921875,False
16qam-snr15-nominal-short,260,fresh,blind_affine,0.6015625,0.6015625,0.1787109375,False
16qam-snr15-nominal-short,260,fresh,C11_legal_causal,0.58984375,0.58984375,0.177734375,False
16qam-snr15-nominal-short,260,fresh,oracle_affine_bound_KILL_ONLY,0.2265625,0.2265625,0.0625,False
16qam-snr15-nominal-short,260,fresh,M1_prefix_scalar_T020,0.47265625,0.47265625,0.130859375,False
16qam-snr15-nominal-short,260,fresh,M2_quantile_transport_T020,0.23828125,0.23828125,0.0634765625,False
16qam-snr15-nominal-short,260,fresh,M4_gated_policy_T020,0.23828125,0.23828125,0.0634765625,False
16qam-snr15-nominal-short,260,fresh,correct_pooled_sqrt_rms,0.21875,0.21875,0.0556640625,False
16qam-snr15-nominal-short,260,fresh,correct_per_pol_sqrt_rms,0.21484375,0.21484375,0.0537109375,False
16qam-snr15-nominal-short,260,fresh,gated_scalar_ablation,0.21484375,0.21484375,0.0537109375,False
16qam-snr15-nominal-short,260,fresh,robust_scalar,0.21484375,0.21484375,0.0537109375,False
16qam-snr25-nominal-short,201,old,baseline_cma_mu0p03,0.0,0.0,0.0,False
16qam-snr25-nominal-short,201,old,blind_affine,0.0,0.0,0.0,False
16qam-snr25-nominal-short,201,old,C11_legal_causal,0.0,0.0,0.0,False
16qam-snr25-nominal-short,201,old,oracle_affine_bound_KILL_ONLY,0.0,0.0,0.0,False
16qam-snr25-nominal-short,201,old,M1_prefix_scalar_T020,0.0078125,0.0078125,0.001953125,False
16qam-snr25-nominal-short,201,old,M2_quantile_transport_T020,0.04296875,0.04296875,0.0107421875,False
16qam-snr25-nominal-short,201,old,M4_gated_policy_T020,0.0,0.0,0.0,False
16qam-snr25-nominal-short,201,old,correct_pooled_sqrt_rms,0.0,0.0,0.0,False
16qam-snr25-nominal-short,201,old,correct_per_pol_sqrt_rms,0.0,0.0,0.0,False
16qam-snr25-nominal-short,201,old,gated_scalar_ablation,0.0,0.0,0.0,False
16qam-snr25-nominal-short,201,old,robust_scalar,0.0,0.0,0.0,False
16qam-snr25-nominal-short,202,old,baseline_cma_mu0p03,0.0,0.0,0.0,False
16qam-snr25-nominal-short,202,old,blind_affine,0.0078125,0.0078125,0.001953125,False
16qam-snr25-nominal-short,202,old,C11_legal_causal,0.01171875,0.01171875,0.0029296875,False
16qam-snr25-nominal-short,202,old,oracle_affine_bound_KILL_ONLY,0.01171875,0.01171875,0.0029296875,False
16qam-snr25-nominal-short,202,old,M1_prefix_scalar_T020,0.09375,0.09375,0.0234375,False
16qam-snr25-nominal-short,202,old,M2_quantile_transport_T020,0.125,0.125,0.03125,False
16qam-snr25-nominal-short,202,old,M4_gated_policy_T020,0.0,0.0,0.0,False
16qam-snr25-nominal-short,202,old,correct_pooled_sqrt_rms,0.00390625,0.00390625,0.0009765625,False
16qam-snr25-nominal-short,202,old,correct_per_pol_sqrt_rms,0.00390625,0.00390625,0.0009765625,False
16qam-snr25-nominal-short,202,old,gated_scalar_ablation,0.0,0.0,0.0,False
16qam-snr25-nominal-short,202,old,robust_scalar,0.0078125,0.0078125,0.001953125,False
16qam-snr25-nominal-short,203,old,baseline_cma_mu0p03,0.71484375,0.71484375,0.2412109375,False
16qam-snr25-nominal-short,203,old,blind_affine,0.71484375,0.71484375,0.2412109375,False
16qam-snr25-nominal-short,203,old,C11_legal_causal,0.71484375,0.71484375,0.2412109375,False
16qam-snr25-nominal-short,203,old,oracle_affine_bound_KILL_ONLY,0.0,0.0,0.0,False
16qam-snr25-nominal-short,203,old,M1_prefix_scalar_T020,0.43359375,0.43359375,0.1240234375,False
16qam-snr25-nominal-short,203,old,M2_quantile_transport_T020,0.03125,0.03125,0.0078125,False
16qam-snr25-nominal-short,203,old,M4_gated_policy_T020,0.03125,0.03125,0.0078125,False
16qam-snr25-nominal-short,203,old,correct_pooled_sqrt_rms,0.0,0.0,0.0,False
16qam-snr25-nominal-short,203,old,correct_per_pol_sqrt_rms,0.0,0.0,0.0,False
16qam-snr25-nominal-short,203,old,gated_scalar_ablation,0.0,0.0,0.0,False
16qam-snr25-nominal-short,203,old,robust_scalar,0.0,0.0,0.0,False
16qam-snr25-nominal-short,204,old,baseline_cma_mu0p03,0.0,0.0,0.0,False
16qam-snr25-nominal-short,204,old,blind_affine,0.0,0.0,0.0,False
16qam-snr25-nominal-short,204,old,C11_legal_causal,0.0,0.0,0.0,False
16qam-snr25-nominal-short,204,old,oracle_affine_bound_KILL_ONLY,0.0,0.0,0.0,False
16qam-snr25-nominal-short,204,old,M1_prefix_scalar_T020,0.0,0.0,0.0,False
16qam-snr25-nominal-short,204,old,M2_quantile_transport_T020,0.00390625,0.00390625,0.0009765625,False
16qam-snr25-nominal-short,204,old,M4_gated_policy_T020,0.0,0.0,0.0,False
16qam-snr25-nominal-short,204,old,correct_pooled_sqrt_rms,0.0,0.0,0.0,False
16qam-snr25-nominal-short,204,old,correct_per_pol_sqrt_rms,0.0,0.0,0.0,False
16qam-snr25-nominal-short,204,old,gated_scalar_ablation,0.0,0.0,0.0,False
16qam-snr25-nominal-short,204,old,robust_scalar,0.0,0.0,0.0,False
16qam-snr25-nominal-short,205,old,baseline_cma_mu0p03,0.0,0.0,0.0,False
16qam-snr25-nominal-short,205,old,blind_affine,0.0,0.0,0.0,False
16qam-snr25-nominal-short,205,old,C11_legal_causal,0.0,0.0,0.0,False
16qam-snr25-nominal-short,205,old,oracle_affine_bound_KILL_ONLY,0.0,0.0,0.0,False
16qam-snr25-nominal-short,205,old,M1_prefix_scalar_T020,0.0,0.0,0.0,False
16qam-snr25-nominal-short,205,old,M2_quantile_transport_T020,0.0078125,0.0078125,0.001953125,False
16qam-snr25-nominal-short,205,old,M4_gated_policy_T020,0.0,0.0,0.0,False
16qam-snr25-nominal-short,205,old,correct_pooled_sqrt_rms,0.0,0.0,0.0,False
16qam-snr25-nominal-short,205,old,correct_per_pol_sqrt_rms,0.0,0.0,0.0,False
16qam-snr25-nominal-short,205,old,gated_scalar_ablation,0.0,0.0,0.0,False
16qam-snr25-nominal-short,205,old,robust_scalar,0.0,0.0,0.0,False
16qam-snr25-nominal-short,206,old,baseline_cma_mu0p03,0.7578125,0.7578125,0.255859375,False
16qam-snr25-nominal-short,206,old,blind_affine,0.7578125,0.7578125,0.2568359375,False
16qam-snr25-nominal-short,206,old,C11_legal_causal,0.7578125,0.7578125,0.255859375,False
16qam-snr25-nominal-short,206,old,oracle_affine_bound_KILL_ONLY,0.01171875,0.01171875,0.0029296875,False
16qam-snr25-nominal-short,206,old,M1_prefix_scalar_T020,0.65234375,0.65234375,0.20703125,False
16qam-snr25-nominal-short,206,old,M2_quantile_transport_T020,0.03125,0.03125,0.0078125,False
16qam-snr25-nominal-short,206,old,M4_gated_policy_T020,0.03125,0.03125,0.0078125,False
16qam-snr25-nominal-short,206,old,correct_pooled_sqrt_rms,0.01953125,0.01953125,0.0048828125,False
16qam-snr25-nominal-short,206,old,correct_per_pol_sqrt_rms,0.01953125,0.01953125,0.0048828125,False
16qam-snr25-nominal-short,206,old,gated_scalar_ablation,0.01953125,0.01953125,0.0048828125,False
16qam-snr25-nominal-short,206,old,robust_scalar,0.01953125,0.01953125,0.0048828125,False
16qam-snr25-nominal-short,207,old,baseline_cma_mu0p03,0.0,0.0,0.0,False
16qam-snr25-nominal-short,207,old,blind_affine,0.0,0.0,0.0,False
16qam-snr25-nominal-short,207,old,C11_legal_causal,0.0,0.0,0.0,False
16qam-snr25-nominal-short,207,old,oracle_affine_bound_KILL_ONLY,0.0,0.0,0.0,False
16qam-snr25-nominal-short,207,old,M1_prefix_scalar_T020,0.0,0.0,0.0,False
16qam-snr25-nominal-short,207,old,M2_quantile_transport_T020,0.03515625,0.03515625,0.0087890625,False
16qam-snr25-nominal-short,207,old,M4_gated_policy_T020,0.0,0.0,0.0,False
16qam-snr25-nominal-short,207,old,correct_pooled_sqrt_rms,0.0,0.0,0.0,False
16qam-snr25-nominal-short,207,old,correct_per_pol_sqrt_rms,0.0,0.0,0.0,False
16qam-snr25-nominal-short,207,old,gated_scalar_ablation,0.0,0.0,0.0,False
16qam-snr25-nominal-short,207,old,robust_scalar,0.0,0.0,0.0,False
16qam-snr25-nominal-short,208,old,baseline_cma_mu0p03,0.72265625,0.72265625,0.26171875,False
16qam-snr25-nominal-short,208,old,blind_affine,0.7265625,0.7265625,0.2626953125,False
16qam-snr25-nominal-short,208,old,C11_legal_causal,0.72265625,0.72265625,0.26171875,False
16qam-snr25-nominal-short,208,old,oracle_affine_bound_KILL_ONLY,0.03515625,0.03515625,0.0087890625,False
16qam-snr25-nominal-short,208,old,M1_prefix_scalar_T020,0.60546875,0.60546875,0.2080078125,False
16qam-snr25-nominal-short,208,old,M2_quantile_transport_T020,0.08203125,0.08203125,0.021484375,False
16qam-snr25-nominal-short,208,old,M4_gated_policy_T020,0.08203125,0.08203125,0.021484375,False
16qam-snr25-nominal-short,208,old,correct_pooled_sqrt_rms,0.0390625,0.0390625,0.009765625,False
16qam-snr25-nominal-short,208,old,correct_per_pol_sqrt_rms,0.03515625,0.03515625,0.0087890625,False
16qam-snr25-nominal-short,208,old,gated_scalar_ablation,0.03515625,0.03515625,0.0087890625,False
16qam-snr25-nominal-short,208,old,robust_scalar,0.0390625,0.0390625,0.009765625,False
16qam-snr25-nominal-short,209,old,baseline_cma_mu0p03,0.71875,0.71875,0.2373046875,False
16qam-snr25-nominal-short,209,old,blind_affine,0.71875,0.71875,0.2392578125,False
16qam-snr25-nominal-short,209,old,C11_legal_causal,0.71875,0.71875,0.2373046875,False
16qam-snr25-nominal-short,209,old,oracle_affine_bound_KILL_ONLY,0.00390625,0.00390625,0.0009765625,False
16qam-snr25-nominal-short,209,old,M1_prefix_scalar_T020,0.67578125,0.67578125,0.2158203125,False
16qam-snr25-nominal-short,209,old,M2_quantile_transport_T020,0.03125,0.03125,0.0078125,False
16qam-snr25-nominal-short,209,old,M4_gated_policy_T020,0.03125,0.03125,0.0078125,False
16qam-snr25-nominal-short,209,old,correct_pooled_sqrt_rms,0.0,0.0,0.0,False
16qam-snr25-nominal-short,209,old,correct_per_pol_sqrt_rms,0.0,0.0,0.0,False
16qam-snr25-nominal-short,209,old,gated_scalar_ablation,0.0,0.0,0.0,False
16qam-snr25-nominal-short,209,old,robust_scalar,0.0,0.0,0.0,False
16qam-snr25-nominal-short,210,old,baseline_cma_mu0p03,0.0,0.0,0.0,False
16qam-snr25-nominal-short,210,old,blind_affine,0.0,0.0,0.0,False
16qam-snr25-nominal-short,210,old,C11_legal_causal,0.0,0.0,0.0,False
16qam-snr25-nominal-short,210,old,oracle_affine_bound_KILL_ONLY,0.0,0.0,0.0,False
16qam-snr25-nominal-short,210,old,M1_prefix_scalar_T020,0.0,0.0,0.0,False
16qam-snr25-nominal-short,210,old,M2_quantile_transport_T020,0.0,0.0,0.0,False
16qam-snr25-nominal-short,210,old,M4_gated_policy_T020,0.0,0.0,0.0,False
16qam-snr25-nominal-short,210,old,correct_pooled_sqrt_rms,0.0,0.0,0.0,False
16qam-snr25-nominal-short,210,old,correct_per_pol_sqrt_rms,0.0,0.0,0.0,False
16qam-snr25-nominal-short,210,old,gated_scalar_ablation,0.0,0.0,0.0,False
16qam-snr25-nominal-short,210,old,robust_scalar,0.0,0.0,0.0,False
16qam-snr25-nominal-short,211,old,baseline_cma_mu0p03,0.0,0.0,0.0,False
16qam-snr25-nominal-short,211,old,blind_affine,0.0,0.0,0.0,False
16qam-snr25-nominal-short,211,old,C11_legal_causal,0.0,0.0,0.0,False
16qam-snr25-nominal-short,211,old,oracle_affine_bound_KILL_ONLY,0.0,0.0,0.0,False
16qam-snr25-nominal-short,211,old,M1_prefix_scalar_T020,0.0,0.0,0.0,False
16qam-snr25-nominal-short,211,old,M2_quantile_transport_T020,0.0,0.0,0.0,False
16qam-snr25-nominal-short,211,old,M4_gated_policy_T020,0.0,0.0,0.0,False
16qam-snr25-nominal-short,211,old,correct_pooled_sqrt_rms,0.0,0.0,0.0,False
16qam-snr25-nominal-short,211,old,correct_per_pol_sqrt_rms,0.0,0.0,0.0,False
16qam-snr25-nominal-short,211,old,gated_scalar_ablation,0.0,0.0,0.0,False
16qam-snr25-nominal-short,211,old,robust_scalar,0.0,0.0,0.0,False
16qam-snr25-nominal-short,212,old,baseline_cma_mu0p03,0.0859375,0.0859375,0.0234375,False
16qam-snr25-nominal-short,212,old,blind_affine,0.0,0.0,0.0,False
16qam-snr25-nominal-short,212,old,C11_legal_causal,0.12109375,0.12109375,0.033203125,False
16qam-snr25-nominal-short,212,old,oracle_affine_bound_KILL_ONLY,0.0,0.0,0.0,False
16qam-snr25-nominal-short,212,old,M1_prefix_scalar_T020,0.03515625,0.03515625,0.0087890625,False
16qam-snr25-nominal-short,212,old,M2_quantile_transport_T020,0.0078125,0.0078125,0.001953125,False
16qam-snr25-nominal-short,212,old,M4_gated_policy_T020,0.0078125,0.0078125,0.001953125,False
16qam-snr25-nominal-short,212,old,correct_pooled_sqrt_rms,0.0,0.0,0.0,False
16qam-snr25-nominal-short,212,old,correct_per_pol_sqrt_rms,0.0,0.0,0.0,False
16qam-snr25-nominal-short,212,old,gated_scalar_ablation,0.0,0.0,0.0,False
16qam-snr25-nominal-short,212,old,robust_scalar,0.0,0.0,0.0,False
16qam-snr25-nominal-short,213,old,baseline_cma_mu0p03,0.03515625,0.03515625,0.0087890625,False
16qam-snr25-nominal-short,213,old,blind_affine,0.03125,0.03125,0.0078125,False
16qam-snr25-nominal-short,213,old,C11_legal_causal,0.0625,0.0625,0.015625,False
16qam-snr25-nominal-short,213,old,oracle_affine_bound_KILL_ONLY,0.03515625,0.03515625,0.0087890625,False
16qam-snr25-nominal-short,213,old,M1_prefix_scalar_T020,0.078125,0.078125,0.01953125,False
16qam-snr25-nominal-short,213,old,M2_quantile_transport_T020,0.1015625,0.1015625,0.025390625,False
16qam-snr25-nominal-short,213,old,M4_gated_policy_T020,0.03515625,0.03515625,0.0087890625,False
16qam-snr25-nominal-short,213,old,correct_pooled_sqrt_rms,0.02734375,0.02734375,0.0068359375,False
16qam-snr25-nominal-short,213,old,correct_per_pol_sqrt_rms,0.02734375,0.02734375,0.0068359375,False
16qam-snr25-nominal-short,213,old,gated_scalar_ablation,0.03515625,0.03515625,0.0087890625,False
16qam-snr25-nominal-short,213,old,robust_scalar,0.0234375,0.0234375,0.005859375,False
16qam-snr25-nominal-short,214,old,baseline_cma_mu0p03,0.0,0.0,0.0,False
16qam-snr25-nominal-short,214,old,blind_affine,0.0,0.0,0.0,False
16qam-snr25-nominal-short,214,old,C11_legal_causal,0.0,0.0,0.0,False
16qam-snr25-nominal-short,214,old,oracle_affine_bound_KILL_ONLY,0.0,0.0,0.0,False
16qam-snr25-nominal-short,214,old,M1_prefix_scalar_T020,0.0,0.0,0.0,False
16qam-snr25-nominal-short,214,old,M2_quantile_transport_T020,0.0,0.0,0.0,False
16qam-snr25-nominal-short,214,old,M4_gated_policy_T020,0.0,0.0,0.0,False
16qam-snr25-nominal-short,214,old,correct_pooled_sqrt_rms,0.0,0.0,0.0,False
16qam-snr25-nominal-short,214,old,correct_per_pol_sqrt_rms,0.0,0.0,0.0,False
16qam-snr25-nominal-short,214,old,gated_scalar_ablation,0.0,0.0,0.0,False
16qam-snr25-nominal-short,214,old,robust_scalar,0.0,0.0,0.0,False
16qam-snr25-nominal-short,215,old,baseline_cma_mu0p03,0.75,0.75,0.244140625,False
16qam-snr25-nominal-short,215,old,blind_affine,0.75,0.75,0.244140625,False
16qam-snr25-nominal-short,215,old,C11_legal_causal,0.75,0.75,0.244140625,False
16qam-snr25-nominal-short,215,old,oracle_affine_bound_KILL_ONLY,0.0,0.0,0.0,False
16qam-snr25-nominal-short,215,old,M1_prefix_scalar_T020,0.52734375,0.52734375,0.154296875,False
16qam-snr25-nominal-short,215,old,M2_quantile_transport_T020,0.0234375,0.0234375,0.005859375,False
16qam-snr25-nominal-short,215,old,M4_gated_policy_T020,0.0234375,0.0234375,0.005859375,False
16qam-snr25-nominal-short,215,old,correct_pooled_sqrt_rms,0.0,0.0,0.0,False
16qam-snr25-nominal-short,215,old,correct_per_pol_sqrt_rms,0.0,0.0,0.0,False
16qam-snr25-nominal-short,215,old,gated_scalar_ablation,0.0,0.0,0.0,False
16qam-snr25-nominal-short,215,old,robust_scalar,0.0,0.0,0.0,False
16qam-snr25-nominal-short,216,old,baseline_cma_mu0p03,0.0,0.0,0.0,False
16qam-snr25-nominal-short,216,old,blind_affine,0.00390625,0.00390625,0.0009765625,False
16qam-snr25-nominal-short,216,old,C11_legal_causal,0.03125,0.03125,0.0078125,False
16qam-snr25-nominal-short,216,old,oracle_affine_bound_KILL_ONLY,0.00390625,0.00390625,0.0009765625,False
16qam-snr25-nominal-short,216,old,M1_prefix_scalar_T020,0.05078125,0.05078125,0.0126953125,False
16qam-snr25-nominal-short,216,old,M2_quantile_transport_T020,0.0625,0.0625,0.015625,False
16qam-snr25-nominal-short,216,old,M4_gated_policy_T020,0.0,0.0,0.0,False
16qam-snr25-nominal-short,216,old,correct_pooled_sqrt_rms,0.0,0.0,0.0,False
16qam-snr25-nominal-short,216,old,correct_per_pol_sqrt_rms,0.0,0.0,0.0,False
16qam-snr25-nominal-short,216,old,gated_scalar_ablation,0.0,0.0,0.0,False
16qam-snr25-nominal-short,216,old,robust_scalar,0.0,0.0,0.0,False
16qam-snr25-nominal-short,217,old,baseline_cma_mu0p03,0.0,0.0,0.0,False
16qam-snr25-nominal-short,217,old,blind_affine,0.0,0.0,0.0,False
16qam-snr25-nominal-short,217,old,C11_legal_causal,0.0,0.0,0.0,False
16qam-snr25-nominal-short,217,old,oracle_affine_bound_KILL_ONLY,0.0,0.0,0.0,False
16qam-snr25-nominal-short,217,old,M1_prefix_scalar_T020,0.0,0.0,0.0,False
16qam-snr25-nominal-short,217,old,M2_quantile_transport_T020,0.0,0.0,0.0,False
16qam-snr25-nominal-short,217,old,M4_gated_policy_T020,0.0,0.0,0.0,False
16qam-snr25-nominal-short,217,old,correct_pooled_sqrt_rms,0.0,0.0,0.0,False
16qam-snr25-nominal-short,217,old,correct_per_pol_sqrt_rms,0.0,0.0,0.0,False
16qam-snr25-nominal-short,217,old,gated_scalar_ablation,0.0,0.0,0.0,False
16qam-snr25-nominal-short,217,old,robust_scalar,0.0,0.0,0.0,False
16qam-snr25-nominal-short,218,old,baseline_cma_mu0p03,0.71875,0.71875,0.244140625,False
16qam-snr25-nominal-short,218,old,blind_affine,0.71875,0.71875,0.244140625,False
16qam-snr25-nominal-short,218,old,C11_legal_causal,0.71875,0.71875,0.244140625,False
16qam-snr25-nominal-short,218,old,oracle_affine_bound_KILL_ONLY,0.00390625,0.00390625,0.0009765625,False
16qam-snr25-nominal-short,218,old,M1_prefix_scalar_T020,0.58203125,0.58203125,0.1796875,False
16qam-snr25-nominal-short,218,old,M2_quantile_transport_T020,0.04296875,0.04296875,0.0107421875,False
16qam-snr25-nominal-short,218,old,M4_gated_policy_T020,0.04296875,0.04296875,0.0107421875,False
16qam-snr25-nominal-short,218,old,correct_pooled_sqrt_rms,0.0,0.0,0.0,False
16qam-snr25-nominal-short,218,old,correct_per_pol_sqrt_rms,0.00390625,0.00390625,0.0009765625,False
16qam-snr25-nominal-short,218,old,gated_scalar_ablation,0.00390625,0.00390625,0.0009765625,False
16qam-snr25-nominal-short,218,old,robust_scalar,0.0,0.0,0.0,False
16qam-snr25-nominal-short,219,old,baseline_cma_mu0p03,0.0,0.0,0.0,False
16qam-snr25-nominal-short,219,old,blind_affine,0.0,0.0,0.0,False
16qam-snr25-nominal-short,219,old,C11_legal_causal,0.0,0.0,0.0,False
16qam-snr25-nominal-short,219,old,oracle_affine_bound_KILL_ONLY,0.0,0.0,0.0,False
16qam-snr25-nominal-short,219,old,M1_prefix_scalar_T020,0.0,0.0,0.0,False
16qam-snr25-nominal-short,219,old,M2_quantile_transport_T020,0.0,0.0,0.0,False
16qam-snr25-nominal-short,219,old,M4_gated_policy_T020,0.0,0.0,0.0,False
16qam-snr25-nominal-short,219,old,correct_pooled_sqrt_rms,0.0,0.0,0.0,False
16qam-snr25-nominal-short,219,old,correct_per_pol_sqrt_rms,0.0,0.0,0.0,False
16qam-snr25-nominal-short,219,old,gated_scalar_ablation,0.0,0.0,0.0,False
16qam-snr25-nominal-short,219,old,robust_scalar,0.0,0.0,0.0,False
16qam-snr25-nominal-short,220,old,baseline_cma_mu0p03,0.0,0.0,0.0,False
16qam-snr25-nominal-short,220,old,blind_affine,0.0,0.0,0.0,False
16qam-snr25-nominal-short,220,old,C11_legal_causal,0.0,0.0,0.0,False
16qam-snr25-nominal-short,220,old,oracle_affine_bound_KILL_ONLY,0.0,0.0,0.0,False
16qam-snr25-nominal-short,220,old,M1_prefix_scalar_T020,0.0,0.0,0.0,False
16qam-snr25-nominal-short,220,old,M2_quantile_transport_T020,0.00390625,0.00390625,0.0009765625,False
16qam-snr25-nominal-short,220,old,M4_gated_policy_T020,0.0,0.0,0.0,False
16qam-snr25-nominal-short,220,old,correct_pooled_sqrt_rms,0.0,0.0,0.0,False
16qam-snr25-nominal-short,220,old,correct_per_pol_sqrt_rms,0.0,0.0,0.0,False
16qam-snr25-nominal-short,220,old,gated_scalar_ablation,0.0,0.0,0.0,False
16qam-snr25-nominal-short,220,old,robust_scalar,0.0,0.0,0.0,False
16qam-snr25-nominal-short,241,fresh,baseline_cma_mu0p03,0.8046875,0.8046875,0.27734375,False
16qam-snr25-nominal-short,241,fresh,blind_affine,0.8046875,0.8046875,0.279296875,False
16qam-snr25-nominal-short,241,fresh,C11_legal_causal,0.8046875,0.8046875,0.27734375,False
16qam-snr25-nominal-short,241,fresh,oracle_affine_bound_KILL_ONLY,0.3515625,0.3515625,0.0966796875,False
16qam-snr25-nominal-short,241,fresh,M1_prefix_scalar_T020,0.6796875,0.6796875,0.22265625,False
16qam-snr25-nominal-short,241,fresh,M2_quantile_transport_T020,0.3203125,0.3203125,0.0908203125,False
16qam-snr25-nominal-short,241,fresh,M4_gated_policy_T020,0.3203125,0.3203125,0.0908203125,False
16qam-snr25-nominal-short,241,fresh,correct_pooled_sqrt_rms,0.30078125,0.30078125,0.08203125,False
16qam-snr25-nominal-short,241,fresh,correct_per_pol_sqrt_rms,0.30859375,0.30859375,0.083984375,False
16qam-snr25-nominal-short,241,fresh,gated_scalar_ablation,0.30859375,0.30859375,0.083984375,False
16qam-snr25-nominal-short,241,fresh,robust_scalar,0.3046875,0.3046875,0.0830078125,False
16qam-snr25-nominal-short,242,fresh,baseline_cma_mu0p03,0.0,0.0,0.0,False
16qam-snr25-nominal-short,242,fresh,blind_affine,0.0,0.0,0.0,False
16qam-snr25-nominal-short,242,fresh,C11_legal_causal,0.0,0.0,0.0,False
16qam-snr25-nominal-short,242,fresh,oracle_affine_bound_KILL_ONLY,0.0,0.0,0.0,False
16qam-snr25-nominal-short,242,fresh,M1_prefix_scalar_T020,0.0,0.0,0.0,False
16qam-snr25-nominal-short,242,fresh,M2_quantile_transport_T020,0.00390625,0.00390625,0.0009765625,False
16qam-snr25-nominal-short,242,fresh,M4_gated_policy_T020,0.0,0.0,0.0,False
16qam-snr25-nominal-short,242,fresh,correct_pooled_sqrt_rms,0.0,0.0,0.0,False
16qam-snr25-nominal-short,242,fresh,correct_per_pol_sqrt_rms,0.0,0.0,0.0,False
16qam-snr25-nominal-short,242,fresh,gated_scalar_ablation,0.0,0.0,0.0,False
16qam-snr25-nominal-short,242,fresh,robust_scalar,0.0,0.0,0.0,False
16qam-snr25-nominal-short,243,fresh,baseline_cma_mu0p03,0.0078125,0.0078125,0.001953125,False
16qam-snr25-nominal-short,243,fresh,blind_affine,0.0,0.0,0.0,False
16qam-snr25-nominal-short,243,fresh,C11_legal_causal,0.0078125,0.0078125,0.001953125,False
16qam-snr25-nominal-short,243,fresh,oracle_affine_bound_KILL_ONLY,0.0,0.0,0.0,False
16qam-snr25-nominal-short,243,fresh,M1_prefix_scalar_T020,0.0,0.0,0.0,False
16qam-snr25-nominal-short,243,fresh,M2_quantile_transport_T020,0.01171875,0.01171875,0.0029296875,False
16qam-snr25-nominal-short,243,fresh,M4_gated_policy_T020,0.0078125,0.0078125,0.001953125,False
16qam-snr25-nominal-short,243,fresh,correct_pooled_sqrt_rms,0.0,0.0,0.0,False
16qam-snr25-nominal-short,243,fresh,correct_per_pol_sqrt_rms,0.0,0.0,0.0,False
16qam-snr25-nominal-short,243,fresh,gated_scalar_ablation,0.0078125,0.0078125,0.001953125,False
16qam-snr25-nominal-short,243,fresh,robust_scalar,0.0,0.0,0.0,False
16qam-snr25-nominal-short,244,fresh,baseline_cma_mu0p03,0.38671875,0.38671875,0.1123046875,False
16qam-snr25-nominal-short,244,fresh,blind_affine,0.3984375,0.3984375,0.1171875,False
16qam-snr25-nominal-short,244,fresh,C11_legal_causal,0.4921875,0.4921875,0.1494140625,False
16qam-snr25-nominal-short,244,fresh,oracle_affine_bound_KILL_ONLY,0.0,0.0,0.0,False
16qam-snr25-nominal-short,244,fresh,M1_prefix_scalar_T020,0.234375,0.234375,0.0634765625,False
16qam-snr25-nominal-short,244,fresh,M2_quantile_transport_T020,0.0,0.0,0.0,False
16qam-snr25-nominal-short,244,fresh,M4_gated_policy_T020,0.0,0.0,0.0,False
16qam-snr25-nominal-short,244,fresh,correct_pooled_sqrt_rms,0.0,0.0,0.0,False
16qam-snr25-nominal-short,244,fresh,correct_per_pol_sqrt_rms,0.0,0.0,0.0,False
16qam-snr25-nominal-short,244,fresh,gated_scalar_ablation,0.0,0.0,0.0,False
16qam-snr25-nominal-short,244,fresh,robust_scalar,0.0,0.0,0.0,False
16qam-snr25-nominal-short,245,fresh,baseline_cma_mu0p03,0.0,0.0,0.0,False
16qam-snr25-nominal-short,245,fresh,blind_affine,0.0,0.0,0.0,False
16qam-snr25-nominal-short,245,fresh,C11_legal_causal,0.0,0.0,0.0,False
16qam-snr25-nominal-short,245,fresh,oracle_affine_bound_KILL_ONLY,0.0,0.0,0.0,False
16qam-snr25-nominal-short,245,fresh,M1_prefix_scalar_T020,0.0,0.0,0.0,False
16qam-snr25-nominal-short,245,fresh,M2_quantile_transport_T020,0.0,0.0,0.0,False
16qam-snr25-nominal-short,245,fresh,M4_gated_policy_T020,0.0,0.0,0.0,False
16qam-snr25-nominal-short,245,fresh,correct_pooled_sqrt_rms,0.0,0.0,0.0,False
16qam-snr25-nominal-short,245,fresh,correct_per_pol_sqrt_rms,0.0,0.0,0.0,False
16qam-snr25-nominal-short,245,fresh,gated_scalar_ablation,0.0,0.0,0.0,False
16qam-snr25-nominal-short,245,fresh,robust_scalar,0.0,0.0,0.0,False
16qam-snr25-nominal-short,246,fresh,baseline_cma_mu0p03,0.73046875,0.73046875,0.23828125,False
16qam-snr25-nominal-short,246,fresh,blind_affine,0.73828125,0.73828125,0.2412109375,False
16qam-snr25-nominal-short,246,fresh,C11_legal_causal,0.73828125,0.73828125,0.2412109375,False
16qam-snr25-nominal-short,246,fresh,oracle_affine_bound_KILL_ONLY,0.0,0.0,0.0,False
16qam-snr25-nominal-short,246,fresh,M1_prefix_scalar_T020,0.234375,0.234375,0.060546875,False
16qam-snr25-nominal-short,246,fresh,M2_quantile_transport_T020,0.0234375,0.0234375,0.005859375,False
16qam-snr25-nominal-short,246,fresh,M4_gated_policy_T020,0.0234375,0.0234375,0.005859375,False
16qam-snr25-nominal-short,246,fresh,correct_pooled_sqrt_rms,0.0,0.0,0.0,False
16qam-snr25-nominal-short,246,fresh,correct_per_pol_sqrt_rms,0.0,0.0,0.0,False
16qam-snr25-nominal-short,246,fresh,gated_scalar_ablation,0.0,0.0,0.0,False
16qam-snr25-nominal-short,246,fresh,robust_scalar,0.0,0.0,0.0,False
16qam-snr25-nominal-short,247,fresh,baseline_cma_mu0p03,0.0,0.0,0.0,False
16qam-snr25-nominal-short,247,fresh,blind_affine,0.0,0.0,0.0,False
16qam-snr25-nominal-short,247,fresh,C11_legal_causal,0.0,0.0,0.0,False
16qam-snr25-nominal-short,247,fresh,oracle_affine_bound_KILL_ONLY,0.0,0.0,0.0,False
16qam-snr25-nominal-short,247,fresh,M1_prefix_scalar_T020,0.00390625,0.00390625,0.0009765625,False
16qam-snr25-nominal-short,247,fresh,M2_quantile_transport_T020,0.0,0.0,0.0,False
16qam-snr25-nominal-short,247,fresh,M4_gated_policy_T020,0.0,0.0,0.0,False
16qam-snr25-nominal-short,247,fresh,correct_pooled_sqrt_rms,0.0,0.0,0.0,False
16qam-snr25-nominal-short,247,fresh,correct_per_pol_sqrt_rms,0.0,0.0,0.0,False
16qam-snr25-nominal-short,247,fresh,gated_scalar_ablation,0.0,0.0,0.0,False
16qam-snr25-nominal-short,247,fresh,robust_scalar,0.0,0.0,0.0,False
16qam-snr25-nominal-short,248,fresh,baseline_cma_mu0p03,0.73828125,0.73828125,0.25390625,False
16qam-snr25-nominal-short,248,fresh,blind_affine,0.73828125,0.73828125,0.25390625,False
16qam-snr25-nominal-short,248,fresh,C11_legal_causal,0.73828125,0.73828125,0.25390625,False
16qam-snr25-nominal-short,248,fresh,oracle_affine_bound_KILL_ONLY,0.0,0.0,0.0,False
16qam-snr25-nominal-short,248,fresh,M1_prefix_scalar_T020,0.296875,0.296875,0.0859375,False
16qam-snr25-nominal-short,248,fresh,M2_quantile_transport_T020,0.03125,0.03125,0.0078125,False
16qam-snr25-nominal-short,248,fresh,M4_gated_policy_T020,0.03125,0.03125,0.0078125,False
16qam-snr25-nominal-short,248,fresh,correct_pooled_sqrt_rms,0.0,0.0,0.0,False
16qam-snr25-nominal-short,248,fresh,correct_per_pol_sqrt_rms,0.0,0.0,0.0,False
16qam-snr25-nominal-short,248,fresh,gated_scalar_ablation,0.0,0.0,0.0,False
16qam-snr25-nominal-short,248,fresh,robust_scalar,0.0,0.0,0.0,False
16qam-snr25-nominal-short,249,fresh,baseline_cma_mu0p03,0.8125,0.8125,0.2744140625,False
16qam-snr25-nominal-short,249,fresh,blind_affine,0.8125,0.8125,0.275390625,False
16qam-snr25-nominal-short,249,fresh,C11_legal_causal,0.8125,0.8125,0.2744140625,False
16qam-snr25-nominal-short,249,fresh,oracle_affine_bound_KILL_ONLY,0.0078125,0.0078125,0.001953125,False
16qam-snr25-nominal-short,249,fresh,M1_prefix_scalar_T020,0.59765625,0.59765625,0.185546875,False
16qam-snr25-nominal-short,249,fresh,M2_quantile_transport_T020,0.0703125,0.0703125,0.017578125,False
16qam-snr25-nominal-short,249,fresh,M4_gated_policy_T020,0.0703125,0.0703125,0.017578125,False
16qam-snr25-nominal-short,249,fresh,correct_pooled_sqrt_rms,0.01171875,0.01171875,0.0029296875,False
16qam-snr25-nominal-short,249,fresh,correct_per_pol_sqrt_rms,0.01171875,0.01171875,0.0029296875,False
16qam-snr25-nominal-short,249,fresh,gated_scalar_ablation,0.01171875,0.01171875,0.0029296875,False
16qam-snr25-nominal-short,249,fresh,robust_scalar,0.01171875,0.01171875,0.0029296875,False
16qam-snr25-nominal-short,250,fresh,baseline_cma_mu0p03,0.76171875,0.76171875,0.2509765625,False
16qam-snr25-nominal-short,250,fresh,blind_affine,0.76953125,0.76953125,0.2529296875,False
16qam-snr25-nominal-short,250,fresh,C11_legal_causal,0.76171875,0.76171875,0.2509765625,False
16qam-snr25-nominal-short,250,fresh,oracle_affine_bound_KILL_ONLY,0.0,0.0,0.0,False
16qam-snr25-nominal-short,250,fresh,M1_prefix_scalar_T020,0.53125,0.53125,0.1533203125,False
16qam-snr25-nominal-short,250,fresh,M2_quantile_transport_T020,0.015625,0.015625,0.00390625,False
16qam-snr25-nominal-short,250,fresh,M4_gated_policy_T020,0.015625,0.015625,0.00390625,False
16qam-snr25-nominal-short,250,fresh,correct_pooled_sqrt_rms,0.0,0.0,0.0,False
16qam-snr25-nominal-short,250,fresh,correct_per_pol_sqrt_rms,0.0,0.0,0.0,False
16qam-snr25-nominal-short,250,fresh,gated_scalar_ablation,0.0,0.0,0.0,False
16qam-snr25-nominal-short,250,fresh,robust_scalar,0.0,0.0,0.0,False
16qam-snr25-nominal-short,251,fresh,baseline_cma_mu0p03,0.0,0.0,0.0,False
16qam-snr25-nominal-short,251,fresh,blind_affine,0.0,0.0,0.0,False
16qam-snr25-nominal-short,251,fresh,C11_legal_causal,0.0,0.0,0.0,False
16qam-snr25-nominal-short,251,fresh,oracle_affine_bound_KILL_ONLY,0.0,0.0,0.0,False
16qam-snr25-nominal-short,251,fresh,M1_prefix_scalar_T020,0.0,0.0,0.0,False
16qam-snr25-nominal-short,251,fresh,M2_quantile_transport_T020,0.0,0.0,0.0,False
16qam-snr25-nominal-short,251,fresh,M4_gated_policy_T020,0.0,0.0,0.0,False
16qam-snr25-nominal-short,251,fresh,correct_pooled_sqrt_rms,0.0,0.0,0.0,False
16qam-snr25-nominal-short,251,fresh,correct_per_pol_sqrt_rms,0.0,0.0,0.0,False
16qam-snr25-nominal-short,251,fresh,gated_scalar_ablation,0.0,0.0,0.0,False
16qam-snr25-nominal-short,251,fresh,robust_scalar,0.0,0.0,0.0,False
16qam-snr25-nominal-short,252,fresh,baseline_cma_mu0p03,0.0,0.0,0.0,False
16qam-snr25-nominal-short,252,fresh,blind_affine,0.0,0.0,0.0,False
16qam-snr25-nominal-short,252,fresh,C11_legal_causal,0.0,0.0,0.0,False
16qam-snr25-nominal-short,252,fresh,oracle_affine_bound_KILL_ONLY,0.0,0.0,0.0,False
16qam-snr25-nominal-short,252,fresh,M1_prefix_scalar_T020,0.0,0.0,0.0,False
16qam-snr25-nominal-short,252,fresh,M2_quantile_transport_T020,0.0,0.0,0.0,False
16qam-snr25-nominal-short,252,fresh,M4_gated_policy_T020,0.0,0.0,0.0,False
16qam-snr25-nominal-short,252,fresh,correct_pooled_sqrt_rms,0.0,0.0,0.0,False
16qam-snr25-nominal-short,252,fresh,correct_per_pol_sqrt_rms,0.0,0.0,0.0,False
16qam-snr25-nominal-short,252,fresh,gated_scalar_ablation,0.0,0.0,0.0,False
16qam-snr25-nominal-short,252,fresh,robust_scalar,0.0,0.0,0.0,False
16qam-snr25-nominal-short,253,fresh,baseline_cma_mu0p03,0.0,0.0,0.0,False
16qam-snr25-nominal-short,253,fresh,blind_affine,0.0,0.0,0.0,False
16qam-snr25-nominal-short,253,fresh,C11_legal_causal,0.0,0.0,0.0,False
16qam-snr25-nominal-short,253,fresh,oracle_affine_bound_KILL_ONLY,0.0,0.0,0.0,False
16qam-snr25-nominal-short,253,fresh,M1_prefix_scalar_T020,0.0,0.0,0.0,False
16qam-snr25-nominal-short,253,fresh,M2_quantile_transport_T020,0.0390625,0.0390625,0.009765625,False
16qam-snr25-nominal-short,253,fresh,M4_gated_policy_T020,0.0,0.0,0.0,False
16qam-snr25-nominal-short,253,fresh,correct_pooled_sqrt_rms,0.0,0.0,0.0,False
16qam-snr25-nominal-short,253,fresh,correct_per_pol_sqrt_rms,0.0,0.0,0.0,False
16qam-snr25-nominal-short,253,fresh,gated_scalar_ablation,0.0,0.0,0.0,False
16qam-snr25-nominal-short,253,fresh,robust_scalar,0.0,0.0,0.0,False
16qam-snr25-nominal-short,254,fresh,baseline_cma_mu0p03,0.0,0.0,0.0,False
16qam-snr25-nominal-short,254,fresh,blind_affine,0.0,0.0,0.0,False
16qam-snr25-nominal-short,254,fresh,C11_legal_causal,0.0,0.0,0.0,False
16qam-snr25-nominal-short,254,fresh,oracle_affine_bound_KILL_ONLY,0.0,0.0,0.0,False
16qam-snr25-nominal-short,254,fresh,M1_prefix_scalar_T020,0.0,0.0,0.0,False
16qam-snr25-nominal-short,254,fresh,M2_quantile_transport_T020,0.0,0.0,0.0,False
16qam-snr25-nominal-short,254,fresh,M4_gated_policy_T020,0.0,0.0,0.0,False
16qam-snr25-nominal-short,254,fresh,correct_pooled_sqrt_rms,0.0,0.0,0.0,False
16qam-snr25-nominal-short,254,fresh,correct_per_pol_sqrt_rms,0.0,0.0,0.0,False
16qam-snr25-nominal-short,254,fresh,gated_scalar_ablation,0.0,0.0,0.0,False
16qam-snr25-nominal-short,254,fresh,robust_scalar,0.0,0.0,0.0,False
16qam-snr25-nominal-short,255,fresh,baseline_cma_mu0p03,0.74609375,0.74609375,0.25390625,False
16qam-snr25-nominal-short,255,fresh,blind_affine,0.74609375,0.74609375,0.25390625,False
16qam-snr25-nominal-short,255,fresh,C11_legal_causal,0.74609375,0.74609375,0.25390625,False
16qam-snr25-nominal-short,255,fresh,oracle_affine_bound_KILL_ONLY,0.0,0.0,0.0,False
16qam-snr25-nominal-short,255,fresh,M1_prefix_scalar_T020,0.55859375,0.55859375,0.17578125,False
16qam-snr25-nominal-short,255,fresh,M2_quantile_transport_T020,0.015625,0.015625,0.00390625,False
16qam-snr25-nominal-short,255,fresh,M4_gated_policy_T020,0.015625,0.015625,0.00390625,False
16qam-snr25-nominal-short,255,fresh,correct_pooled_sqrt_rms,0.0,0.0,0.0,False
16qam-snr25-nominal-short,255,fresh,correct_per_pol_sqrt_rms,0.0,0.0,0.0,False
16qam-snr25-nominal-short,255,fresh,gated_scalar_ablation,0.0,0.0,0.0,False
16qam-snr25-nominal-short,255,fresh,robust_scalar,0.0,0.0,0.0,False
16qam-snr25-nominal-short,256,fresh,baseline_cma_mu0p03,0.15625,0.15625,0.0419921875,False
16qam-snr25-nominal-short,256,fresh,blind_affine,0.17578125,0.17578125,0.046875,False
16qam-snr25-nominal-short,256,fresh,C11_legal_causal,0.203125,0.203125,0.056640625,False
16qam-snr25-nominal-short,256,fresh,oracle_affine_bound_KILL_ONLY,0.1953125,0.1953125,0.052734375,False
16qam-snr25-nominal-short,256,fresh,M1_prefix_scalar_T020,0.20703125,0.20703125,0.056640625,False
16qam-snr25-nominal-short,256,fresh,M2_quantile_transport_T020,0.21484375,0.21484375,0.0595703125,False
16qam-snr25-nominal-short,256,fresh,M4_gated_policy_T020,0.15625,0.15625,0.0419921875,False
16qam-snr25-nominal-short,256,fresh,correct_pooled_sqrt_rms,0.15625,0.15625,0.0419921875,False
16qam-snr25-nominal-short,256,fresh,correct_per_pol_sqrt_rms,0.15625,0.15625,0.0419921875,False
16qam-snr25-nominal-short,256,fresh,gated_scalar_ablation,0.15625,0.15625,0.0419921875,False
16qam-snr25-nominal-short,256,fresh,robust_scalar,0.15234375,0.15234375,0.041015625,False
16qam-snr25-nominal-short,257,fresh,baseline_cma_mu0p03,0.73828125,0.73828125,0.255859375,False
16qam-snr25-nominal-short,257,fresh,blind_affine,0.7421875,0.7421875,0.2568359375,False
16qam-snr25-nominal-short,257,fresh,C11_legal_causal,0.7421875,0.7421875,0.2568359375,False
16qam-snr25-nominal-short,257,fresh,oracle_affine_bound_KILL_ONLY,0.0,0.0,0.0,False
16qam-snr25-nominal-short,257,fresh,M1_prefix_scalar_T020,0.37890625,0.37890625,0.1064453125,False
16qam-snr25-nominal-short,257,fresh,M2_quantile_transport_T020,0.0234375,0.0234375,0.005859375,False
16qam-snr25-nominal-short,257,fresh,M4_gated_policy_T020,0.0234375,0.0234375,0.005859375,False
16qam-snr25-nominal-short,257,fresh,correct_pooled_sqrt_rms,0.0,0.0,0.0,False
16qam-snr25-nominal-short,257,fresh,correct_per_pol_sqrt_rms,0.0,0.0,0.0,False
16qam-snr25-nominal-short,257,fresh,gated_scalar_ablation,0.0,0.0,0.0,False
16qam-snr25-nominal-short,257,fresh,robust_scalar,0.0,0.0,0.0,False
16qam-snr25-nominal-short,258,fresh,baseline_cma_mu0p03,0.0,0.0,0.0,False
16qam-snr25-nominal-short,258,fresh,blind_affine,0.0,0.0,0.0,False
16qam-snr25-nominal-short,258,fresh,C11_legal_causal,0.0,0.0,0.0,False
16qam-snr25-nominal-short,258,fresh,oracle_affine_bound_KILL_ONLY,0.0,0.0,0.0,False
16qam-snr25-nominal-short,258,fresh,M1_prefix_scalar_T020,0.0,0.0,0.0,False
16qam-snr25-nominal-short,258,fresh,M2_quantile_transport_T020,0.0,0.0,0.0,False
16qam-snr25-nominal-short,258,fresh,M4_gated_policy_T020,0.0,0.0,0.0,False
16qam-snr25-nominal-short,258,fresh,correct_pooled_sqrt_rms,0.0,0.0,0.0,False
16qam-snr25-nominal-short,258,fresh,correct_per_pol_sqrt_rms,0.0,0.0,0.0,False
16qam-snr25-nominal-short,258,fresh,gated_scalar_ablation,0.0,0.0,0.0,False
16qam-snr25-nominal-short,258,fresh,robust_scalar,0.0,0.0,0.0,False
16qam-snr25-nominal-short,259,fresh,baseline_cma_mu0p03,0.26171875,0.26171875,0.0693359375,False
16qam-snr25-nominal-short,259,fresh,blind_affine,0.0625,0.0625,0.0166015625,False
16qam-snr25-nominal-short,259,fresh,C11_legal_causal,0.36328125,0.36328125,0.0986328125,False
16qam-snr25-nominal-short,259,fresh,oracle_affine_bound_KILL_ONLY,0.0,0.0,0.0,False
16qam-snr25-nominal-short,259,fresh,M1_prefix_scalar_T020,0.046875,0.046875,0.01171875,False
16qam-snr25-nominal-short,259,fresh,M2_quantile_transport_T020,0.0078125,0.0078125,0.001953125,False
16qam-snr25-nominal-short,259,fresh,M4_gated_policy_T020,0.0078125,0.0078125,0.001953125,False
16qam-snr25-nominal-short,259,fresh,correct_pooled_sqrt_rms,0.0,0.0,0.0,False
16qam-snr25-nominal-short,259,fresh,correct_per_pol_sqrt_rms,0.0,0.0,0.0,False
16qam-snr25-nominal-short,259,fresh,gated_scalar_ablation,0.0,0.0,0.0,False
16qam-snr25-nominal-short,259,fresh,robust_scalar,0.0,0.0,0.0,False
16qam-snr25-nominal-short,260,fresh,baseline_cma_mu0p03,0.6953125,0.6953125,0.2109375,False
16qam-snr25-nominal-short,260,fresh,blind_affine,0.7421875,0.7421875,0.25,False
16qam-snr25-nominal-short,260,fresh,C11_legal_causal,0.7265625,0.7265625,0.2294921875,False
16qam-snr25-nominal-short,260,fresh,oracle_affine_bound_KILL_ONLY,0.0,0.0,0.0,False
16qam-snr25-nominal-short,260,fresh,M1_prefix_scalar_T020,0.2109375,0.2109375,0.0537109375,False
16qam-snr25-nominal-short,260,fresh,M2_quantile_transport_T020,0.0,0.0,0.0,False
16qam-snr25-nominal-short,260,fresh,M4_gated_policy_T020,0.0,0.0,0.0,False
16qam-snr25-nominal-short,260,fresh,correct_pooled_sqrt_rms,0.0,0.0,0.0,False
16qam-snr25-nominal-short,260,fresh,correct_per_pol_sqrt_rms,0.0,0.0,0.0,False
16qam-snr25-nominal-short,260,fresh,gated_scalar_ablation,0.0,0.0,0.0,False
16qam-snr25-nominal-short,260,fresh,robust_scalar,0.0,0.0,0.0,False
16qam-snr20-fg100-short,201,old,baseline_cma_mu0p03,0.0,0.0,0.0,False
16qam-snr20-fg100-short,201,old,blind_affine,0.0,0.0,0.0,False
16qam-snr20-fg100-short,201,old,C11_legal_causal,0.0,0.0,0.0,False
16qam-snr20-fg100-short,201,old,oracle_affine_bound_KILL_ONLY,0.0,0.0,0.0,False
16qam-snr20-fg100-short,201,old,M1_prefix_scalar_T020,0.02734375,0.02734375,0.0068359375,False
16qam-snr20-fg100-short,201,old,M2_quantile_transport_T020,0.05078125,0.05078125,0.0126953125,False
16qam-snr20-fg100-short,201,old,M4_gated_policy_T020,0.0,0.0,0.0,False
16qam-snr20-fg100-short,201,old,correct_pooled_sqrt_rms,0.0,0.0,0.0,False
16qam-snr20-fg100-short,201,old,correct_per_pol_sqrt_rms,0.0,0.0,0.0,False
16qam-snr20-fg100-short,201,old,gated_scalar_ablation,0.0,0.0,0.0,False
16qam-snr20-fg100-short,201,old,robust_scalar,0.0,0.0,0.0,False
16qam-snr20-fg100-short,202,old,baseline_cma_mu0p03,0.0,0.0,0.0,False
16qam-snr20-fg100-short,202,old,blind_affine,0.0078125,0.0078125,0.001953125,False
16qam-snr20-fg100-short,202,old,C11_legal_causal,0.0234375,0.0234375,0.005859375,False
16qam-snr20-fg100-short,202,old,oracle_affine_bound_KILL_ONLY,0.0078125,0.0078125,0.001953125,False
16qam-snr20-fg100-short,202,old,M1_prefix_scalar_T020,0.08984375,0.08984375,0.0224609375,False
16qam-snr20-fg100-short,202,old,M2_quantile_transport_T020,0.12890625,0.12890625,0.0322265625,False
16qam-snr20-fg100-short,202,old,M4_gated_policy_T020,0.0,0.0,0.0,False
16qam-snr20-fg100-short,202,old,correct_pooled_sqrt_rms,0.0078125,0.0078125,0.001953125,False
16qam-snr20-fg100-short,202,old,correct_per_pol_sqrt_rms,0.0078125,0.0078125,0.001953125,False
16qam-snr20-fg100-short,202,old,gated_scalar_ablation,0.0,0.0,0.0,False
16qam-snr20-fg100-short,202,old,robust_scalar,0.0078125,0.0078125,0.001953125,False
16qam-snr20-fg100-short,203,old,baseline_cma_mu0p03,0.71875,0.71875,0.2431640625,False
16qam-snr20-fg100-short,203,old,blind_affine,0.72265625,0.72265625,0.244140625,False
16qam-snr20-fg100-short,203,old,C11_legal_causal,0.7265625,0.7265625,0.2451171875,False
16qam-snr20-fg100-short,203,old,oracle_affine_bound_KILL_ONLY,0.04296875,0.04296875,0.0107421875,False
16qam-snr20-fg100-short,203,old,M1_prefix_scalar_T020,0.44921875,0.44921875,0.12890625,False
16qam-snr20-fg100-short,203,old,M2_quantile_transport_T020,0.109375,0.109375,0.02734375,False
16qam-snr20-fg100-short,203,old,M4_gated_policy_T020,0.109375,0.109375,0.02734375,False
16qam-snr20-fg100-short,203,old,correct_pooled_sqrt_rms,0.03515625,0.03515625,0.0087890625,False
16qam-snr20-fg100-short,203,old,correct_per_pol_sqrt_rms,0.03515625,0.03515625,0.0087890625,False
16qam-snr20-fg100-short,203,old,gated_scalar_ablation,0.03515625,0.03515625,0.0087890625,False
16qam-snr20-fg100-short,203,old,robust_scalar,0.03515625,0.03515625,0.0087890625,False
16qam-snr20-fg100-short,204,old,baseline_cma_mu0p03,0.0,0.0,0.0,False
16qam-snr20-fg100-short,204,old,blind_affine,0.0,0.0,0.0,False
16qam-snr20-fg100-short,204,old,C11_legal_causal,0.0,0.0,0.0,False
16qam-snr20-fg100-short,204,old,oracle_affine_bound_KILL_ONLY,0.0,0.0,0.0,False
16qam-snr20-fg100-short,204,old,M1_prefix_scalar_T020,0.0,0.0,0.0,False
16qam-snr20-fg100-short,204,old,M2_quantile_transport_T020,0.0078125,0.0078125,0.001953125,False
16qam-snr20-fg100-short,204,old,M4_gated_policy_T020,0.0,0.0,0.0,False
16qam-snr20-fg100-short,204,old,correct_pooled_sqrt_rms,0.0,0.0,0.0,False
16qam-snr20-fg100-short,204,old,correct_per_pol_sqrt_rms,0.0,0.0,0.0,False
16qam-snr20-fg100-short,204,old,gated_scalar_ablation,0.0,0.0,0.0,False
16qam-snr20-fg100-short,204,old,robust_scalar,0.0,0.0,0.0,False
16qam-snr20-fg100-short,205,old,baseline_cma_mu0p03,0.0,0.0,0.0,False
16qam-snr20-fg100-short,205,old,blind_affine,0.0,0.0,0.0,False
16qam-snr20-fg100-short,205,old,C11_legal_causal,0.0,0.0,0.0,False
16qam-snr20-fg100-short,205,old,oracle_affine_bound_KILL_ONLY,0.0,0.0,0.0,False
16qam-snr20-fg100-short,205,old,M1_prefix_scalar_T020,0.0078125,0.0078125,0.001953125,False
16qam-snr20-fg100-short,205,old,M2_quantile_transport_T020,0.01953125,0.01953125,0.0048828125,False
16qam-snr20-fg100-short,205,old,M4_gated_policy_T020,0.0,0.0,0.0,False
16qam-snr20-fg100-short,205,old,correct_pooled_sqrt_rms,0.0,0.0,0.0,False
16qam-snr20-fg100-short,205,old,correct_per_pol_sqrt_rms,0.0,0.0,0.0,False
16qam-snr20-fg100-short,205,old,gated_scalar_ablation,0.0,0.0,0.0,False
16qam-snr20-fg100-short,205,old,robust_scalar,0.0,0.0,0.0,False
16qam-snr20-fg100-short,206,old,baseline_cma_mu0p03,0.78125,0.78125,0.26953125,False
16qam-snr20-fg100-short,206,old,blind_affine,0.8046875,0.8046875,0.2802734375,False
16qam-snr20-fg100-short,206,old,C11_legal_causal,0.7890625,0.7890625,0.271484375,False
16qam-snr20-fg100-short,206,old,oracle_affine_bound_KILL_ONLY,0.1953125,0.1953125,0.0498046875,False
16qam-snr20-fg100-short,206,old,M1_prefix_scalar_T020,0.6171875,0.6171875,0.1982421875,False
16qam-snr20-fg100-short,206,old,M2_quantile_transport_T020,0.18359375,0.18359375,0.046875,False
16qam-snr20-fg100-short,206,old,M4_gated_policy_T020,0.18359375,0.18359375,0.046875,False
16qam-snr20-fg100-short,206,old,correct_pooled_sqrt_rms,0.1875,0.1875,0.0478515625,False
16qam-snr20-fg100-short,206,old,correct_per_pol_sqrt_rms,0.18359375,0.18359375,0.046875,False
16qam-snr20-fg100-short,206,old,gated_scalar_ablation,0.18359375,0.18359375,0.046875,False
16qam-snr20-fg100-short,206,old,robust_scalar,0.18359375,0.18359375,0.046875,False
16qam-snr20-fg100-short,207,old,baseline_cma_mu0p03,0.00390625,0.00390625,0.0009765625,False
16qam-snr20-fg100-short,207,old,blind_affine,0.0,0.0,0.0,False
16qam-snr20-fg100-short,207,old,C11_legal_causal,0.0,0.0,0.0,False
16qam-snr20-fg100-short,207,old,oracle_affine_bound_KILL_ONLY,0.0,0.0,0.0,False
16qam-snr20-fg100-short,207,old,M1_prefix_scalar_T020,0.0078125,0.0078125,0.001953125,False
16qam-snr20-fg100-short,207,old,M2_quantile_transport_T020,0.0546875,0.0546875,0.013671875,False
16qam-snr20-fg100-short,207,old,M4_gated_policy_T020,0.00390625,0.00390625,0.0009765625,False
16qam-snr20-fg100-short,207,old,correct_pooled_sqrt_rms,0.0,0.0,0.0,False
16qam-snr20-fg100-short,207,old,correct_per_pol_sqrt_rms,0.0,0.0,0.0,False
16qam-snr20-fg100-short,207,old,gated_scalar_ablation,0.00390625,0.00390625,0.0009765625,False
16qam-snr20-fg100-short,207,old,robust_scalar,0.0,0.0,0.0,False
16qam-snr20-fg100-short,208,old,baseline_cma_mu0p03,0.7578125,0.7578125,0.2802734375,False
16qam-snr20-fg100-short,208,old,blind_affine,0.76171875,0.76171875,0.2841796875,False
16qam-snr20-fg100-short,208,old,C11_legal_causal,0.7578125,0.7578125,0.2802734375,False
16qam-snr20-fg100-short,208,old,oracle_affine_bound_KILL_ONLY,0.3125,0.3125,0.083984375,False
16qam-snr20-fg100-short,208,old,M1_prefix_scalar_T020,0.57421875,0.57421875,0.1904296875,False
16qam-snr20-fg100-short,208,old,M2_quantile_transport_T020,0.3125,0.3125,0.083984375,False
16qam-snr20-fg100-short,208,old,M4_gated_policy_T020,0.3125,0.3125,0.083984375,False
16qam-snr20-fg100-short,208,old,correct_pooled_sqrt_rms,0.28125,0.28125,0.0751953125,False
16qam-snr20-fg100-short,208,old,correct_per_pol_sqrt_rms,0.28125,0.28125,0.0751953125,False
16qam-snr20-fg100-short,208,old,gated_scalar_ablation,0.28125,0.28125,0.0751953125,False
16qam-snr20-fg100-short,208,old,robust_scalar,0.27734375,0.27734375,0.07421875,False
16qam-snr20-fg100-short,209,old,baseline_cma_mu0p03,0.7421875,0.7421875,0.2490234375,False
16qam-snr20-fg100-short,209,old,blind_affine,0.7578125,0.7578125,0.2568359375,False
16qam-snr20-fg100-short,209,old,C11_legal_causal,0.7421875,0.7421875,0.2490234375,False
16qam-snr20-fg100-short,209,old,oracle_affine_bound_KILL_ONLY,0.15234375,0.15234375,0.04296875,False
16qam-snr20-fg100-short,209,old,M1_prefix_scalar_T020,0.66796875,0.66796875,0.2021484375,False
16qam-snr20-fg100-short,209,old,M2_quantile_transport_T020,0.1875,0.1875,0.0546875,False
16qam-snr20-fg100-short,209,old,M4_gated_policy_T020,0.1875,0.1875,0.0546875,False
16qam-snr20-fg100-short,209,old,correct_pooled_sqrt_rms,0.15234375,0.15234375,0.0439453125,False
16qam-snr20-fg100-short,209,old,correct_per_pol_sqrt_rms,0.16015625,0.16015625,0.0458984375,False
16qam-snr20-fg100-short,209,old,gated_scalar_ablation,0.16015625,0.16015625,0.0458984375,False
16qam-snr20-fg100-short,209,old,robust_scalar,0.171875,0.171875,0.048828125,False
16qam-snr20-fg100-short,210,old,baseline_cma_mu0p03,0.0,0.0,0.0,False
16qam-snr20-fg100-short,210,old,blind_affine,0.0,0.0,0.0,False
16qam-snr20-fg100-short,210,old,C11_legal_causal,0.0,0.0,0.0,False
16qam-snr20-fg100-short,210,old,oracle_affine_bound_KILL_ONLY,0.0,0.0,0.0,False
16qam-snr20-fg100-short,210,old,M1_prefix_scalar_T020,0.0,0.0,0.0,False
16qam-snr20-fg100-short,210,old,M2_quantile_transport_T020,0.015625,0.015625,0.00390625,False
16qam-snr20-fg100-short,210,old,M4_gated_policy_T020,0.0,0.0,0.0,False
16qam-snr20-fg100-short,210,old,correct_pooled_sqrt_rms,0.0,0.0,0.0,False
16qam-snr20-fg100-short,210,old,correct_per_pol_sqrt_rms,0.0,0.0,0.0,False
16qam-snr20-fg100-short,210,old,gated_scalar_ablation,0.0,0.0,0.0,False
16qam-snr20-fg100-short,210,old,robust_scalar,0.0,0.0,0.0,False
16qam-snr20-fg100-short,211,old,baseline_cma_mu0p03,0.0,0.0,0.0,False
16qam-snr20-fg100-short,211,old,blind_affine,0.0,0.0,0.0,False
16qam-snr20-fg100-short,211,old,C11_legal_causal,0.0,0.0,0.0,False
16qam-snr20-fg100-short,211,old,oracle_affine_bound_KILL_ONLY,0.0,0.0,0.0,False
16qam-snr20-fg100-short,211,old,M1_prefix_scalar_T020,0.0,0.0,0.0,False
16qam-snr20-fg100-short,211,old,M2_quantile_transport_T020,0.015625,0.015625,0.00390625,False
16qam-snr20-fg100-short,211,old,M4_gated_policy_T020,0.0,0.0,0.0,False
16qam-snr20-fg100-short,211,old,correct_pooled_sqrt_rms,0.0,0.0,0.0,False
16qam-snr20-fg100-short,211,old,correct_per_pol_sqrt_rms,0.0,0.0,0.0,False
16qam-snr20-fg100-short,211,old,gated_scalar_ablation,0.0,0.0,0.0,False
16qam-snr20-fg100-short,211,old,robust_scalar,0.0,0.0,0.0,False
16qam-snr20-fg100-short,212,old,baseline_cma_mu0p03,0.20703125,0.20703125,0.0556640625,False
16qam-snr20-fg100-short,212,old,blind_affine,0.01953125,0.01953125,0.0048828125,False
16qam-snr20-fg100-short,212,old,C11_legal_causal,0.23828125,0.23828125,0.064453125,False
16qam-snr20-fg100-short,212,old,oracle_affine_bound_KILL_ONLY,0.00390625,0.00390625,0.0009765625,False
16qam-snr20-fg100-short,212,old,M1_prefix_scalar_T020,0.140625,0.140625,0.0361328125,False
16qam-snr20-fg100-short,212,old,M2_quantile_transport_T020,0.046875,0.046875,0.01171875,False
16qam-snr20-fg100-short,212,old,M4_gated_policy_T020,0.046875,0.046875,0.01171875,False
16qam-snr20-fg100-short,212,old,correct_pooled_sqrt_rms,0.0078125,0.0078125,0.001953125,False
16qam-snr20-fg100-short,212,old,correct_per_pol_sqrt_rms,0.0078125,0.0078125,0.001953125,False
16qam-snr20-fg100-short,212,old,gated_scalar_ablation,0.0078125,0.0078125,0.001953125,False
16qam-snr20-fg100-short,212,old,robust_scalar,0.0078125,0.0078125,0.001953125,False
16qam-snr20-fg100-short,213,old,baseline_cma_mu0p03,0.03515625,0.03515625,0.0087890625,False
16qam-snr20-fg100-short,213,old,blind_affine,0.05078125,0.05078125,0.0126953125,False
16qam-snr20-fg100-short,213,old,C11_legal_causal,0.078125,0.078125,0.01953125,False
16qam-snr20-fg100-short,213,old,oracle_affine_bound_KILL_ONLY,0.046875,0.046875,0.01171875,False
16qam-snr20-fg100-short,213,old,M1_prefix_scalar_T020,0.09375,0.09375,0.0234375,False
16qam-snr20-fg100-short,213,old,M2_quantile_transport_T020,0.08984375,0.08984375,0.0224609375,False
16qam-snr20-fg100-short,213,old,M4_gated_policy_T020,0.03515625,0.03515625,0.0087890625,False
16qam-snr20-fg100-short,213,old,correct_pooled_sqrt_rms,0.0390625,0.0390625,0.009765625,False
16qam-snr20-fg100-short,213,old,correct_per_pol_sqrt_rms,0.03125,0.03125,0.0078125,False
16qam-snr20-fg100-short,213,old,gated_scalar_ablation,0.03515625,0.03515625,0.0087890625,False
16qam-snr20-fg100-short,213,old,robust_scalar,0.03125,0.03125,0.0078125,False
16qam-snr20-fg100-short,214,old,baseline_cma_mu0p03,0.0,0.0,0.0,False
16qam-snr20-fg100-short,214,old,blind_affine,0.0,0.0,0.0,False
16qam-snr20-fg100-short,214,old,C11_legal_causal,0.0,0.0,0.0,False
16qam-snr20-fg100-short,214,old,oracle_affine_bound_KILL_ONLY,0.0,0.0,0.0,False
16qam-snr20-fg100-short,214,old,M1_prefix_scalar_T020,0.0,0.0,0.0,False
16qam-snr20-fg100-short,214,old,M2_quantile_transport_T020,0.03125,0.03125,0.0078125,False
16qam-snr20-fg100-short,214,old,M4_gated_policy_T020,0.0,0.0,0.0,False
16qam-snr20-fg100-short,214,old,correct_pooled_sqrt_rms,0.0,0.0,0.0,False
16qam-snr20-fg100-short,214,old,correct_per_pol_sqrt_rms,0.0,0.0,0.0,False
16qam-snr20-fg100-short,214,old,gated_scalar_ablation,0.0,0.0,0.0,False
16qam-snr20-fg100-short,214,old,robust_scalar,0.0,0.0,0.0,False
16qam-snr20-fg100-short,215,old,baseline_cma_mu0p03,0.76171875,0.76171875,0.248046875,False
16qam-snr20-fg100-short,215,old,blind_affine,0.7734375,0.7734375,0.251953125,False
16qam-snr20-fg100-short,215,old,C11_legal_causal,0.76171875,0.76171875,0.248046875,False
16qam-snr20-fg100-short,215,old,oracle_affine_bound_KILL_ONLY,0.0703125,0.0703125,0.0185546875,False
16qam-snr20-fg100-short,215,old,M1_prefix_scalar_T020,0.48828125,0.48828125,0.146484375,False
16qam-snr20-fg100-short,215,old,M2_quantile_transport_T020,0.11328125,0.11328125,0.029296875,False
16qam-snr20-fg100-short,215,old,M4_gated_policy_T020,0.11328125,0.11328125,0.029296875,False
16qam-snr20-fg100-short,215,old,correct_pooled_sqrt_rms,0.0625,0.0625,0.015625,False
16qam-snr20-fg100-short,215,old,correct_per_pol_sqrt_rms,0.0703125,0.0703125,0.0185546875,False
16qam-snr20-fg100-short,215,old,gated_scalar_ablation,0.0703125,0.0703125,0.0185546875,False
16qam-snr20-fg100-short,215,old,robust_scalar,0.0703125,0.0703125,0.0185546875,False
16qam-snr20-fg100-short,216,old,baseline_cma_mu0p03,0.0,0.0,0.0,False
16qam-snr20-fg100-short,216,old,blind_affine,0.01171875,0.01171875,0.0029296875,False
16qam-snr20-fg100-short,216,old,C11_legal_causal,0.04296875,0.04296875,0.0107421875,False
16qam-snr20-fg100-short,216,old,oracle_affine_bound_KILL_ONLY,0.01171875,0.01171875,0.0029296875,False
16qam-snr20-fg100-short,216,old,M1_prefix_scalar_T020,0.0546875,0.0546875,0.013671875,False
16qam-snr20-fg100-short,216,old,M2_quantile_transport_T020,0.0703125,0.0703125,0.017578125,False
16qam-snr20-fg100-short,216,old,M4_gated_policy_T020,0.0,0.0,0.0,False
16qam-snr20-fg100-short,216,old,correct_pooled_sqrt_rms,0.00390625,0.00390625,0.0009765625,False
16qam-snr20-fg100-short,216,old,correct_per_pol_sqrt_rms,0.00390625,0.00390625,0.0009765625,False
16qam-snr20-fg100-short,216,old,gated_scalar_ablation,0.0,0.0,0.0,False
16qam-snr20-fg100-short,216,old,robust_scalar,0.01171875,0.01171875,0.0029296875,False
16qam-snr20-fg100-short,217,old,baseline_cma_mu0p03,0.0,0.0,0.0,False
16qam-snr20-fg100-short,217,old,blind_affine,0.0,0.0,0.0,False
16qam-snr20-fg100-short,217,old,C11_legal_causal,0.0,0.0,0.0,False
16qam-snr20-fg100-short,217,old,oracle_affine_bound_KILL_ONLY,0.0,0.0,0.0,False
16qam-snr20-fg100-short,217,old,M1_prefix_scalar_T020,0.01171875,0.01171875,0.0029296875,False
16qam-snr20-fg100-short,217,old,M2_quantile_transport_T020,0.01171875,0.01171875,0.0029296875,False
16qam-snr20-fg100-short,217,old,M4_gated_policy_T020,0.0,0.0,0.0,False
16qam-snr20-fg100-short,217,old,correct_pooled_sqrt_rms,0.0,0.0,0.0,False
16qam-snr20-fg100-short,217,old,correct_per_pol_sqrt_rms,0.0078125,0.0078125,0.001953125,False
16qam-snr20-fg100-short,217,old,gated_scalar_ablation,0.0,0.0,0.0,False
16qam-snr20-fg100-short,217,old,robust_scalar,0.0,0.0,0.0,False
16qam-snr20-fg100-short,218,old,baseline_cma_mu0p03,0.73828125,0.73828125,0.251953125,False
16qam-snr20-fg100-short,218,old,blind_affine,0.73828125,0.73828125,0.2509765625,False
16qam-snr20-fg100-short,218,old,C11_legal_causal,0.73828125,0.73828125,0.251953125,False
16qam-snr20-fg100-short,218,old,oracle_affine_bound_KILL_ONLY,0.10546875,0.10546875,0.02734375,False
16qam-snr20-fg100-short,218,old,M1_prefix_scalar_T020,0.55078125,0.55078125,0.171875,False
16qam-snr20-fg100-short,218,old,M2_quantile_transport_T020,0.12890625,0.12890625,0.0341796875,False
16qam-snr20-fg100-short,218,old,M4_gated_policy_T020,0.12890625,0.12890625,0.0341796875,False
16qam-snr20-fg100-short,218,old,correct_pooled_sqrt_rms,0.0859375,0.0859375,0.0224609375,False
16qam-snr20-fg100-short,218,old,correct_per_pol_sqrt_rms,0.0859375,0.0859375,0.0224609375,False
16qam-snr20-fg100-short,218,old,gated_scalar_ablation,0.0859375,0.0859375,0.0224609375,False
16qam-snr20-fg100-short,218,old,robust_scalar,0.08984375,0.08984375,0.0234375,False
16qam-snr20-fg100-short,219,old,baseline_cma_mu0p03,0.046875,0.046875,0.0126953125,False
16qam-snr20-fg100-short,219,old,blind_affine,0.0,0.0,0.0,False
16qam-snr20-fg100-short,219,old,C11_legal_causal,0.05078125,0.05078125,0.0146484375,False
16qam-snr20-fg100-short,219,old,oracle_affine_bound_KILL_ONLY,0.0,0.0,0.0,False
16qam-snr20-fg100-short,219,old,M1_prefix_scalar_T020,0.01953125,0.01953125,0.0048828125,False
16qam-snr20-fg100-short,219,old,M2_quantile_transport_T020,0.015625,0.015625,0.00390625,False
16qam-snr20-fg100-short,219,old,M4_gated_policy_T020,0.046875,0.046875,0.0126953125,False
16qam-snr20-fg100-short,219,old,correct_pooled_sqrt_rms,0.0,0.0,0.0,False
16qam-snr20-fg100-short,219,old,correct_per_pol_sqrt_rms,0.0,0.0,0.0,False
16qam-snr20-fg100-short,219,old,gated_scalar_ablation,0.046875,0.046875,0.0126953125,False
16qam-snr20-fg100-short,219,old,robust_scalar,0.0,0.0,0.0,False
16qam-snr20-fg100-short,220,old,baseline_cma_mu0p03,0.0,0.0,0.0,False
16qam-snr20-fg100-short,220,old,blind_affine,0.0,0.0,0.0,False
16qam-snr20-fg100-short,220,old,C11_legal_causal,0.0,0.0,0.0,False
16qam-snr20-fg100-short,220,old,oracle_affine_bound_KILL_ONLY,0.0,0.0,0.0,False
16qam-snr20-fg100-short,220,old,M1_prefix_scalar_T020,0.0,0.0,0.0,False
16qam-snr20-fg100-short,220,old,M2_quantile_transport_T020,0.00390625,0.00390625,0.0009765625,False
16qam-snr20-fg100-short,220,old,M4_gated_policy_T020,0.0,0.0,0.0,False
16qam-snr20-fg100-short,220,old,correct_pooled_sqrt_rms,0.0,0.0,0.0,False
16qam-snr20-fg100-short,220,old,correct_per_pol_sqrt_rms,0.0,0.0,0.0,False
16qam-snr20-fg100-short,220,old,gated_scalar_ablation,0.0,0.0,0.0,False
16qam-snr20-fg100-short,220,old,robust_scalar,0.0,0.0,0.0,False
16qam-snr20-fg100-short,241,fresh,baseline_cma_mu0p03,0.87109375,0.87109375,0.33203125,False
16qam-snr20-fg100-short,241,fresh,blind_affine,0.8671875,0.8671875,0.3291015625,False
16qam-snr20-fg100-short,241,fresh,C11_legal_causal,0.87109375,0.87109375,0.33203125,False
16qam-snr20-fg100-short,241,fresh,oracle_affine_bound_KILL_ONLY,0.671875,0.671875,0.2236328125,False
16qam-snr20-fg100-short,241,fresh,M1_prefix_scalar_T020,0.71484375,0.71484375,0.28515625,False
16qam-snr20-fg100-short,241,fresh,M2_quantile_transport_T020,0.6328125,0.6328125,0.208984375,False
16qam-snr20-fg100-short,241,fresh,M4_gated_policy_T020,0.6328125,0.6328125,0.208984375,False
16qam-snr20-fg100-short,241,fresh,correct_pooled_sqrt_rms,0.60546875,0.60546875,0.2001953125,False
16qam-snr20-fg100-short,241,fresh,correct_per_pol_sqrt_rms,0.59765625,0.59765625,0.197265625,False
16qam-snr20-fg100-short,241,fresh,gated_scalar_ablation,0.59765625,0.59765625,0.197265625,False
16qam-snr20-fg100-short,241,fresh,robust_scalar,0.6015625,0.6015625,0.19921875,False
16qam-snr20-fg100-short,242,fresh,baseline_cma_mu0p03,0.0,0.0,0.0,False
16qam-snr20-fg100-short,242,fresh,blind_affine,0.0,0.0,0.0,False
16qam-snr20-fg100-short,242,fresh,C11_legal_causal,0.0,0.0,0.0,False
16qam-snr20-fg100-short,242,fresh,oracle_affine_bound_KILL_ONLY,0.0,0.0,0.0,False
16qam-snr20-fg100-short,242,fresh,M1_prefix_scalar_T020,0.0,0.0,0.0,False
16qam-snr20-fg100-short,242,fresh,M2_quantile_transport_T020,0.03515625,0.03515625,0.0087890625,False
16qam-snr20-fg100-short,242,fresh,M4_gated_policy_T020,0.0,0.0,0.0,False
16qam-snr20-fg100-short,242,fresh,correct_pooled_sqrt_rms,0.0,0.0,0.0,False
16qam-snr20-fg100-short,242,fresh,correct_per_pol_sqrt_rms,0.0,0.0,0.0,False
16qam-snr20-fg100-short,242,fresh,gated_scalar_ablation,0.0,0.0,0.0,False
16qam-snr20-fg100-short,242,fresh,robust_scalar,0.0,0.0,0.0,False
16qam-snr20-fg100-short,243,fresh,baseline_cma_mu0p03,0.0390625,0.0390625,0.009765625,False
16qam-snr20-fg100-short,243,fresh,blind_affine,0.00390625,0.00390625,0.0009765625,False
16qam-snr20-fg100-short,243,fresh,C11_legal_causal,0.0390625,0.0390625,0.009765625,False
16qam-snr20-fg100-short,243,fresh,oracle_affine_bound_KILL_ONLY,0.00390625,0.00390625,0.0009765625,False
16qam-snr20-fg100-short,243,fresh,M1_prefix_scalar_T020,0.0390625,0.0390625,0.009765625,False
16qam-snr20-fg100-short,243,fresh,M2_quantile_transport_T020,0.02734375,0.02734375,0.0068359375,False
16qam-snr20-fg100-short,243,fresh,M4_gated_policy_T020,0.0390625,0.0390625,0.009765625,False
16qam-snr20-fg100-short,243,fresh,correct_pooled_sqrt_rms,0.00390625,0.00390625,0.0009765625,False
16qam-snr20-fg100-short,243,fresh,correct_per_pol_sqrt_rms,0.00390625,0.00390625,0.0009765625,False
16qam-snr20-fg100-short,243,fresh,gated_scalar_ablation,0.0390625,0.0390625,0.009765625,False
16qam-snr20-fg100-short,243,fresh,robust_scalar,0.00390625,0.00390625,0.0009765625,False
16qam-snr20-fg100-short,244,fresh,baseline_cma_mu0p03,0.36328125,0.36328125,0.103515625,False
16qam-snr20-fg100-short,244,fresh,blind_affine,0.30078125,0.30078125,0.0810546875,False
16qam-snr20-fg100-short,244,fresh,C11_legal_causal,0.40625,0.40625,0.1201171875,False
16qam-snr20-fg100-short,244,fresh,oracle_affine_bound_KILL_ONLY,0.0078125,0.0078125,0.001953125,False
16qam-snr20-fg100-short,244,fresh,M1_prefix_scalar_T020,0.26171875,0.26171875,0.072265625,False
16qam-snr20-fg100-short,244,fresh,M2_quantile_transport_T020,0.04296875,0.04296875,0.0107421875,False
16qam-snr20-fg100-short,244,fresh,M4_gated_policy_T020,0.04296875,0.04296875,0.0107421875,False
16qam-snr20-fg100-short,244,fresh,correct_pooled_sqrt_rms,0.0078125,0.0078125,0.001953125,False
16qam-snr20-fg100-short,244,fresh,correct_per_pol_sqrt_rms,0.0078125,0.0078125,0.001953125,False
16qam-snr20-fg100-short,244,fresh,gated_scalar_ablation,0.0078125,0.0078125,0.001953125,False
16qam-snr20-fg100-short,244,fresh,robust_scalar,0.0078125,0.0078125,0.001953125,False
16qam-snr20-fg100-short,245,fresh,baseline_cma_mu0p03,0.0078125,0.0078125,0.001953125,False
16qam-snr20-fg100-short,245,fresh,blind_affine,0.0,0.0,0.0,False
16qam-snr20-fg100-short,245,fresh,C11_legal_causal,0.0078125,0.0078125,0.001953125,False
16qam-snr20-fg100-short,245,fresh,oracle_affine_bound_KILL_ONLY,0.0,0.0,0.0,False
16qam-snr20-fg100-short,245,fresh,M1_prefix_scalar_T020,0.00390625,0.00390625,0.0009765625,False
16qam-snr20-fg100-short,245,fresh,M2_quantile_transport_T020,0.01953125,0.01953125,0.0048828125,False
16qam-snr20-fg100-short,245,fresh,M4_gated_policy_T020,0.0078125,0.0078125,0.001953125,False
16qam-snr20-fg100-short,245,fresh,correct_pooled_sqrt_rms,0.0,0.0,0.0,False
16qam-snr20-fg100-short,245,fresh,correct_per_pol_sqrt_rms,0.0,0.0,0.0,False
16qam-snr20-fg100-short,245,fresh,gated_scalar_ablation,0.0078125,0.0078125,0.001953125,False
16qam-snr20-fg100-short,245,fresh,robust_scalar,0.0,0.0,0.0,False
16qam-snr20-fg100-short,246,fresh,baseline_cma_mu0p03,0.6875,0.6875,0.22265625,False
16qam-snr20-fg100-short,246,fresh,blind_affine,0.73828125,0.73828125,0.244140625,False
16qam-snr20-fg100-short,246,fresh,C11_legal_causal,0.69921875,0.69921875,0.2265625,False
16qam-snr20-fg100-short,246,fresh,oracle_affine_bound_KILL_ONLY,0.03125,0.03125,0.0078125,False
16qam-snr20-fg100-short,246,fresh,M1_prefix_scalar_T020,0.3359375,0.3359375,0.09375,False
16qam-snr20-fg100-short,246,fresh,M2_quantile_transport_T020,0.0859375,0.0859375,0.021484375,False
16qam-snr20-fg100-short,246,fresh,M4_gated_policy_T020,0.0859375,0.0859375,0.021484375,False
16qam-snr20-fg100-short,246,fresh,correct_pooled_sqrt_rms,0.02734375,0.02734375,0.0068359375,False
16qam-snr20-fg100-short,246,fresh,correct_per_pol_sqrt_rms,0.02734375,0.02734375,0.0068359375,False
16qam-snr20-fg100-short,246,fresh,gated_scalar_ablation,0.02734375,0.02734375,0.0068359375,False
16qam-snr20-fg100-short,246,fresh,robust_scalar,0.03125,0.03125,0.0078125,False
16qam-snr20-fg100-short,247,fresh,baseline_cma_mu0p03,0.01171875,0.01171875,0.0029296875,False
16qam-snr20-fg100-short,247,fresh,blind_affine,0.0,0.0,0.0,False
16qam-snr20-fg100-short,247,fresh,C11_legal_causal,0.0234375,0.0234375,0.005859375,False
16qam-snr20-fg100-short,247,fresh,oracle_affine_bound_KILL_ONLY,0.0,0.0,0.0,False
16qam-snr20-fg100-short,247,fresh,M1_prefix_scalar_T020,0.05859375,0.05859375,0.015625,False
16qam-snr20-fg100-short,247,fresh,M2_quantile_transport_T020,0.01171875,0.01171875,0.0029296875,False
16qam-snr20-fg100-short,247,fresh,M4_gated_policy_T020,0.01171875,0.01171875,0.0029296875,False
16qam-snr20-fg100-short,247,fresh,correct_pooled_sqrt_rms,0.0,0.0,0.0,False
16qam-snr20-fg100-short,247,fresh,correct_per_pol_sqrt_rms,0.0,0.0,0.0,False
16qam-snr20-fg100-short,247,fresh,gated_scalar_ablation,0.01171875,0.01171875,0.0029296875,False
16qam-snr20-fg100-short,247,fresh,robust_scalar,0.0,0.0,0.0,False
16qam-snr20-fg100-short,248,fresh,baseline_cma_mu0p03,0.73828125,0.73828125,0.2509765625,False
16qam-snr20-fg100-short,248,fresh,blind_affine,0.76953125,0.76953125,0.2646484375,False
16qam-snr20-fg100-short,248,fresh,C11_legal_causal,0.7421875,0.7421875,0.255859375,False
16qam-snr20-fg100-short,248,fresh,oracle_affine_bound_KILL_ONLY,0.0546875,0.0546875,0.0146484375,False
16qam-snr20-fg100-short,248,fresh,M1_prefix_scalar_T020,0.3359375,0.3359375,0.0966796875,False
16qam-snr20-fg100-short,248,fresh,M2_quantile_transport_T020,0.1328125,0.1328125,0.0341796875,False
16qam-snr20-fg100-short,248,fresh,M4_gated_policy_T020,0.1328125,0.1328125,0.0341796875,False
16qam-snr20-fg100-short,248,fresh,correct_pooled_sqrt_rms,0.046875,0.046875,0.0126953125,False
16qam-snr20-fg100-short,248,fresh,correct_per_pol_sqrt_rms,0.04296875,0.04296875,0.01171875,False
16qam-snr20-fg100-short,248,fresh,gated_scalar_ablation,0.04296875,0.04296875,0.01171875,False
16qam-snr20-fg100-short,248,fresh,robust_scalar,0.05859375,0.05859375,0.015625,False
16qam-snr20-fg100-short,249,fresh,baseline_cma_mu0p03,0.828125,0.828125,0.2890625,False
16qam-snr20-fg100-short,249,fresh,blind_affine,0.83203125,0.83203125,0.2900390625,False
16qam-snr20-fg100-short,249,fresh,C11_legal_causal,0.828125,0.828125,0.2890625,False
16qam-snr20-fg100-short,249,fresh,oracle_affine_bound_KILL_ONLY,0.1875,0.1875,0.048828125,False
16qam-snr20-fg100-short,249,fresh,M1_prefix_scalar_T020,0.58203125,0.58203125,0.1748046875,False
16qam-snr20-fg100-short,249,fresh,M2_quantile_transport_T020,0.18359375,0.18359375,0.0478515625,False
16qam-snr20-fg100-short,249,fresh,M4_gated_policy_T020,0.18359375,0.18359375,0.0478515625,False
16qam-snr20-fg100-short,249,fresh,correct_pooled_sqrt_rms,0.17578125,0.17578125,0.0458984375,False
16qam-snr20-fg100-short,249,fresh,correct_per_pol_sqrt_rms,0.171875,0.171875,0.044921875,False
16qam-snr20-fg100-short,249,fresh,gated_scalar_ablation,0.171875,0.171875,0.044921875,False
16qam-snr20-fg100-short,249,fresh,robust_scalar,0.16796875,0.16796875,0.0439453125,False
16qam-snr20-fg100-short,250,fresh,baseline_cma_mu0p03,0.77734375,0.77734375,0.2568359375,False
16qam-snr20-fg100-short,250,fresh,blind_affine,0.78125,0.78125,0.2587890625,False
16qam-snr20-fg100-short,250,fresh,C11_legal_causal,0.77734375,0.77734375,0.2578125,False
16qam-snr20-fg100-short,250,fresh,oracle_affine_bound_KILL_ONLY,0.06640625,0.06640625,0.0166015625,False
16qam-snr20-fg100-short,250,fresh,M1_prefix_scalar_T020,0.484375,0.484375,0.138671875,False
16qam-snr20-fg100-short,250,fresh,M2_quantile_transport_T020,0.1015625,0.1015625,0.025390625,False
16qam-snr20-fg100-short,250,fresh,M4_gated_policy_T020,0.1015625,0.1015625,0.025390625,False
16qam-snr20-fg100-short,250,fresh,correct_pooled_sqrt_rms,0.08203125,0.08203125,0.0205078125,False
16qam-snr20-fg100-short,250,fresh,correct_per_pol_sqrt_rms,0.07421875,0.07421875,0.0185546875,False
16qam-snr20-fg100-short,250,fresh,gated_scalar_ablation,0.07421875,0.07421875,0.0185546875,False
16qam-snr20-fg100-short,250,fresh,robust_scalar,0.078125,0.078125,0.01953125,False
16qam-snr20-fg100-short,251,fresh,baseline_cma_mu0p03,0.0,0.0,0.0,False
16qam-snr20-fg100-short,251,fresh,blind_affine,0.0,0.0,0.0,False
16qam-snr20-fg100-short,251,fresh,C11_legal_causal,0.00390625,0.00390625,0.0009765625,False
16qam-snr20-fg100-short,251,fresh,oracle_affine_bound_KILL_ONLY,0.0,0.0,0.0,False
16qam-snr20-fg100-short,251,fresh,M1_prefix_scalar_T020,0.0078125,0.0078125,0.001953125,False
16qam-snr20-fg100-short,251,fresh,M2_quantile_transport_T020,0.015625,0.015625,0.00390625,False
16qam-snr20-fg100-short,251,fresh,M4_gated_policy_T020,0.0,0.0,0.0,False
16qam-snr20-fg100-short,251,fresh,correct_pooled_sqrt_rms,0.0,0.0,0.0,False
16qam-snr20-fg100-short,251,fresh,correct_per_pol_sqrt_rms,0.0,0.0,0.0,False
16qam-snr20-fg100-short,251,fresh,gated_scalar_ablation,0.0,0.0,0.0,False
16qam-snr20-fg100-short,251,fresh,robust_scalar,0.0,0.0,0.0,False
16qam-snr20-fg100-short,252,fresh,baseline_cma_mu0p03,0.0,0.0,0.0,False
16qam-snr20-fg100-short,252,fresh,blind_affine,0.0,0.0,0.0,False
16qam-snr20-fg100-short,252,fresh,C11_legal_causal,0.0,0.0,0.0,False
16qam-snr20-fg100-short,252,fresh,oracle_affine_bound_KILL_ONLY,0.0,0.0,0.0,False
16qam-snr20-fg100-short,252,fresh,M1_prefix_scalar_T020,0.00390625,0.00390625,0.0009765625,False
16qam-snr20-fg100-short,252,fresh,M2_quantile_transport_T020,0.00390625,0.00390625,0.0009765625,False
16qam-snr20-fg100-short,252,fresh,M4_gated_policy_T020,0.0,0.0,0.0,False
16qam-snr20-fg100-short,252,fresh,correct_pooled_sqrt_rms,0.0,0.0,0.0,False
16qam-snr20-fg100-short,252,fresh,correct_per_pol_sqrt_rms,0.0,0.0,0.0,False
16qam-snr20-fg100-short,252,fresh,gated_scalar_ablation,0.0,0.0,0.0,False
16qam-snr20-fg100-short,252,fresh,robust_scalar,0.0,0.0,0.0,False
16qam-snr20-fg100-short,253,fresh,baseline_cma_mu0p03,0.0,0.0,0.0,False
16qam-snr20-fg100-short,253,fresh,blind_affine,0.0,0.0,0.0,False
16qam-snr20-fg100-short,253,fresh,C11_legal_causal,0.0,0.0,0.0,False
16qam-snr20-fg100-short,253,fresh,oracle_affine_bound_KILL_ONLY,0.0,0.0,0.0,False
16qam-snr20-fg100-short,253,fresh,M1_prefix_scalar_T020,0.01171875,0.01171875,0.0029296875,False
16qam-snr20-fg100-short,253,fresh,M2_quantile_transport_T020,0.08203125,0.08203125,0.0205078125,False
16qam-snr20-fg100-short,253,fresh,M4_gated_policy_T020,0.0,0.0,0.0,False
16qam-snr20-fg100-short,253,fresh,correct_pooled_sqrt_rms,0.0,0.0,0.0,False
16qam-snr20-fg100-short,253,fresh,correct_per_pol_sqrt_rms,0.0,0.0,0.0,False
16qam-snr20-fg100-short,253,fresh,gated_scalar_ablation,0.0,0.0,0.0,False
16qam-snr20-fg100-short,253,fresh,robust_scalar,0.0,0.0,0.0,False
16qam-snr20-fg100-short,254,fresh,baseline_cma_mu0p03,0.0,0.0,0.0,False
16qam-snr20-fg100-short,254,fresh,blind_affine,0.0,0.0,0.0,False
16qam-snr20-fg100-short,254,fresh,C11_legal_causal,0.0,0.0,0.0,False
16qam-snr20-fg100-short,254,fresh,oracle_affine_bound_KILL_ONLY,0.0,0.0,0.0,False
16qam-snr20-fg100-short,254,fresh,M1_prefix_scalar_T020,0.00390625,0.00390625,0.0009765625,False
16qam-snr20-fg100-short,254,fresh,M2_quantile_transport_T020,0.00390625,0.00390625,0.0009765625,False
16qam-snr20-fg100-short,254,fresh,M4_gated_policy_T020,0.0,0.0,0.0,False
16qam-snr20-fg100-short,254,fresh,correct_pooled_sqrt_rms,0.0,0.0,0.0,False
16qam-snr20-fg100-short,254,fresh,correct_per_pol_sqrt_rms,0.0,0.0,0.0,False
16qam-snr20-fg100-short,254,fresh,gated_scalar_ablation,0.0,0.0,0.0,False
16qam-snr20-fg100-short,254,fresh,robust_scalar,0.0,0.0,0.0,False
16qam-snr20-fg100-short,255,fresh,baseline_cma_mu0p03,0.75,0.75,0.259765625,False
16qam-snr20-fg100-short,255,fresh,blind_affine,0.7578125,0.7578125,0.26171875,False
16qam-snr20-fg100-short,255,fresh,C11_legal_causal,0.75390625,0.75390625,0.2607421875,False
16qam-snr20-fg100-short,255,fresh,oracle_affine_bound_KILL_ONLY,0.08984375,0.08984375,0.0224609375,False
16qam-snr20-fg100-short,255,fresh,M1_prefix_scalar_T020,0.53125,0.53125,0.1591796875,False
16qam-snr20-fg100-short,255,fresh,M2_quantile_transport_T020,0.08203125,0.08203125,0.0205078125,False
16qam-snr20-fg100-short,255,fresh,M4_gated_policy_T020,0.08203125,0.08203125,0.0205078125,False
16qam-snr20-fg100-short,255,fresh,correct_pooled_sqrt_rms,0.0625,0.0625,0.015625,False
16qam-snr20-fg100-short,255,fresh,correct_per_pol_sqrt_rms,0.06640625,0.06640625,0.0166015625,False
16qam-snr20-fg100-short,255,fresh,gated_scalar_ablation,0.06640625,0.06640625,0.0166015625,False
16qam-snr20-fg100-short,255,fresh,robust_scalar,0.0625,0.0625,0.015625,False
16qam-snr20-fg100-short,256,fresh,baseline_cma_mu0p03,0.16796875,0.16796875,0.0439453125,False
16qam-snr20-fg100-short,256,fresh,blind_affine,0.1953125,0.1953125,0.0537109375,False
16qam-snr20-fg100-short,256,fresh,C11_legal_causal,0.1953125,0.1953125,0.0546875,False
16qam-snr20-fg100-short,256,fresh,oracle_affine_bound_KILL_ONLY,0.2109375,0.2109375,0.056640625,False
16qam-snr20-fg100-short,256,fresh,M1_prefix_scalar_T020,0.22265625,0.22265625,0.0595703125,False
16qam-snr20-fg100-short,256,fresh,M2_quantile_transport_T020,0.2421875,0.2421875,0.06640625,False
16qam-snr20-fg100-short,256,fresh,M4_gated_policy_T020,0.16796875,0.16796875,0.0439453125,False
16qam-snr20-fg100-short,256,fresh,correct_pooled_sqrt_rms,0.171875,0.171875,0.0458984375,False
16qam-snr20-fg100-short,256,fresh,correct_per_pol_sqrt_rms,0.171875,0.171875,0.0458984375,False
16qam-snr20-fg100-short,256,fresh,gated_scalar_ablation,0.16796875,0.16796875,0.0439453125,False
16qam-snr20-fg100-short,256,fresh,robust_scalar,0.1640625,0.1640625,0.0439453125,False
16qam-snr20-fg100-short,257,fresh,baseline_cma_mu0p03,0.72265625,0.72265625,0.24609375,False
16qam-snr20-fg100-short,257,fresh,blind_affine,0.74609375,0.74609375,0.2587890625,False
16qam-snr20-fg100-short,257,fresh,C11_legal_causal,0.72265625,0.72265625,0.2490234375,False
16qam-snr20-fg100-short,257,fresh,oracle_affine_bound_KILL_ONLY,0.03125,0.03125,0.0078125,False
16qam-snr20-fg100-short,257,fresh,M1_prefix_scalar_T020,0.3984375,0.3984375,0.1181640625,False
16qam-snr20-fg100-short,257,fresh,M2_quantile_transport_T020,0.09765625,0.09765625,0.0244140625,False
16qam-snr20-fg100-short,257,fresh,M4_gated_policy_T020,0.09765625,0.09765625,0.0244140625,False
16qam-snr20-fg100-short,257,fresh,correct_pooled_sqrt_rms,0.0390625,0.0390625,0.009765625,False
16qam-snr20-fg100-short,257,fresh,correct_per_pol_sqrt_rms,0.03125,0.03125,0.0078125,False
16qam-snr20-fg100-short,257,fresh,gated_scalar_ablation,0.03125,0.03125,0.0078125,False
16qam-snr20-fg100-short,257,fresh,robust_scalar,0.03515625,0.03515625,0.0087890625,False
16qam-snr20-fg100-short,258,fresh,baseline_cma_mu0p03,0.0,0.0,0.0,False
16qam-snr20-fg100-short,258,fresh,blind_affine,0.0,0.0,0.0,False
16qam-snr20-fg100-short,258,fresh,C11_legal_causal,0.0,0.0,0.0,False
16qam-snr20-fg100-short,258,fresh,oracle_affine_bound_KILL_ONLY,0.0,0.0,0.0,False
16qam-snr20-fg100-short,258,fresh,M1_prefix_scalar_T020,0.0,0.0,0.0,False
16qam-snr20-fg100-short,258,fresh,M2_quantile_transport_T020,0.01953125,0.01953125,0.0048828125,False
16qam-snr20-fg100-short,258,fresh,M4_gated_policy_T020,0.0,0.0,0.0,False
16qam-snr20-fg100-short,258,fresh,correct_pooled_sqrt_rms,0.0,0.0,0.0,False
16qam-snr20-fg100-short,258,fresh,correct_per_pol_sqrt_rms,0.0,0.0,0.0,False
16qam-snr20-fg100-short,258,fresh,gated_scalar_ablation,0.0,0.0,0.0,False
16qam-snr20-fg100-short,258,fresh,robust_scalar,0.0,0.0,0.0,False
16qam-snr20-fg100-short,259,fresh,baseline_cma_mu0p03,0.3203125,0.3203125,0.0859375,False
16qam-snr20-fg100-short,259,fresh,blind_affine,0.16015625,0.16015625,0.0419921875,False
16qam-snr20-fg100-short,259,fresh,C11_legal_causal,0.37890625,0.37890625,0.1044921875,False
16qam-snr20-fg100-short,259,fresh,oracle_affine_bound_KILL_ONLY,0.00390625,0.00390625,0.0009765625,False
16qam-snr20-fg100-short,259,fresh,M1_prefix_scalar_T020,0.13671875,0.13671875,0.03515625,False
16qam-snr20-fg100-short,259,fresh,M2_quantile_transport_T020,0.04296875,0.04296875,0.0107421875,False
16qam-snr20-fg100-short,259,fresh,M4_gated_policy_T020,0.04296875,0.04296875,0.0107421875,False
16qam-snr20-fg100-short,259,fresh,correct_pooled_sqrt_rms,0.00390625,0.00390625,0.0009765625,False
16qam-snr20-fg100-short,259,fresh,correct_per_pol_sqrt_rms,0.0078125,0.0078125,0.001953125,False
16qam-snr20-fg100-short,259,fresh,gated_scalar_ablation,0.0078125,0.0078125,0.001953125,False
16qam-snr20-fg100-short,259,fresh,robust_scalar,0.00390625,0.00390625,0.0009765625,False
16qam-snr20-fg100-short,260,fresh,baseline_cma_mu0p03,0.578125,0.578125,0.173828125,False
16qam-snr20-fg100-short,260,fresh,blind_affine,0.7265625,0.7265625,0.2314453125,False
16qam-snr20-fg100-short,260,fresh,C11_legal_causal,0.6171875,0.6171875,0.1884765625,False
16qam-snr20-fg100-short,260,fresh,oracle_affine_bound_KILL_ONLY,0.015625,0.015625,0.00390625,False
16qam-snr20-fg100-short,260,fresh,M1_prefix_scalar_T020,0.29296875,0.29296875,0.0771484375,False
16qam-snr20-fg100-short,260,fresh,M2_quantile_transport_T020,0.01953125,0.01953125,0.0048828125,False
16qam-snr20-fg100-short,260,fresh,M4_gated_policy_T020,0.01953125,0.01953125,0.0048828125,False
16qam-snr20-fg100-short,260,fresh,correct_pooled_sqrt_rms,0.015625,0.015625,0.00390625,False
16qam-snr20-fg100-short,260,fresh,correct_per_pol_sqrt_rms,0.01171875,0.01171875,0.0029296875,False
16qam-snr20-fg100-short,260,fresh,gated_scalar_ablation,0.01171875,0.01171875,0.0029296875,False
16qam-snr20-fg100-short,260,fresh,robust_scalar,0.01171875,0.01171875,0.0029296875,False
16qam-snr10-fg100-long,201,old,baseline_cma_mu0p03,0.328125,0.328125,0.09375,False
16qam-snr10-fg100-long,201,old,blind_affine,0.33203125,0.33203125,0.095703125,False
16qam-snr10-fg100-long,201,old,C11_legal_causal,0.4375,0.4375,0.12890625,False
16qam-snr10-fg100-long,201,old,oracle_affine_bound_KILL_ONLY,0.35546875,0.35546875,0.103515625,False
16qam-snr10-fg100-long,201,old,M1_prefix_scalar_T020,0.3515625,0.3515625,0.1005859375,False
16qam-snr10-fg100-long,201,old,M2_quantile_transport_T020,0.32421875,0.32421875,0.09375,False
16qam-snr10-fg100-long,201,old,M4_gated_policy_T020,0.328125,0.328125,0.09375,False
16qam-snr10-fg100-long,201,old,correct_pooled_sqrt_rms,0.30859375,0.30859375,0.087890625,False
16qam-snr10-fg100-long,201,old,correct_per_pol_sqrt_rms,0.31640625,0.31640625,0.0908203125,False
16qam-snr10-fg100-long,201,old,gated_scalar_ablation,0.328125,0.328125,0.09375,False
16qam-snr10-fg100-long,201,old,robust_scalar,0.30859375,0.30859375,0.087890625,False
16qam-snr10-fg100-long,202,old,baseline_cma_mu0p03,0.90625,0.90625,0.44140625,False
16qam-snr10-fg100-long,202,old,blind_affine,0.91015625,0.91015625,0.439453125,False
16qam-snr10-fg100-long,202,old,C11_legal_causal,0.91796875,0.91796875,0.443359375,False
16qam-snr10-fg100-long,202,old,oracle_affine_bound_KILL_ONLY,0.9140625,0.9140625,0.4228515625,False
16qam-snr10-fg100-long,202,old,M1_prefix_scalar_T020,0.875,0.90625,0.4326171875,False
16qam-snr10-fg100-long,202,old,M2_quantile_transport_T020,0.8984375,0.9296875,0.43359375,False
16qam-snr10-fg100-long,202,old,M4_gated_policy_T020,0.90625,0.90625,0.44140625,False
16qam-snr10-fg100-long,202,old,correct_pooled_sqrt_rms,0.89453125,0.9296875,0.4326171875,False
16qam-snr10-fg100-long,202,old,correct_per_pol_sqrt_rms,0.89453125,0.92578125,0.4326171875,False
16qam-snr10-fg100-long,202,old,gated_scalar_ablation,0.90625,0.90625,0.44140625,False
16qam-snr10-fg100-long,202,old,robust_scalar,0.87890625,0.8984375,0.427734375,False
16qam-snr10-fg100-long,203,old,baseline_cma_mu0p03,0.28515625,0.28515625,0.080078125,False
16qam-snr10-fg100-long,203,old,blind_affine,0.3125,0.3125,0.087890625,False
16qam-snr10-fg100-long,203,old,C11_legal_causal,0.3046875,0.3046875,0.0849609375,False
16qam-snr10-fg100-long,203,old,oracle_affine_bound_KILL_ONLY,0.29296875,0.29296875,0.08203125,False
16qam-snr10-fg100-long,203,old,M1_prefix_scalar_T020,0.3046875,0.3046875,0.083984375,False
16qam-snr10-fg100-long,203,old,M2_quantile_transport_T020,0.34765625,0.34765625,0.0986328125,False
16qam-snr10-fg100-long,203,old,M4_gated_policy_T020,0.28515625,0.28515625,0.080078125,False
16qam-snr10-fg100-long,203,old,correct_pooled_sqrt_rms,0.27734375,0.27734375,0.078125,False
16qam-snr10-fg100-long,203,old,correct_per_pol_sqrt_rms,0.28125,0.28125,0.0791015625,False
16qam-snr10-fg100-long,203,old,gated_scalar_ablation,0.28515625,0.28515625,0.080078125,False
16qam-snr10-fg100-long,203,old,robust_scalar,0.2734375,0.2734375,0.0771484375,False
16qam-snr10-fg100-long,204,old,baseline_cma_mu0p03,0.0546875,0.0546875,0.013671875,False
16qam-snr10-fg100-long,204,old,blind_affine,0.05859375,0.05859375,0.0146484375,False
16qam-snr10-fg100-long,204,old,C11_legal_causal,0.05078125,0.05078125,0.0126953125,False
16qam-snr10-fg100-long,204,old,oracle_affine_bound_KILL_ONLY,0.0703125,0.0703125,0.017578125,False
16qam-snr10-fg100-long,204,old,M1_prefix_scalar_T020,0.05078125,0.05078125,0.0126953125,False
16qam-snr10-fg100-long,204,old,M2_quantile_transport_T020,0.1328125,0.1328125,0.033203125,False
16qam-snr10-fg100-long,204,old,M4_gated_policy_T020,0.0546875,0.0546875,0.013671875,False
16qam-snr10-fg100-long,204,old,correct_pooled_sqrt_rms,0.0546875,0.0546875,0.013671875,False
16qam-snr10-fg100-long,204,old,correct_per_pol_sqrt_rms,0.05078125,0.05078125,0.0126953125,False
16qam-snr10-fg100-long,204,old,gated_scalar_ablation,0.0546875,0.0546875,0.013671875,False
16qam-snr10-fg100-long,204,old,robust_scalar,0.0546875,0.0546875,0.013671875,False
16qam-snr10-fg100-long,205,old,baseline_cma_mu0p03,0.25390625,0.25390625,0.064453125,False
16qam-snr10-fg100-long,205,old,blind_affine,0.265625,0.265625,0.0703125,False
16qam-snr10-fg100-long,205,old,C11_legal_causal,0.265625,0.265625,0.0673828125,False
16qam-snr10-fg100-long,205,old,oracle_affine_bound_KILL_ONLY,0.26953125,0.26953125,0.0693359375,False
16qam-snr10-fg100-long,205,old,M1_prefix_scalar_T020,0.21875,0.21875,0.0576171875,False
16qam-snr10-fg100-long,205,old,M2_quantile_transport_T020,0.25390625,0.25390625,0.068359375,False
16qam-snr10-fg100-long,205,old,M4_gated_policy_T020,0.25390625,0.25390625,0.064453125,False
16qam-snr10-fg100-long,205,old,correct_pooled_sqrt_rms,0.2265625,0.2265625,0.0576171875,False
16qam-snr10-fg100-long,205,old,correct_per_pol_sqrt_rms,0.23046875,0.23046875,0.05859375,False
16qam-snr10-fg100-long,205,old,gated_scalar_ablation,0.25390625,0.25390625,0.064453125,False
16qam-snr10-fg100-long,205,old,robust_scalar,0.23046875,0.23046875,0.05859375,False
16qam-snr10-fg100-long,206,old,baseline_cma_mu0p03,0.26953125,0.26953125,0.0712890625,False
16qam-snr10-fg100-long,206,old,blind_affine,0.27734375,0.27734375,0.076171875,False
16qam-snr10-fg100-long,206,old,C11_legal_causal,0.2734375,0.2734375,0.072265625,False
16qam-snr10-fg100-long,206,old,oracle_affine_bound_KILL_ONLY,0.27734375,0.27734375,0.076171875,False
16qam-snr10-fg100-long,206,old,M1_prefix_scalar_T020,0.2265625,0.2265625,0.0625,False
16qam-snr10-fg100-long,206,old,M2_quantile_transport_T020,0.28515625,0.28515625,0.07421875,False
16qam-snr10-fg100-long,206,old,M4_gated_policy_T020,0.26953125,0.26953125,0.0712890625,False
16qam-snr10-fg100-long,206,old,correct_pooled_sqrt_rms,0.2421875,0.2421875,0.0673828125,False
16qam-snr10-fg100-long,206,old,correct_per_pol_sqrt_rms,0.23828125,0.23828125,0.0654296875,False
16qam-snr10-fg100-long,206,old,gated_scalar_ablation,0.26953125,0.26953125,0.0712890625,False
16qam-snr10-fg100-long,206,old,robust_scalar,0.23828125,0.23828125,0.06640625,False
16qam-snr10-fg100-long,207,old,baseline_cma_mu0p03,0.43359375,0.43359375,0.1240234375,False
16qam-snr10-fg100-long,207,old,blind_affine,0.44921875,0.44921875,0.1279296875,False
16qam-snr10-fg100-long,207,old,C11_legal_causal,0.4375,0.4375,0.1259765625,False
16qam-snr10-fg100-long,207,old,oracle_affine_bound_KILL_ONLY,0.43359375,0.43359375,0.125,False
16qam-snr10-fg100-long,207,old,M1_prefix_scalar_T020,0.38671875,0.38671875,0.11328125,False
16qam-snr10-fg100-long,207,old,M2_quantile_transport_T020,0.4453125,0.4453125,0.126953125,False
16qam-snr10-fg100-long,207,old,M4_gated_policy_T020,0.43359375,0.43359375,0.1240234375,False
16qam-snr10-fg100-long,207,old,correct_pooled_sqrt_rms,0.41015625,0.41015625,0.1181640625,False
16qam-snr10-fg100-long,207,old,correct_per_pol_sqrt_rms,0.41015625,0.41015625,0.119140625,False
16qam-snr10-fg100-long,207,old,gated_scalar_ablation,0.43359375,0.43359375,0.1240234375,False
16qam-snr10-fg100-long,207,old,robust_scalar,0.39453125,0.39453125,0.1162109375,False
16qam-snr10-fg100-long,208,old,baseline_cma_mu0p03,0.7265625,0.7265625,0.251953125,False
16qam-snr10-fg100-long,208,old,blind_affine,0.73046875,0.73046875,0.251953125,False
16qam-snr10-fg100-long,208,old,C11_legal_causal,0.7265625,0.7265625,0.2548828125,False
16qam-snr10-fg100-long,208,old,oracle_affine_bound_KILL_ONLY,0.71875,0.71875,0.2451171875,False
16qam-snr10-fg100-long,208,old,M1_prefix_scalar_T020,0.69140625,0.69140625,0.2587890625,False
16qam-snr10-fg100-long,208,old,M2_quantile_transport_T020,0.66796875,0.66796875,0.220703125,False
16qam-snr10-fg100-long,208,old,M4_gated_policy_T020,0.66796875,0.66796875,0.220703125,False
16qam-snr10-fg100-long,208,old,correct_pooled_sqrt_rms,0.67578125,0.67578125,0.22265625,False
16qam-snr10-fg100-long,208,old,correct_per_pol_sqrt_rms,0.6796875,0.6796875,0.2236328125,False
16qam-snr10-fg100-long,208,old,gated_scalar_ablation,0.6796875,0.6796875,0.2236328125,False
16qam-snr10-fg100-long,208,old,robust_scalar,0.671875,0.671875,0.2236328125,False
16qam-snr10-fg100-long,209,old,baseline_cma_mu0p03,0.29296875,0.29296875,0.080078125,False
16qam-snr10-fg100-long,209,old,blind_affine,0.29296875,0.29296875,0.080078125,False
16qam-snr10-fg100-long,209,old,C11_legal_causal,0.29296875,0.29296875,0.078125,False
16qam-snr10-fg100-long,209,old,oracle_affine_bound_KILL_ONLY,0.31640625,0.31640625,0.083984375,False
16qam-snr10-fg100-long,209,old,M1_prefix_scalar_T020,0.28515625,0.28515625,0.0771484375,False
16qam-snr10-fg100-long,209,old,M2_quantile_transport_T020,0.3046875,0.3046875,0.083984375,False
16qam-snr10-fg100-long,209,old,M4_gated_policy_T020,0.29296875,0.29296875,0.080078125,False
16qam-snr10-fg100-long,209,old,correct_pooled_sqrt_rms,0.27734375,0.27734375,0.076171875,False
16qam-snr10-fg100-long,209,old,correct_per_pol_sqrt_rms,0.26953125,0.26953125,0.07421875,False
16qam-snr10-fg100-long,209,old,gated_scalar_ablation,0.29296875,0.29296875,0.080078125,False
16qam-snr10-fg100-long,209,old,robust_scalar,0.28125,0.28125,0.0771484375,False
16qam-snr10-fg100-long,210,old,baseline_cma_mu0p03,0.50390625,0.50390625,0.1474609375,False
16qam-snr10-fg100-long,210,old,blind_affine,0.48046875,0.48046875,0.142578125,False
16qam-snr10-fg100-long,210,old,C11_legal_causal,0.5078125,0.5078125,0.1484375,False
16qam-snr10-fg100-long,210,old,oracle_affine_bound_KILL_ONLY,0.48828125,0.48828125,0.1416015625,False
16qam-snr10-fg100-long,210,old,M1_prefix_scalar_T020,0.4375,0.4375,0.130859375,False
16qam-snr10-fg100-long,210,old,M2_quantile_transport_T020,0.48046875,0.48046875,0.1396484375,False
16qam-snr10-fg100-long,210,old,M4_gated_policy_T020,0.50390625,0.50390625,0.1474609375,False
16qam-snr10-fg100-long,210,old,correct_pooled_sqrt_rms,0.46875,0.46875,0.13671875,False
16qam-snr10-fg100-long,210,old,correct_per_pol_sqrt_rms,0.47265625,0.47265625,0.1376953125,False
16qam-snr10-fg100-long,210,old,gated_scalar_ablation,0.50390625,0.50390625,0.1474609375,False
16qam-snr10-fg100-long,210,old,robust_scalar,0.46875,0.46875,0.13671875,False
16qam-snr10-fg100-long,211,old,baseline_cma_mu0p03,0.359375,0.359375,0.10546875,False
16qam-snr10-fg100-long,211,old,blind_affine,0.359375,0.359375,0.1064453125,False
16qam-snr10-fg100-long,211,old,C11_legal_causal,0.34765625,0.34765625,0.1025390625,False
16qam-snr10-fg100-long,211,old,oracle_affine_bound_KILL_ONLY,0.375,0.375,0.111328125,False
16qam-snr10-fg100-long,211,old,M1_prefix_scalar_T020,0.42578125,0.42578125,0.123046875,False
16qam-snr10-fg100-long,211,old,M2_quantile_transport_T020,0.3671875,0.3671875,0.109375,False
16qam-snr10-fg100-long,211,old,M4_gated_policy_T020,0.359375,0.359375,0.10546875,False
16qam-snr10-fg100-long,211,old,correct_pooled_sqrt_rms,0.390625,0.390625,0.1142578125,False
16qam-snr10-fg100-long,211,old,correct_per_pol_sqrt_rms,0.38671875,0.38671875,0.11328125,False
16qam-snr10-fg100-long,211,old,gated_scalar_ablation,0.359375,0.359375,0.10546875,False
16qam-snr10-fg100-long,211,old,robust_scalar,0.3984375,0.3984375,0.1162109375,False
16qam-snr10-fg100-long,212,old,baseline_cma_mu0p03,0.08984375,0.08984375,0.0224609375,False
16qam-snr10-fg100-long,212,old,blind_affine,0.09375,0.09375,0.0234375,False
16qam-snr10-fg100-long,212,old,C11_legal_causal,0.0859375,0.0859375,0.021484375,False
16qam-snr10-fg100-long,212,old,oracle_affine_bound_KILL_ONLY,0.1015625,0.1015625,0.025390625,False
16qam-snr10-fg100-long,212,old,M1_prefix_scalar_T020,0.10546875,0.10546875,0.0263671875,False
16qam-snr10-fg100-long,212,old,M2_quantile_transport_T020,0.125,0.125,0.03125,False
16qam-snr10-fg100-long,212,old,M4_gated_policy_T020,0.08984375,0.08984375,0.0224609375,False
16qam-snr10-fg100-long,212,old,correct_pooled_sqrt_rms,0.09375,0.09375,0.0234375,False
16qam-snr10-fg100-long,212,old,correct_per_pol_sqrt_rms,0.09765625,0.09765625,0.0244140625,False
16qam-snr10-fg100-long,212,old,gated_scalar_ablation,0.08984375,0.08984375,0.0224609375,False
16qam-snr10-fg100-long,212,old,robust_scalar,0.0859375,0.0859375,0.021484375,False
16qam-snr10-fg100-long,213,old,baseline_cma_mu0p03,0.046875,0.046875,0.01171875,False
16qam-snr10-fg100-long,213,old,blind_affine,0.05078125,0.05078125,0.0126953125,False
16qam-snr10-fg100-long,213,old,C11_legal_causal,0.046875,0.046875,0.01171875,False
16qam-snr10-fg100-long,213,old,oracle_affine_bound_KILL_ONLY,0.03515625,0.03515625,0.0087890625,False
16qam-snr10-fg100-long,213,old,M1_prefix_scalar_T020,0.04296875,0.04296875,0.0107421875,False
16qam-snr10-fg100-long,213,old,M2_quantile_transport_T020,0.109375,0.109375,0.02734375,False
16qam-snr10-fg100-long,213,old,M4_gated_policy_T020,0.046875,0.046875,0.01171875,False
16qam-snr10-fg100-long,213,old,correct_pooled_sqrt_rms,0.046875,0.046875,0.01171875,False
16qam-snr10-fg100-long,213,old,correct_per_pol_sqrt_rms,0.0546875,0.0546875,0.013671875,False
16qam-snr10-fg100-long,213,old,gated_scalar_ablation,0.046875,0.046875,0.01171875,False
16qam-snr10-fg100-long,213,old,robust_scalar,0.0546875,0.0546875,0.013671875,False
16qam-snr10-fg100-long,214,old,baseline_cma_mu0p03,0.02734375,0.02734375,0.0078125,False
16qam-snr10-fg100-long,214,old,blind_affine,0.046875,0.046875,0.0126953125,False
16qam-snr10-fg100-long,214,old,C11_legal_causal,0.03515625,0.03515625,0.0087890625,False
16qam-snr10-fg100-long,214,old,oracle_affine_bound_KILL_ONLY,0.04296875,0.04296875,0.01171875,False
16qam-snr10-fg100-long,214,old,M1_prefix_scalar_T020,0.03125,0.03125,0.0078125,False
16qam-snr10-fg100-long,214,old,M2_quantile_transport_T020,0.07421875,0.07421875,0.01953125,False
16qam-snr10-fg100-long,214,old,M4_gated_policy_T020,0.02734375,0.02734375,0.0078125,False
16qam-snr10-fg100-long,214,old,correct_pooled_sqrt_rms,0.0390625,0.0390625,0.009765625,False
16qam-snr10-fg100-long,214,old,correct_per_pol_sqrt_rms,0.03515625,0.03515625,0.0087890625,False
16qam-snr10-fg100-long,214,old,gated_scalar_ablation,0.02734375,0.02734375,0.0078125,False
16qam-snr10-fg100-long,214,old,robust_scalar,0.02734375,0.02734375,0.0068359375,False
16qam-snr10-fg100-long,215,old,baseline_cma_mu0p03,0.10546875,0.10546875,0.02734375,False
16qam-snr10-fg100-long,215,old,blind_affine,0.11328125,0.11328125,0.0302734375,False
16qam-snr10-fg100-long,215,old,C11_legal_causal,0.10546875,0.10546875,0.02734375,False
16qam-snr10-fg100-long,215,old,oracle_affine_bound_KILL_ONLY,0.09375,0.09375,0.0244140625,False
16qam-snr10-fg100-long,215,old,M1_prefix_scalar_T020,0.09765625,0.09765625,0.025390625,False
16qam-snr10-fg100-long,215,old,M2_quantile_transport_T020,0.15625,0.15625,0.0419921875,False
16qam-snr10-fg100-long,215,old,M4_gated_policy_T020,0.10546875,0.10546875,0.02734375,False
16qam-snr10-fg100-long,215,old,correct_pooled_sqrt_rms,0.10546875,0.10546875,0.02734375,False
16qam-snr10-fg100-long,215,old,correct_per_pol_sqrt_rms,0.10546875,0.10546875,0.02734375,False
16qam-snr10-fg100-long,215,old,gated_scalar_ablation,0.10546875,0.10546875,0.02734375,False
16qam-snr10-fg100-long,215,old,robust_scalar,0.1015625,0.1015625,0.0263671875,False
16qam-snr10-fg100-long,216,old,baseline_cma_mu0p03,0.140625,0.140625,0.0361328125,False
16qam-snr10-fg100-long,216,old,blind_affine,0.13671875,0.13671875,0.0361328125,False
16qam-snr10-fg100-long,216,old,C11_legal_causal,0.140625,0.140625,0.0361328125,False
16qam-snr10-fg100-long,216,old,oracle_affine_bound_KILL_ONLY,0.16015625,0.16015625,0.0400390625,False
16qam-snr10-fg100-long,216,old,M1_prefix_scalar_T020,0.14453125,0.14453125,0.0380859375,False
16qam-snr10-fg100-long,216,old,M2_quantile_transport_T020,0.13671875,0.13671875,0.03515625,False
16qam-snr10-fg100-long,216,old,M4_gated_policy_T020,0.140625,0.140625,0.0361328125,False
16qam-snr10-fg100-long,216,old,correct_pooled_sqrt_rms,0.13671875,0.13671875,0.0361328125,False
16qam-snr10-fg100-long,216,old,correct_per_pol_sqrt_rms,0.13671875,0.13671875,0.0361328125,False
16qam-snr10-fg100-long,216,old,gated_scalar_ablation,0.140625,0.140625,0.0361328125,False
16qam-snr10-fg100-long,216,old,robust_scalar,0.13671875,0.13671875,0.0361328125,False
16qam-snr10-fg100-long,217,old,baseline_cma_mu0p03,0.359375,0.359375,0.0966796875,False
16qam-snr10-fg100-long,217,old,blind_affine,0.37890625,0.37890625,0.1025390625,False
16qam-snr10-fg100-long,217,old,C11_legal_causal,0.3515625,0.3515625,0.095703125,False
16qam-snr10-fg100-long,217,old,oracle_affine_bound_KILL_ONLY,0.3671875,0.3671875,0.099609375,False
16qam-snr10-fg100-long,217,old,M1_prefix_scalar_T020,0.33203125,0.33203125,0.08984375,False
16qam-snr10-fg100-long,217,old,M2_quantile_transport_T020,0.359375,0.359375,0.099609375,False
16qam-snr10-fg100-long,217,old,M4_gated_policy_T020,0.359375,0.359375,0.0966796875,False
16qam-snr10-fg100-long,217,old,correct_pooled_sqrt_rms,0.3359375,0.3359375,0.091796875,False
16qam-snr10-fg100-long,217,old,correct_per_pol_sqrt_rms,0.33984375,0.33984375,0.0947265625,False
16qam-snr10-fg100-long,217,old,gated_scalar_ablation,0.359375,0.359375,0.0966796875,False
16qam-snr10-fg100-long,217,old,robust_scalar,0.34765625,0.34765625,0.095703125,False
16qam-snr10-fg100-long,218,old,baseline_cma_mu0p03,0.6640625,0.6640625,0.224609375,False
16qam-snr10-fg100-long,218,old,blind_affine,0.67578125,0.67578125,0.228515625,False
16qam-snr10-fg100-long,218,old,C11_legal_causal,0.671875,0.671875,0.228515625,False
16qam-snr10-fg100-long,218,old,oracle_affine_bound_KILL_ONLY,0.58203125,0.58203125,0.185546875,False
16qam-snr10-fg100-long,218,old,M1_prefix_scalar_T020,0.578125,0.578125,0.189453125,False
16qam-snr10-fg100-long,218,old,M2_quantile_transport_T020,0.57421875,0.57421875,0.1845703125,False
16qam-snr10-fg100-long,218,old,M4_gated_policy_T020,0.57421875,0.57421875,0.1845703125,False
16qam-snr10-fg100-long,218,old,correct_pooled_sqrt_rms,0.5625,0.5625,0.177734375,False
16qam-snr10-fg100-long,218,old,correct_per_pol_sqrt_rms,0.5625,0.5625,0.1787109375,False
16qam-snr10-fg100-long,218,old,gated_scalar_ablation,0.5625,0.5625,0.1787109375,False
16qam-snr10-fg100-long,218,old,robust_scalar,0.57421875,0.57421875,0.1826171875,False
16qam-snr10-fg100-long,219,old,baseline_cma_mu0p03,0.25,0.25,0.064453125,False
16qam-snr10-fg100-long,219,old,blind_affine,0.28515625,0.28515625,0.07421875,False
16qam-snr10-fg100-long,219,old,C11_legal_causal,0.26171875,0.26171875,0.0673828125,False
16qam-snr10-fg100-long,219,old,oracle_affine_bound_KILL_ONLY,0.265625,0.265625,0.0693359375,False
16qam-snr10-fg100-long,219,old,M1_prefix_scalar_T020,0.2578125,0.2578125,0.0673828125,False
16qam-snr10-fg100-long,219,old,M2_quantile_transport_T020,0.30078125,0.30078125,0.076171875,False
16qam-snr10-fg100-long,219,old,M4_gated_policy_T020,0.25,0.25,0.064453125,False
16qam-snr10-fg100-long,219,old,correct_pooled_sqrt_rms,0.25,0.25,0.0634765625,False
16qam-snr10-fg100-long,219,old,correct_per_pol_sqrt_rms,0.25390625,0.25390625,0.0654296875,False
16qam-snr10-fg100-long,219,old,gated_scalar_ablation,0.25,0.25,0.064453125,False
16qam-snr10-fg100-long,219,old,robust_scalar,0.265625,0.265625,0.068359375,False
16qam-snr10-fg100-long,220,old,baseline_cma_mu0p03,0.4453125,0.4453125,0.1318359375,False
16qam-snr10-fg100-long,220,old,blind_affine,0.4453125,0.4453125,0.1328125,False
16qam-snr10-fg100-long,220,old,C11_legal_causal,0.4375,0.4375,0.12890625,False
16qam-snr10-fg100-long,220,old,oracle_affine_bound_KILL_ONLY,0.44921875,0.44921875,0.134765625,False
16qam-snr10-fg100-long,220,old,M1_prefix_scalar_T020,0.40625,0.40625,0.1171875,False
16qam-snr10-fg100-long,220,old,M2_quantile_transport_T020,0.42578125,0.42578125,0.1240234375,False
16qam-snr10-fg100-long,220,old,M4_gated_policy_T020,0.4453125,0.4453125,0.1318359375,False
16qam-snr10-fg100-long,220,old,correct_pooled_sqrt_rms,0.40625,0.40625,0.1171875,False
16qam-snr10-fg100-long,220,old,correct_per_pol_sqrt_rms,0.3984375,0.3984375,0.115234375,False
16qam-snr10-fg100-long,220,old,gated_scalar_ablation,0.4453125,0.4453125,0.1318359375,False
16qam-snr10-fg100-long,220,old,robust_scalar,0.39453125,0.39453125,0.11328125,False
16qam-snr10-fg100-long,241,fresh,baseline_cma_mu0p03,0.29296875,0.29296875,0.080078125,False
16qam-snr10-fg100-long,241,fresh,blind_affine,0.29296875,0.29296875,0.080078125,False
16qam-snr10-fg100-long,241,fresh,C11_legal_causal,0.296875,0.296875,0.0810546875,False
16qam-snr10-fg100-long,241,fresh,oracle_affine_bound_KILL_ONLY,0.31640625,0.31640625,0.0849609375,False
16qam-snr10-fg100-long,241,fresh,M1_prefix_scalar_T020,0.296875,0.296875,0.0859375,False
16qam-snr10-fg100-long,241,fresh,M2_quantile_transport_T020,0.265625,0.265625,0.072265625,False
16qam-snr10-fg100-long,241,fresh,M4_gated_policy_T020,0.29296875,0.29296875,0.080078125,False
16qam-snr10-fg100-long,241,fresh,correct_pooled_sqrt_rms,0.26953125,0.26953125,0.0732421875,False
16qam-snr10-fg100-long,241,fresh,correct_per_pol_sqrt_rms,0.2734375,0.2734375,0.07421875,False
16qam-snr10-fg100-long,241,fresh,gated_scalar_ablation,0.29296875,0.29296875,0.080078125,False
16qam-snr10-fg100-long,241,fresh,robust_scalar,0.26953125,0.26953125,0.0732421875,False
16qam-snr10-fg100-long,242,fresh,baseline_cma_mu0p03,0.8359375,0.8359375,0.30859375,False
16qam-snr10-fg100-long,242,fresh,blind_affine,0.81640625,0.81640625,0.3046875,False
16qam-snr10-fg100-long,242,fresh,C11_legal_causal,0.828125,0.828125,0.3056640625,False
16qam-snr10-fg100-long,242,fresh,oracle_affine_bound_KILL_ONLY,0.8046875,0.8046875,0.279296875,False
16qam-snr10-fg100-long,242,fresh,M1_prefix_scalar_T020,0.70703125,0.70703125,0.287109375,False
16qam-snr10-fg100-long,242,fresh,M2_quantile_transport_T020,0.7265625,0.7265625,0.2626953125,False
16qam-snr10-fg100-long,242,fresh,M4_gated_policy_T020,0.7265625,0.7265625,0.2626953125,False
16qam-snr10-fg100-long,242,fresh,correct_pooled_sqrt_rms,0.69921875,0.69921875,0.259765625,False
16qam-snr10-fg100-long,242,fresh,correct_per_pol_sqrt_rms,0.70703125,0.70703125,0.259765625,False
16qam-snr10-fg100-long,242,fresh,gated_scalar_ablation,0.70703125,0.70703125,0.259765625,False
16qam-snr10-fg100-long,242,fresh,robust_scalar,0.70703125,0.70703125,0.2626953125,False
16qam-snr10-fg100-long,243,fresh,baseline_cma_mu0p03,0.46875,0.46875,0.1337890625,False
16qam-snr10-fg100-long,243,fresh,blind_affine,0.51171875,0.51171875,0.146484375,False
16qam-snr10-fg100-long,243,fresh,C11_legal_causal,0.48046875,0.48046875,0.13671875,False
16qam-snr10-fg100-long,243,fresh,oracle_affine_bound_KILL_ONLY,0.46875,0.46875,0.1337890625,False
16qam-snr10-fg100-long,243,fresh,M1_prefix_scalar_T020,0.41796875,0.41796875,0.1142578125,False
16qam-snr10-fg100-long,243,fresh,M2_quantile_transport_T020,0.47265625,0.47265625,0.1337890625,False
16qam-snr10-fg100-long,243,fresh,M4_gated_policy_T020,0.46875,0.46875,0.1337890625,False
16qam-snr10-fg100-long,243,fresh,correct_pooled_sqrt_rms,0.43359375,0.43359375,0.12109375,False
16qam-snr10-fg100-long,243,fresh,correct_per_pol_sqrt_rms,0.42578125,0.42578125,0.1181640625,False
16qam-snr10-fg100-long,243,fresh,gated_scalar_ablation,0.46875,0.46875,0.1337890625,False
16qam-snr10-fg100-long,243,fresh,robust_scalar,0.4140625,0.4140625,0.1162109375,False
16qam-snr10-fg100-long,244,fresh,baseline_cma_mu0p03,0.046875,0.046875,0.0126953125,False
16qam-snr10-fg100-long,244,fresh,blind_affine,0.05859375,0.05859375,0.015625,False
16qam-snr10-fg100-long,244,fresh,C11_legal_causal,0.0625,0.0625,0.0166015625,False
16qam-snr10-fg100-long,244,fresh,oracle_affine_bound_KILL_ONLY,0.046875,0.046875,0.013671875,False
16qam-snr10-fg100-long,244,fresh,M1_prefix_scalar_T020,0.0703125,0.0703125,0.0185546875,False
16qam-snr10-fg100-long,244,fresh,M2_quantile_transport_T020,0.1015625,0.1015625,0.0263671875,False
16qam-snr10-fg100-long,244,fresh,M4_gated_policy_T020,0.046875,0.046875,0.0126953125,False
16qam-snr10-fg100-long,244,fresh,correct_pooled_sqrt_rms,0.05859375,0.05859375,0.015625,False
16qam-snr10-fg100-long,244,fresh,correct_per_pol_sqrt_rms,0.0625,0.0625,0.0166015625,False
16qam-snr10-fg100-long,244,fresh,gated_scalar_ablation,0.046875,0.046875,0.0126953125,False
16qam-snr10-fg100-long,244,fresh,robust_scalar,0.046875,0.046875,0.0126953125,False
16qam-snr10-fg100-long,245,fresh,baseline_cma_mu0p03,0.04296875,0.04296875,0.0107421875,False
16qam-snr10-fg100-long,245,fresh,blind_affine,0.0625,0.0625,0.015625,False
16qam-snr10-fg100-long,245,fresh,C11_legal_causal,0.0625,0.0625,0.015625,False
16qam-snr10-fg100-long,245,fresh,oracle_affine_bound_KILL_ONLY,0.0703125,0.0703125,0.017578125,False
16qam-snr10-fg100-long,245,fresh,M1_prefix_scalar_T020,0.05078125,0.05078125,0.013671875,False
16qam-snr10-fg100-long,245,fresh,M2_quantile_transport_T020,0.09765625,0.09765625,0.0244140625,False
16qam-snr10-fg100-long,245,fresh,M4_gated_policy_T020,0.04296875,0.04296875,0.0107421875,False
16qam-snr10-fg100-long,245,fresh,correct_pooled_sqrt_rms,0.046875,0.046875,0.01171875,False
16qam-snr10-fg100-long,245,fresh,correct_per_pol_sqrt_rms,0.046875,0.046875,0.01171875,False
16qam-snr10-fg100-long,245,fresh,gated_scalar_ablation,0.04296875,0.04296875,0.0107421875,False
16qam-snr10-fg100-long,245,fresh,robust_scalar,0.04296875,0.04296875,0.0107421875,False
16qam-snr10-fg100-long,246,fresh,baseline_cma_mu0p03,0.1484375,0.1484375,0.0380859375,False
16qam-snr10-fg100-long,246,fresh,blind_affine,0.140625,0.140625,0.0361328125,False
16qam-snr10-fg100-long,246,fresh,C11_legal_causal,0.1484375,0.1484375,0.0380859375,False
16qam-snr10-fg100-long,246,fresh,oracle_affine_bound_KILL_ONLY,0.125,0.125,0.0322265625,False
16qam-snr10-fg100-long,246,fresh,M1_prefix_scalar_T020,0.15234375,0.15234375,0.0400390625,False
16qam-snr10-fg100-long,246,fresh,M2_quantile_transport_T020,0.171875,0.171875,0.046875,False
16qam-snr10-fg100-long,246,fresh,M4_gated_policy_T020,0.1484375,0.1484375,0.0380859375,False
16qam-snr10-fg100-long,246,fresh,correct_pooled_sqrt_rms,0.14453125,0.14453125,0.037109375,False
16qam-snr10-fg100-long,246,fresh,correct_per_pol_sqrt_rms,0.14453125,0.14453125,0.037109375,False
16qam-snr10-fg100-long,246,fresh,gated_scalar_ablation,0.1484375,0.1484375,0.0380859375,False
16qam-snr10-fg100-long,246,fresh,robust_scalar,0.1484375,0.1484375,0.0380859375,False
16qam-snr10-fg100-long,247,fresh,baseline_cma_mu0p03,0.73828125,0.73828125,0.251953125,False
16qam-snr10-fg100-long,247,fresh,blind_affine,0.73828125,0.73828125,0.2490234375,False
16qam-snr10-fg100-long,247,fresh,C11_legal_causal,0.7421875,0.7421875,0.2548828125,False
16qam-snr10-fg100-long,247,fresh,oracle_affine_bound_KILL_ONLY,0.65625,0.65625,0.21875,False
16qam-snr10-fg100-long,247,fresh,M1_prefix_scalar_T020,0.63671875,0.63671875,0.232421875,False
16qam-snr10-fg100-long,247,fresh,M2_quantile_transport_T020,0.640625,0.640625,0.2099609375,False
16qam-snr10-fg100-long,247,fresh,M4_gated_policy_T020,0.640625,0.640625,0.2099609375,False
16qam-snr10-fg100-long,247,fresh,correct_pooled_sqrt_rms,0.625,0.625,0.2099609375,False
16qam-snr10-fg100-long,247,fresh,correct_per_pol_sqrt_rms,0.625,0.625,0.208984375,False
16qam-snr10-fg100-long,247,fresh,gated_scalar_ablation,0.625,0.625,0.208984375,False
16qam-snr10-fg100-long,247,fresh,robust_scalar,0.6171875,0.6171875,0.205078125,False
16qam-snr10-fg100-long,248,fresh,baseline_cma_mu0p03,0.71484375,0.71484375,0.251953125,False
16qam-snr10-fg100-long,248,fresh,blind_affine,0.7265625,0.7265625,0.259765625,False
16qam-snr10-fg100-long,248,fresh,C11_legal_causal,0.71875,0.71875,0.2529296875,False
16qam-snr10-fg100-long,248,fresh,oracle_affine_bound_KILL_ONLY,0.6484375,0.6484375,0.228515625,False
16qam-snr10-fg100-long,248,fresh,M1_prefix_scalar_T020,0.6796875,0.6796875,0.2529296875,False
16qam-snr10-fg100-long,248,fresh,M2_quantile_transport_T020,0.6640625,0.6640625,0.228515625,False
16qam-snr10-fg100-long,248,fresh,M4_gated_policy_T020,0.6640625,0.6640625,0.228515625,False
16qam-snr10-fg100-long,248,fresh,correct_pooled_sqrt_rms,0.68359375,0.68359375,0.232421875,False
16qam-snr10-fg100-long,248,fresh,correct_per_pol_sqrt_rms,0.68359375,0.68359375,0.232421875,False
16qam-snr10-fg100-long,248,fresh,gated_scalar_ablation,0.68359375,0.68359375,0.232421875,False
16qam-snr10-fg100-long,248,fresh,robust_scalar,0.6640625,0.6640625,0.2275390625,False
16qam-snr10-fg100-long,249,fresh,baseline_cma_mu0p03,0.6484375,0.6484375,0.2041015625,False
16qam-snr10-fg100-long,249,fresh,blind_affine,0.65625,0.65625,0.2080078125,False
16qam-snr10-fg100-long,249,fresh,C11_legal_causal,0.6484375,0.6484375,0.2041015625,False
16qam-snr10-fg100-long,249,fresh,oracle_affine_bound_KILL_ONLY,0.6171875,0.6171875,0.1953125,False
16qam-snr10-fg100-long,249,fresh,M1_prefix_scalar_T020,0.57421875,0.57421875,0.1875,False
16qam-snr10-fg100-long,249,fresh,M2_quantile_transport_T020,0.546875,0.546875,0.171875,False
16qam-snr10-fg100-long,249,fresh,M4_gated_policy_T020,0.546875,0.546875,0.171875,False
16qam-snr10-fg100-long,249,fresh,correct_pooled_sqrt_rms,0.5234375,0.5234375,0.166015625,False
16qam-snr10-fg100-long,249,fresh,correct_per_pol_sqrt_rms,0.54296875,0.54296875,0.17578125,False
16qam-snr10-fg100-long,249,fresh,gated_scalar_ablation,0.54296875,0.54296875,0.17578125,False
16qam-snr10-fg100-long,249,fresh,robust_scalar,0.546875,0.546875,0.1787109375,False
16qam-snr10-fg100-long,250,fresh,baseline_cma_mu0p03,0.4765625,0.4765625,0.1337890625,False
16qam-snr10-fg100-long,250,fresh,blind_affine,0.46875,0.46875,0.1328125,False
16qam-snr10-fg100-long,250,fresh,C11_legal_causal,0.46875,0.46875,0.1298828125,False
16qam-snr10-fg100-long,250,fresh,oracle_affine_bound_KILL_ONLY,0.46875,0.46875,0.1298828125,False
16qam-snr10-fg100-long,250,fresh,M1_prefix_scalar_T020,0.45703125,0.45703125,0.126953125,False
16qam-snr10-fg100-long,250,fresh,M2_quantile_transport_T020,0.4609375,0.4609375,0.1279296875,False
16qam-snr10-fg100-long,250,fresh,M4_gated_policy_T020,0.4765625,0.4765625,0.1337890625,False
16qam-snr10-fg100-long,250,fresh,correct_pooled_sqrt_rms,0.42578125,0.42578125,0.1201171875,False
16qam-snr10-fg100-long,250,fresh,correct_per_pol_sqrt_rms,0.421875,0.421875,0.119140625,False
16qam-snr10-fg100-long,250,fresh,gated_scalar_ablation,0.4765625,0.4765625,0.1337890625,False
16qam-snr10-fg100-long,250,fresh,robust_scalar,0.43359375,0.43359375,0.1201171875,False
16qam-snr10-fg100-long,251,fresh,baseline_cma_mu0p03,0.21484375,0.21484375,0.0576171875,False
16qam-snr10-fg100-long,251,fresh,blind_affine,0.203125,0.203125,0.0537109375,False
16qam-snr10-fg100-long,251,fresh,C11_legal_causal,0.203125,0.203125,0.0537109375,False
16qam-snr10-fg100-long,251,fresh,oracle_affine_bound_KILL_ONLY,0.2109375,0.2109375,0.0556640625,False
16qam-snr10-fg100-long,251,fresh,M1_prefix_scalar_T020,0.1953125,0.1953125,0.0517578125,False
16qam-snr10-fg100-long,251,fresh,M2_quantile_transport_T020,0.23046875,0.23046875,0.064453125,False
16qam-snr10-fg100-long,251,fresh,M4_gated_policy_T020,0.21484375,0.21484375,0.0576171875,False
16qam-snr10-fg100-long,251,fresh,correct_pooled_sqrt_rms,0.21484375,0.21484375,0.056640625,False
16qam-snr10-fg100-long,251,fresh,correct_per_pol_sqrt_rms,0.2109375,0.2109375,0.056640625,False
16qam-snr10-fg100-long,251,fresh,gated_scalar_ablation,0.21484375,0.21484375,0.0576171875,False
16qam-snr10-fg100-long,251,fresh,robust_scalar,0.19140625,0.19140625,0.05078125,False
16qam-snr10-fg100-long,252,fresh,baseline_cma_mu0p03,0.3984375,0.3984375,0.1142578125,False
16qam-snr10-fg100-long,252,fresh,blind_affine,0.42578125,0.42578125,0.1220703125,False
16qam-snr10-fg100-long,252,fresh,C11_legal_causal,0.39453125,0.39453125,0.1123046875,False
16qam-snr10-fg100-long,252,fresh,oracle_affine_bound_KILL_ONLY,0.37109375,0.37109375,0.1064453125,False
16qam-snr10-fg100-long,252,fresh,M1_prefix_scalar_T020,0.34765625,0.34765625,0.099609375,False
16qam-snr10-fg100-long,252,fresh,M2_quantile_transport_T020,0.38671875,0.38671875,0.1103515625,False
16qam-snr10-fg100-long,252,fresh,M4_gated_policy_T020,0.3984375,0.3984375,0.1142578125,False
16qam-snr10-fg100-long,252,fresh,correct_pooled_sqrt_rms,0.35546875,0.35546875,0.1015625,False
16qam-snr10-fg100-long,252,fresh,correct_per_pol_sqrt_rms,0.3515625,0.3515625,0.1005859375,False
16qam-snr10-fg100-long,252,fresh,gated_scalar_ablation,0.3984375,0.3984375,0.1142578125,False
16qam-snr10-fg100-long,252,fresh,robust_scalar,0.34765625,0.34765625,0.09765625,False
16qam-snr10-fg100-long,253,fresh,baseline_cma_mu0p03,0.328125,0.328125,0.0947265625,False
16qam-snr10-fg100-long,253,fresh,blind_affine,0.36328125,0.36328125,0.1005859375,False
16qam-snr10-fg100-long,253,fresh,C11_legal_causal,0.33203125,0.33203125,0.095703125,False
16qam-snr10-fg100-long,253,fresh,oracle_affine_bound_KILL_ONLY,0.3203125,0.3203125,0.0927734375,False
16qam-snr10-fg100-long,253,fresh,M1_prefix_scalar_T020,0.359375,0.359375,0.099609375,False
16qam-snr10-fg100-long,253,fresh,M2_quantile_transport_T020,0.3203125,0.3203125,0.0927734375,False
16qam-snr10-fg100-long,253,fresh,M4_gated_policy_T020,0.328125,0.328125,0.0947265625,False
16qam-snr10-fg100-long,253,fresh,correct_pooled_sqrt_rms,0.30859375,0.30859375,0.0888671875,False
16qam-snr10-fg100-long,253,fresh,correct_per_pol_sqrt_rms,0.3125,0.3125,0.087890625,False
16qam-snr10-fg100-long,253,fresh,gated_scalar_ablation,0.328125,0.328125,0.0947265625,False
16qam-snr10-fg100-long,253,fresh,robust_scalar,0.3046875,0.3046875,0.0869140625,False
16qam-snr10-fg100-long,254,fresh,baseline_cma_mu0p03,0.625,0.625,0.197265625,False
16qam-snr10-fg100-long,254,fresh,blind_affine,0.6484375,0.6484375,0.203125,False
16qam-snr10-fg100-long,254,fresh,C11_legal_causal,0.640625,0.640625,0.2021484375,False
16qam-snr10-fg100-long,254,fresh,oracle_affine_bound_KILL_ONLY,0.58984375,0.58984375,0.1826171875,False
16qam-snr10-fg100-long,254,fresh,M1_prefix_scalar_T020,0.6015625,0.6015625,0.1943359375,False
16qam-snr10-fg100-long,254,fresh,M2_quantile_transport_T020,0.58203125,0.58203125,0.1748046875,False
16qam-snr10-fg100-long,254,fresh,M4_gated_policy_T020,0.58203125,0.58203125,0.1748046875,False
16qam-snr10-fg100-long,254,fresh,correct_pooled_sqrt_rms,0.5703125,0.5703125,0.177734375,False
16qam-snr10-fg100-long,254,fresh,correct_per_pol_sqrt_rms,0.57421875,0.57421875,0.1787109375,False
16qam-snr10-fg100-long,254,fresh,gated_scalar_ablation,0.57421875,0.57421875,0.1787109375,False
16qam-snr10-fg100-long,254,fresh,robust_scalar,0.55859375,0.55859375,0.17578125,False
16qam-snr10-fg100-long,255,fresh,baseline_cma_mu0p03,0.69921875,0.69921875,0.2216796875,False
16qam-snr10-fg100-long,255,fresh,blind_affine,0.70703125,0.70703125,0.224609375,False
16qam-snr10-fg100-long,255,fresh,C11_legal_causal,0.70703125,0.70703125,0.224609375,False
16qam-snr10-fg100-long,255,fresh,oracle_affine_bound_KILL_ONLY,0.6640625,0.6640625,0.2041015625,False
16qam-snr10-fg100-long,255,fresh,M1_prefix_scalar_T020,0.60546875,0.60546875,0.1982421875,False
16qam-snr10-fg100-long,255,fresh,M2_quantile_transport_T020,0.625,0.625,0.1904296875,False
16qam-snr10-fg100-long,255,fresh,M4_gated_policy_T020,0.625,0.625,0.1904296875,False
16qam-snr10-fg100-long,255,fresh,correct_pooled_sqrt_rms,0.62890625,0.62890625,0.1923828125,False
16qam-snr10-fg100-long,255,fresh,correct_per_pol_sqrt_rms,0.62890625,0.62890625,0.193359375,False
16qam-snr10-fg100-long,255,fresh,gated_scalar_ablation,0.62890625,0.62890625,0.193359375,False
16qam-snr10-fg100-long,255,fresh,robust_scalar,0.62890625,0.62890625,0.193359375,False
16qam-snr10-fg100-long,256,fresh,baseline_cma_mu0p03,0.21484375,0.21484375,0.056640625,False
16qam-snr10-fg100-long,256,fresh,blind_affine,0.23046875,0.23046875,0.0615234375,False
16qam-snr10-fg100-long,256,fresh,C11_legal_causal,0.2109375,0.2109375,0.0546875,False
16qam-snr10-fg100-long,256,fresh,oracle_affine_bound_KILL_ONLY,0.2265625,0.2265625,0.05859375,False
16qam-snr10-fg100-long,256,fresh,M1_prefix_scalar_T020,0.1875,0.1875,0.0498046875,False
16qam-snr10-fg100-long,256,fresh,M2_quantile_transport_T020,0.2265625,0.2265625,0.0615234375,False
16qam-snr10-fg100-long,256,fresh,M4_gated_policy_T020,0.21484375,0.21484375,0.056640625,False
16qam-snr10-fg100-long,256,fresh,correct_pooled_sqrt_rms,0.1953125,0.1953125,0.052734375,False
16qam-snr10-fg100-long,256,fresh,correct_per_pol_sqrt_rms,0.203125,0.203125,0.0537109375,False
16qam-snr10-fg100-long,256,fresh,gated_scalar_ablation,0.21484375,0.21484375,0.056640625,False
16qam-snr10-fg100-long,256,fresh,robust_scalar,0.203125,0.203125,0.0546875,False
16qam-snr10-fg100-long,257,fresh,baseline_cma_mu0p03,0.30859375,0.30859375,0.087890625,False
16qam-snr10-fg100-long,257,fresh,blind_affine,0.3203125,0.3203125,0.0927734375,False
16qam-snr10-fg100-long,257,fresh,C11_legal_causal,0.30859375,0.30859375,0.087890625,False
16qam-snr10-fg100-long,257,fresh,oracle_affine_bound_KILL_ONLY,0.33984375,0.33984375,0.0986328125,False
16qam-snr10-fg100-long,257,fresh,M1_prefix_scalar_T020,0.31640625,0.31640625,0.08984375,False
16qam-snr10-fg100-long,257,fresh,M2_quantile_transport_T020,0.328125,0.328125,0.0927734375,False
16qam-snr10-fg100-long,257,fresh,M4_gated_policy_T020,0.30859375,0.30859375,0.087890625,False
16qam-snr10-fg100-long,257,fresh,correct_pooled_sqrt_rms,0.3046875,0.3046875,0.087890625,False
16qam-snr10-fg100-long,257,fresh,correct_per_pol_sqrt_rms,0.30859375,0.30859375,0.087890625,False
16qam-snr10-fg100-long,257,fresh,gated_scalar_ablation,0.30859375,0.30859375,0.087890625,False
16qam-snr10-fg100-long,257,fresh,robust_scalar,0.3125,0.3125,0.0888671875,False
16qam-snr10-fg100-long,258,fresh,baseline_cma_mu0p03,0.0703125,0.0703125,0.0185546875,False
16qam-snr10-fg100-long,258,fresh,blind_affine,0.0859375,0.0859375,0.0224609375,False
16qam-snr10-fg100-long,258,fresh,C11_legal_causal,0.06640625,0.06640625,0.0166015625,False
16qam-snr10-fg100-long,258,fresh,oracle_affine_bound_KILL_ONLY,0.08984375,0.08984375,0.0234375,False
16qam-snr10-fg100-long,258,fresh,M1_prefix_scalar_T020,0.078125,0.078125,0.01953125,False
16qam-snr10-fg100-long,258,fresh,M2_quantile_transport_T020,0.10546875,0.10546875,0.02734375,False
16qam-snr10-fg100-long,258,fresh,M4_gated_policy_T020,0.0703125,0.0703125,0.0185546875,False
16qam-snr10-fg100-long,258,fresh,correct_pooled_sqrt_rms,0.05859375,0.05859375,0.0146484375,False
16qam-snr10-fg100-long,258,fresh,correct_per_pol_sqrt_rms,0.0625,0.0625,0.015625,False
16qam-snr10-fg100-long,258,fresh,gated_scalar_ablation,0.0703125,0.0703125,0.0185546875,False
16qam-snr10-fg100-long,258,fresh,robust_scalar,0.05859375,0.05859375,0.0146484375,False
16qam-snr10-fg100-long,259,fresh,baseline_cma_mu0p03,0.08984375,0.08984375,0.0224609375,False
16qam-snr10-fg100-long,259,fresh,blind_affine,0.09375,0.09375,0.0234375,False
16qam-snr10-fg100-long,259,fresh,C11_legal_causal,0.078125,0.078125,0.01953125,False
16qam-snr10-fg100-long,259,fresh,oracle_affine_bound_KILL_ONLY,0.09765625,0.09765625,0.0244140625,False
16qam-snr10-fg100-long,259,fresh,M1_prefix_scalar_T020,0.08984375,0.08984375,0.0224609375,False
16qam-snr10-fg100-long,259,fresh,M2_quantile_transport_T020,0.140625,0.140625,0.0361328125,False
16qam-snr10-fg100-long,259,fresh,M4_gated_policy_T020,0.08984375,0.08984375,0.0224609375,False
16qam-snr10-fg100-long,259,fresh,correct_pooled_sqrt_rms,0.0859375,0.0859375,0.021484375,False
16qam-snr10-fg100-long,259,fresh,correct_per_pol_sqrt_rms,0.0859375,0.0859375,0.021484375,False
16qam-snr10-fg100-long,259,fresh,gated_scalar_ablation,0.08984375,0.08984375,0.0224609375,False
16qam-snr10-fg100-long,259,fresh,robust_scalar,0.0859375,0.0859375,0.021484375,False
16qam-snr10-fg100-long,260,fresh,baseline_cma_mu0p03,0.71484375,0.71484375,0.2353515625,False
16qam-snr10-fg100-long,260,fresh,blind_affine,0.71875,0.71875,0.2421875,False
16qam-snr10-fg100-long,260,fresh,C11_legal_causal,0.73046875,0.73046875,0.2412109375,False
16qam-snr10-fg100-long,260,fresh,oracle_affine_bound_KILL_ONLY,0.63671875,0.63671875,0.212890625,False
16qam-snr10-fg100-long,260,fresh,M1_prefix_scalar_T020,0.62109375,0.62109375,0.21484375,False
16qam-snr10-fg100-long,260,fresh,M2_quantile_transport_T020,0.6484375,0.6484375,0.2158203125,False
16qam-snr10-fg100-long,260,fresh,M4_gated_policy_T020,0.6484375,0.6484375,0.2158203125,False
16qam-snr10-fg100-long,260,fresh,correct_pooled_sqrt_rms,0.62109375,0.62109375,0.2138671875,False
16qam-snr10-fg100-long,260,fresh,correct_per_pol_sqrt_rms,0.62109375,0.62109375,0.2138671875,False
16qam-snr10-fg100-long,260,fresh,gated_scalar_ablation,0.62109375,0.62109375,0.2138671875,False
16qam-snr10-fg100-long,260,fresh,robust_scalar,0.62890625,0.62890625,0.21484375,False
16qam-snr15-fg1000-long,201,old,baseline_cma_mu0p03,0.20703125,0.20703125,0.0595703125,False
16qam-snr15-fg1000-long,201,old,blind_affine,0.21484375,0.21484375,0.060546875,False
16qam-snr15-fg1000-long,201,old,C11_legal_causal,0.26953125,0.26953125,0.078125,False
16qam-snr15-fg1000-long,201,old,oracle_affine_bound_KILL_ONLY,0.20703125,0.20703125,0.0556640625,False
16qam-snr15-fg1000-long,201,old,M1_prefix_scalar_T020,0.1796875,0.1796875,0.0517578125,False
16qam-snr15-fg1000-long,201,old,M2_quantile_transport_T020,0.2109375,0.2109375,0.0595703125,False
16qam-snr15-fg1000-long,201,old,M4_gated_policy_T020,0.20703125,0.20703125,0.0595703125,False
16qam-snr15-fg1000-long,201,old,correct_pooled_sqrt_rms,0.19921875,0.19921875,0.05859375,False
16qam-snr15-fg1000-long,201,old,correct_per_pol_sqrt_rms,0.1953125,0.1953125,0.0576171875,False
16qam-snr15-fg1000-long,201,old,gated_scalar_ablation,0.20703125,0.20703125,0.0595703125,False
16qam-snr15-fg1000-long,201,old,robust_scalar,0.1953125,0.1953125,0.0576171875,False
16qam-snr15-fg1000-long,202,old,baseline_cma_mu0p03,0.91796875,0.91796875,0.439453125,False
16qam-snr15-fg1000-long,202,old,blind_affine,0.8984375,0.8984375,0.43359375,False
16qam-snr15-fg1000-long,202,old,C11_legal_causal,0.91015625,0.91015625,0.439453125,False
16qam-snr15-fg1000-long,202,old,oracle_affine_bound_KILL_ONLY,0.86328125,0.86328125,0.4013671875,False
16qam-snr15-fg1000-long,202,old,M1_prefix_scalar_T020,0.8828125,0.93359375,0.4404296875,False
16qam-snr15-fg1000-long,202,old,M2_quantile_transport_T020,0.90234375,0.9140625,0.4384765625,False
16qam-snr15-fg1000-long,202,old,M4_gated_policy_T020,0.91796875,0.91796875,0.439453125,False
16qam-snr15-fg1000-long,202,old,correct_pooled_sqrt_rms,0.89453125,0.91796875,0.4384765625,False
16qam-snr15-fg1000-long,202,old,correct_per_pol_sqrt_rms,0.89453125,0.91796875,0.4365234375,False
16qam-snr15-fg1000-long,202,old,gated_scalar_ablation,0.91796875,0.91796875,0.439453125,False
16qam-snr15-fg1000-long,202,old,robust_scalar,0.88671875,0.93359375,0.4345703125,False
16qam-snr15-fg1000-long,203,old,baseline_cma_mu0p03,0.04296875,0.04296875,0.0107421875,False
16qam-snr15-fg1000-long,203,old,blind_affine,0.04296875,0.04296875,0.0107421875,False
16qam-snr15-fg1000-long,203,old,C11_legal_causal,0.046875,0.046875,0.01171875,False
16qam-snr15-fg1000-long,203,old,oracle_affine_bound_KILL_ONLY,0.046875,0.046875,0.01171875,False
16qam-snr15-fg1000-long,203,old,M1_prefix_scalar_T020,0.04296875,0.04296875,0.0107421875,False
16qam-snr15-fg1000-long,203,old,M2_quantile_transport_T020,0.125,0.125,0.0322265625,False
16qam-snr15-fg1000-long,203,old,M4_gated_policy_T020,0.04296875,0.04296875,0.0107421875,False
16qam-snr15-fg1000-long,203,old,correct_pooled_sqrt_rms,0.04296875,0.04296875,0.0107421875,False
16qam-snr15-fg1000-long,203,old,correct_per_pol_sqrt_rms,0.04296875,0.04296875,0.0107421875,False
16qam-snr15-fg1000-long,203,old,gated_scalar_ablation,0.04296875,0.04296875,0.0107421875,False
16qam-snr15-fg1000-long,203,old,robust_scalar,0.04296875,0.04296875,0.0107421875,False
16qam-snr15-fg1000-long,204,old,baseline_cma_mu0p03,0.0,0.0,0.0,False
16qam-snr15-fg1000-long,204,old,blind_affine,0.0,0.0,0.0,False
16qam-snr15-fg1000-long,204,old,C11_legal_causal,0.0,0.0,0.0,False
16qam-snr15-fg1000-long,204,old,oracle_affine_bound_KILL_ONLY,0.0,0.0,0.0,False
16qam-snr15-fg1000-long,204,old,M1_prefix_scalar_T020,0.0,0.0,0.0,False
16qam-snr15-fg1000-long,204,old,M2_quantile_transport_T020,0.0390625,0.0390625,0.009765625,False
16qam-snr15-fg1000-long,204,old,M4_gated_policy_T020,0.0,0.0,0.0,False
16qam-snr15-fg1000-long,204,old,correct_pooled_sqrt_rms,0.0,0.0,0.0,False
16qam-snr15-fg1000-long,204,old,correct_per_pol_sqrt_rms,0.0,0.0,0.0,False
16qam-snr15-fg1000-long,204,old,gated_scalar_ablation,0.0,0.0,0.0,False
16qam-snr15-fg1000-long,204,old,robust_scalar,0.0,0.0,0.0,False
16qam-snr15-fg1000-long,205,old,baseline_cma_mu0p03,0.01953125,0.01953125,0.0048828125,False
16qam-snr15-fg1000-long,205,old,blind_affine,0.015625,0.015625,0.00390625,False
16qam-snr15-fg1000-long,205,old,C11_legal_causal,0.01953125,0.01953125,0.0048828125,False
16qam-snr15-fg1000-long,205,old,oracle_affine_bound_KILL_ONLY,0.015625,0.015625,0.00390625,False
16qam-snr15-fg1000-long,205,old,M1_prefix_scalar_T020,0.0234375,0.0234375,0.005859375,False
16qam-snr15-fg1000-long,205,old,M2_quantile_transport_T020,0.04296875,0.04296875,0.0107421875,False
16qam-snr15-fg1000-long,205,old,M4_gated_policy_T020,0.01953125,0.01953125,0.0048828125,False
16qam-snr15-fg1000-long,205,old,correct_pooled_sqrt_rms,0.0234375,0.0234375,0.005859375,False
16qam-snr15-fg1000-long,205,old,correct_per_pol_sqrt_rms,0.0234375,0.0234375,0.005859375,False
16qam-snr15-fg1000-long,205,old,gated_scalar_ablation,0.01953125,0.01953125,0.0048828125,False
16qam-snr15-fg1000-long,205,old,robust_scalar,0.01953125,0.01953125,0.0048828125,False
16qam-snr15-fg1000-long,206,old,baseline_cma_mu0p03,0.00390625,0.00390625,0.0009765625,False
16qam-snr15-fg1000-long,206,old,blind_affine,0.01953125,0.01953125,0.0048828125,False
16qam-snr15-fg1000-long,206,old,C11_legal_causal,0.0078125,0.0078125,0.001953125,False
16qam-snr15-fg1000-long,206,old,oracle_affine_bound_KILL_ONLY,0.01953125,0.01953125,0.0048828125,False
16qam-snr15-fg1000-long,206,old,M1_prefix_scalar_T020,0.0078125,0.0078125,0.001953125,False
16qam-snr15-fg1000-long,206,old,M2_quantile_transport_T020,0.08203125,0.08203125,0.0205078125,False
16qam-snr15-fg1000-long,206,old,M4_gated_policy_T020,0.00390625,0.00390625,0.0009765625,False
16qam-snr15-fg1000-long,206,old,correct_pooled_sqrt_rms,0.0078125,0.0078125,0.001953125,False
16qam-snr15-fg1000-long,206,old,correct_per_pol_sqrt_rms,0.01171875,0.01171875,0.0029296875,False
16qam-snr15-fg1000-long,206,old,gated_scalar_ablation,0.00390625,0.00390625,0.0009765625,False
16qam-snr15-fg1000-long,206,old,robust_scalar,0.0078125,0.0078125,0.001953125,False
16qam-snr15-fg1000-long,207,old,baseline_cma_mu0p03,0.1171875,0.1171875,0.03125,False
16qam-snr15-fg1000-long,207,old,blind_affine,0.09375,0.09375,0.025390625,False
16qam-snr15-fg1000-long,207,old,C11_legal_causal,0.11328125,0.11328125,0.0302734375,False
16qam-snr15-fg1000-long,207,old,oracle_affine_bound_KILL_ONLY,0.09765625,0.09765625,0.025390625,False
16qam-snr15-fg1000-long,207,old,M1_prefix_scalar_T020,0.1015625,0.1015625,0.029296875,False
16qam-snr15-fg1000-long,207,old,M2_quantile_transport_T020,0.17578125,0.17578125,0.0458984375,False
16qam-snr15-fg1000-long,207,old,M4_gated_policy_T020,0.1171875,0.1171875,0.03125,False
16qam-snr15-fg1000-long,207,old,correct_pooled_sqrt_rms,0.0859375,0.0859375,0.0234375,False
16qam-snr15-fg1000-long,207,old,correct_per_pol_sqrt_rms,0.0859375,0.0859375,0.0234375,False
16qam-snr15-fg1000-long,207,old,gated_scalar_ablation,0.1171875,0.1171875,0.03125,False
16qam-snr15-fg1000-long,207,old,robust_scalar,0.0859375,0.0859375,0.0234375,False
16qam-snr15-fg1000-long,208,old,baseline_cma_mu0p03,0.578125,0.578125,0.1845703125,False
16qam-snr15-fg1000-long,208,old,blind_affine,0.5859375,0.5859375,0.189453125,False
16qam-snr15-fg1000-long,208,old,C11_legal_causal,0.58984375,0.58984375,0.1923828125,False
16qam-snr15-fg1000-long,208,old,oracle_affine_bound_KILL_ONLY,0.35546875,0.35546875,0.0966796875,False
16qam-snr15-fg1000-long,208,old,M1_prefix_scalar_T020,0.5078125,0.5078125,0.154296875,False
16qam-snr15-fg1000-long,208,old,M2_quantile_transport_T020,0.3359375,0.3359375,0.0927734375,False
16qam-snr15-fg1000-long,208,old,M4_gated_policy_T020,0.3359375,0.3359375,0.0927734375,False
16qam-snr15-fg1000-long,208,old,correct_pooled_sqrt_rms,0.36328125,0.36328125,0.099609375,False
16qam-snr15-fg1000-long,208,old,correct_per_pol_sqrt_rms,0.359375,0.359375,0.09765625,False
16qam-snr15-fg1000-long,208,old,gated_scalar_ablation,0.359375,0.359375,0.09765625,False
16qam-snr15-fg1000-long,208,old,robust_scalar,0.36328125,0.36328125,0.099609375,False
16qam-snr15-fg1000-long,209,old,baseline_cma_mu0p03,0.0625,0.0625,0.0166015625,False
16qam-snr15-fg1000-long,209,old,blind_affine,0.07421875,0.07421875,0.01953125,False
16qam-snr15-fg1000-long,209,old,C11_legal_causal,0.06640625,0.06640625,0.017578125,False
16qam-snr15-fg1000-long,209,old,oracle_affine_bound_KILL_ONLY,0.078125,0.078125,0.01953125,False
16qam-snr15-fg1000-long,209,old,M1_prefix_scalar_T020,0.06640625,0.06640625,0.0166015625,False
16qam-snr15-fg1000-long,209,old,M2_quantile_transport_T020,0.1015625,0.1015625,0.0263671875,False
16qam-snr15-fg1000-long,209,old,M4_gated_policy_T020,0.0625,0.0625,0.0166015625,False
16qam-snr15-fg1000-long,209,old,correct_pooled_sqrt_rms,0.05859375,0.05859375,0.0146484375,False
16qam-snr15-fg1000-long,209,old,correct_per_pol_sqrt_rms,0.0625,0.0625,0.0166015625,False
16qam-snr15-fg1000-long,209,old,gated_scalar_ablation,0.0625,0.0625,0.0166015625,False
16qam-snr15-fg1000-long,209,old,robust_scalar,0.05859375,0.05859375,0.0146484375,False
16qam-snr15-fg1000-long,210,old,baseline_cma_mu0p03,0.234375,0.234375,0.0654296875,False
16qam-snr15-fg1000-long,210,old,blind_affine,0.19140625,0.19140625,0.0546875,False
16qam-snr15-fg1000-long,210,old,C11_legal_causal,0.24609375,0.24609375,0.0703125,False
16qam-snr15-fg1000-long,210,old,oracle_affine_bound_KILL_ONLY,0.15625,0.15625,0.0439453125,False
16qam-snr15-fg1000-long,210,old,M1_prefix_scalar_T020,0.14453125,0.14453125,0.0390625,False
16qam-snr15-fg1000-long,210,old,M2_quantile_transport_T020,0.17578125,0.17578125,0.048828125,False
16qam-snr15-fg1000-long,210,old,M4_gated_policy_T020,0.234375,0.234375,0.0654296875,False
16qam-snr15-fg1000-long,210,old,correct_pooled_sqrt_rms,0.1328125,0.1328125,0.0361328125,False
16qam-snr15-fg1000-long,210,old,correct_per_pol_sqrt_rms,0.140625,0.140625,0.0380859375,False
16qam-snr15-fg1000-long,210,old,gated_scalar_ablation,0.234375,0.234375,0.0654296875,False
16qam-snr15-fg1000-long,210,old,robust_scalar,0.140625,0.140625,0.0390625,False
16qam-snr15-fg1000-long,211,old,baseline_cma_mu0p03,0.09375,0.09375,0.0234375,False
16qam-snr15-fg1000-long,211,old,blind_affine,0.08984375,0.08984375,0.0224609375,False
16qam-snr15-fg1000-long,211,old,C11_legal_causal,0.0859375,0.0859375,0.021484375,False
16qam-snr15-fg1000-long,211,old,oracle_affine_bound_KILL_ONLY,0.09765625,0.09765625,0.0244140625,False
16qam-snr15-fg1000-long,211,old,M1_prefix_scalar_T020,0.109375,0.109375,0.029296875,False
16qam-snr15-fg1000-long,211,old,M2_quantile_transport_T020,0.10546875,0.10546875,0.0263671875,False
16qam-snr15-fg1000-long,211,old,M4_gated_policy_T020,0.09375,0.09375,0.0234375,False
16qam-snr15-fg1000-long,211,old,correct_pooled_sqrt_rms,0.09765625,0.09765625,0.0244140625,False
16qam-snr15-fg1000-long,211,old,correct_per_pol_sqrt_rms,0.09765625,0.09765625,0.0244140625,False
16qam-snr15-fg1000-long,211,old,gated_scalar_ablation,0.09375,0.09375,0.0234375,False
16qam-snr15-fg1000-long,211,old,robust_scalar,0.1015625,0.1015625,0.025390625,False
16qam-snr15-fg1000-long,212,old,baseline_cma_mu0p03,0.0,0.0,0.0,False
16qam-snr15-fg1000-long,212,old,blind_affine,0.0,0.0,0.0,False
16qam-snr15-fg1000-long,212,old,C11_legal_causal,0.0,0.0,0.0,False
16qam-snr15-fg1000-long,212,old,oracle_affine_bound_KILL_ONLY,0.00390625,0.00390625,0.0009765625,False
16qam-snr15-fg1000-long,212,old,M1_prefix_scalar_T020,0.00390625,0.00390625,0.0009765625,False
16qam-snr15-fg1000-long,212,old,M2_quantile_transport_T020,0.03515625,0.03515625,0.0087890625,False
16qam-snr15-fg1000-long,212,old,M4_gated_policy_T020,0.0,0.0,0.0,False
16qam-snr15-fg1000-long,212,old,correct_pooled_sqrt_rms,0.00390625,0.00390625,0.0009765625,False
16qam-snr15-fg1000-long,212,old,correct_per_pol_sqrt_rms,0.00390625,0.00390625,0.0009765625,False
16qam-snr15-fg1000-long,212,old,gated_scalar_ablation,0.0,0.0,0.0,False
16qam-snr15-fg1000-long,212,old,robust_scalar,0.0,0.0,0.0,False
16qam-snr15-fg1000-long,213,old,baseline_cma_mu0p03,0.00390625,0.00390625,0.0009765625,False
16qam-snr15-fg1000-long,213,old,blind_affine,0.0,0.0,0.0,False
16qam-snr15-fg1000-long,213,old,C11_legal_causal,0.0,0.0,0.0,False
16qam-snr15-fg1000-long,213,old,oracle_affine_bound_KILL_ONLY,0.0,0.0,0.0,False
16qam-snr15-fg1000-long,213,old,M1_prefix_scalar_T020,0.00390625,0.00390625,0.0009765625,False
16qam-snr15-fg1000-long,213,old,M2_quantile_transport_T020,0.06640625,0.06640625,0.0166015625,False
16qam-snr15-fg1000-long,213,old,M4_gated_policy_T020,0.00390625,0.00390625,0.0009765625,False
16qam-snr15-fg1000-long,213,old,correct_pooled_sqrt_rms,0.00390625,0.00390625,0.0009765625,False
16qam-snr15-fg1000-long,213,old,correct_per_pol_sqrt_rms,0.00390625,0.00390625,0.0009765625,False
16qam-snr15-fg1000-long,213,old,gated_scalar_ablation,0.00390625,0.00390625,0.0009765625,False
16qam-snr15-fg1000-long,213,old,robust_scalar,0.00390625,0.00390625,0.0009765625,False
16qam-snr15-fg1000-long,214,old,baseline_cma_mu0p03,0.0,0.0,0.0,False
16qam-snr15-fg1000-long,214,old,blind_affine,0.0,0.0,0.0,False
16qam-snr15-fg1000-long,214,old,C11_legal_causal,0.0,0.0,0.0,False
16qam-snr15-fg1000-long,214,old,oracle_affine_bound_KILL_ONLY,0.0,0.0,0.0,False
16qam-snr15-fg1000-long,214,old,M1_prefix_scalar_T020,0.0,0.0,0.0,False
16qam-snr15-fg1000-long,214,old,M2_quantile_transport_T020,0.01171875,0.01171875,0.0029296875,False
16qam-snr15-fg1000-long,214,old,M4_gated_policy_T020,0.0,0.0,0.0,False
16qam-snr15-fg1000-long,214,old,correct_pooled_sqrt_rms,0.0,0.0,0.0,False
16qam-snr15-fg1000-long,214,old,correct_per_pol_sqrt_rms,0.0,0.0,0.0,False
16qam-snr15-fg1000-long,214,old,gated_scalar_ablation,0.0,0.0,0.0,False
16qam-snr15-fg1000-long,214,old,robust_scalar,0.0,0.0,0.0,False
16qam-snr15-fg1000-long,215,old,baseline_cma_mu0p03,0.0078125,0.0078125,0.001953125,False
16qam-snr15-fg1000-long,215,old,blind_affine,0.0078125,0.0078125,0.001953125,False
16qam-snr15-fg1000-long,215,old,C11_legal_causal,0.00390625,0.00390625,0.0009765625,False
16qam-snr15-fg1000-long,215,old,oracle_affine_bound_KILL_ONLY,0.0078125,0.0078125,0.001953125,False
16qam-snr15-fg1000-long,215,old,M1_prefix_scalar_T020,0.0078125,0.0078125,0.001953125,False
16qam-snr15-fg1000-long,215,old,M2_quantile_transport_T020,0.05078125,0.05078125,0.0126953125,False
16qam-snr15-fg1000-long,215,old,M4_gated_policy_T020,0.0078125,0.0078125,0.001953125,False
16qam-snr15-fg1000-long,215,old,correct_pooled_sqrt_rms,0.00390625,0.00390625,0.0009765625,False
16qam-snr15-fg1000-long,215,old,correct_per_pol_sqrt_rms,0.0078125,0.0078125,0.001953125,False
16qam-snr15-fg1000-long,215,old,gated_scalar_ablation,0.0078125,0.0078125,0.001953125,False
16qam-snr15-fg1000-long,215,old,robust_scalar,0.00390625,0.00390625,0.0009765625,False
16qam-snr15-fg1000-long,216,old,baseline_cma_mu0p03,0.0,0.0,0.0,False
16qam-snr15-fg1000-long,216,old,blind_affine,0.0,0.0,0.0,False
16qam-snr15-fg1000-long,216,old,C11_legal_causal,0.0,0.0,0.0,False
16qam-snr15-fg1000-long,216,old,oracle_affine_bound_KILL_ONLY,0.00390625,0.00390625,0.0009765625,False
16qam-snr15-fg1000-long,216,old,M1_prefix_scalar_T020,0.0,0.0,0.0,False
16qam-snr15-fg1000-long,216,old,M2_quantile_transport_T020,0.02734375,0.02734375,0.0068359375,False
16qam-snr15-fg1000-long,216,old,M4_gated_policy_T020,0.0,0.0,0.0,False
16qam-snr15-fg1000-long,216,old,correct_pooled_sqrt_rms,0.0,0.0,0.0,False
16qam-snr15-fg1000-long,216,old,correct_per_pol_sqrt_rms,0.0,0.0,0.0,False
16qam-snr15-fg1000-long,216,old,gated_scalar_ablation,0.0,0.0,0.0,False
16qam-snr15-fg1000-long,216,old,robust_scalar,0.0,0.0,0.0,False
16qam-snr15-fg1000-long,217,old,baseline_cma_mu0p03,0.06640625,0.06640625,0.0166015625,False
16qam-snr15-fg1000-long,217,old,blind_affine,0.0625,0.0625,0.015625,False
16qam-snr15-fg1000-long,217,old,C11_legal_causal,0.0625,0.0625,0.015625,False
16qam-snr15-fg1000-long,217,old,oracle_affine_bound_KILL_ONLY,0.05859375,0.05859375,0.0146484375,False
16qam-snr15-fg1000-long,217,old,M1_prefix_scalar_T020,0.05078125,0.05078125,0.0126953125,False
16qam-snr15-fg1000-long,217,old,M2_quantile_transport_T020,0.15234375,0.15234375,0.0380859375,False
16qam-snr15-fg1000-long,217,old,M4_gated_policy_T020,0.06640625,0.06640625,0.0166015625,False
16qam-snr15-fg1000-long,217,old,correct_pooled_sqrt_rms,0.05078125,0.05078125,0.0126953125,False
16qam-snr15-fg1000-long,217,old,correct_per_pol_sqrt_rms,0.05859375,0.05859375,0.0146484375,False
16qam-snr15-fg1000-long,217,old,gated_scalar_ablation,0.06640625,0.06640625,0.0166015625,False
16qam-snr15-fg1000-long,217,old,robust_scalar,0.05859375,0.05859375,0.0146484375,False
16qam-snr15-fg1000-long,218,old,baseline_cma_mu0p03,0.68359375,0.68359375,0.220703125,False
16qam-snr15-fg1000-long,218,old,blind_affine,0.70703125,0.70703125,0.2294921875,False
16qam-snr15-fg1000-long,218,old,C11_legal_causal,0.69140625,0.69140625,0.2265625,False
16qam-snr15-fg1000-long,218,old,oracle_affine_bound_KILL_ONLY,0.34375,0.34375,0.091796875,False
16qam-snr15-fg1000-long,218,old,M1_prefix_scalar_T020,0.4375,0.4375,0.1279296875,False
16qam-snr15-fg1000-long,218,old,M2_quantile_transport_T020,0.36328125,0.36328125,0.0966796875,False
16qam-snr15-fg1000-long,218,old,M4_gated_policy_T020,0.36328125,0.36328125,0.0966796875,False
16qam-snr15-fg1000-long,218,old,correct_pooled_sqrt_rms,0.32421875,0.32421875,0.0869140625,False
16qam-snr15-fg1000-long,218,old,correct_per_pol_sqrt_rms,0.32421875,0.32421875,0.0849609375,False
16qam-snr15-fg1000-long,218,old,gated_scalar_ablation,0.32421875,0.32421875,0.0849609375,False
16qam-snr15-fg1000-long,218,old,robust_scalar,0.3203125,0.3203125,0.0859375,False
16qam-snr15-fg1000-long,219,old,baseline_cma_mu0p03,0.01171875,0.01171875,0.0029296875,False
16qam-snr15-fg1000-long,219,old,blind_affine,0.01171875,0.01171875,0.0029296875,False
16qam-snr15-fg1000-long,219,old,C11_legal_causal,0.01171875,0.01171875,0.0029296875,False
16qam-snr15-fg1000-long,219,old,oracle_affine_bound_KILL_ONLY,0.01171875,0.01171875,0.0029296875,False
16qam-snr15-fg1000-long,219,old,M1_prefix_scalar_T020,0.02734375,0.02734375,0.0068359375,False
16qam-snr15-fg1000-long,219,old,M2_quantile_transport_T020,0.04296875,0.04296875,0.0107421875,False
16qam-snr15-fg1000-long,219,old,M4_gated_policy_T020,0.01171875,0.01171875,0.0029296875,False
16qam-snr15-fg1000-long,219,old,correct_pooled_sqrt_rms,0.02734375,0.02734375,0.0068359375,False
16qam-snr15-fg1000-long,219,old,correct_per_pol_sqrt_rms,0.0234375,0.0234375,0.005859375,False
16qam-snr15-fg1000-long,219,old,gated_scalar_ablation,0.01171875,0.01171875,0.0029296875,False
16qam-snr15-fg1000-long,219,old,robust_scalar,0.015625,0.015625,0.00390625,False
16qam-snr15-fg1000-long,220,old,baseline_cma_mu0p03,0.1015625,0.1015625,0.02734375,False
16qam-snr15-fg1000-long,220,old,blind_affine,0.11328125,0.11328125,0.029296875,False
16qam-snr15-fg1000-long,220,old,C11_legal_causal,0.1015625,0.1015625,0.02734375,False
16qam-snr15-fg1000-long,220,old,oracle_affine_bound_KILL_ONLY,0.12109375,0.12109375,0.0322265625,False
16qam-snr15-fg1000-long,220,old,M1_prefix_scalar_T020,0.140625,0.140625,0.0361328125,False
16qam-snr15-fg1000-long,220,old,M2_quantile_transport_T020,0.12890625,0.12890625,0.0341796875,False
16qam-snr15-fg1000-long,220,old,M4_gated_policy_T020,0.1015625,0.1015625,0.02734375,False
16qam-snr15-fg1000-long,220,old,correct_pooled_sqrt_rms,0.1171875,0.1171875,0.0302734375,False
16qam-snr15-fg1000-long,220,old,correct_per_pol_sqrt_rms,0.11328125,0.11328125,0.029296875,False
16qam-snr15-fg1000-long,220,old,gated_scalar_ablation,0.1015625,0.1015625,0.02734375,False
16qam-snr15-fg1000-long,220,old,robust_scalar,0.10546875,0.10546875,0.02734375,False
16qam-snr15-fg1000-long,241,fresh,baseline_cma_mu0p03,0.0234375,0.0234375,0.005859375,False
16qam-snr15-fg1000-long,241,fresh,blind_affine,0.0234375,0.0234375,0.005859375,False
16qam-snr15-fg1000-long,241,fresh,C11_legal_causal,0.0234375,0.0234375,0.0068359375,False
16qam-snr15-fg1000-long,241,fresh,oracle_affine_bound_KILL_ONLY,0.015625,0.015625,0.00390625,False
16qam-snr15-fg1000-long,241,fresh,M1_prefix_scalar_T020,0.0703125,0.0703125,0.017578125,False
16qam-snr15-fg1000-long,241,fresh,M2_quantile_transport_T020,0.03125,0.03125,0.0078125,False
16qam-snr15-fg1000-long,241,fresh,M4_gated_policy_T020,0.0234375,0.0234375,0.005859375,False
16qam-snr15-fg1000-long,241,fresh,correct_pooled_sqrt_rms,0.03125,0.03125,0.0078125,False
16qam-snr15-fg1000-long,241,fresh,correct_per_pol_sqrt_rms,0.03125,0.03125,0.0078125,False
16qam-snr15-fg1000-long,241,fresh,gated_scalar_ablation,0.0234375,0.0234375,0.005859375,False
16qam-snr15-fg1000-long,241,fresh,robust_scalar,0.02734375,0.02734375,0.0068359375,False
16qam-snr15-fg1000-long,242,fresh,baseline_cma_mu0p03,0.79296875,0.79296875,0.2626953125,False
16qam-snr15-fg1000-long,242,fresh,blind_affine,0.8046875,0.8046875,0.2724609375,False
16qam-snr15-fg1000-long,242,fresh,C11_legal_causal,0.7890625,0.7890625,0.2626953125,False
16qam-snr15-fg1000-long,242,fresh,oracle_affine_bound_KILL_ONLY,0.50390625,0.50390625,0.15234375,False
16qam-snr15-fg1000-long,242,fresh,M1_prefix_scalar_T020,0.578125,0.578125,0.1865234375,False
16qam-snr15-fg1000-long,242,fresh,M2_quantile_transport_T020,0.46484375,0.46484375,0.1396484375,False
16qam-snr15-fg1000-long,242,fresh,M4_gated_policy_T020,0.46484375,0.46484375,0.1396484375,False
16qam-snr15-fg1000-long,242,fresh,correct_pooled_sqrt_rms,0.46484375,0.46484375,0.1416015625,False
16qam-snr15-fg1000-long,242,fresh,correct_per_pol_sqrt_rms,0.46484375,0.46484375,0.1416015625,False
16qam-snr15-fg1000-long,242,fresh,gated_scalar_ablation,0.46484375,0.46484375,0.1416015625,False
16qam-snr15-fg1000-long,242,fresh,robust_scalar,0.46484375,0.46484375,0.1416015625,False
16qam-snr15-fg1000-long,243,fresh,baseline_cma_mu0p03,0.17578125,0.17578125,0.046875,False
16qam-snr15-fg1000-long,243,fresh,blind_affine,0.14453125,0.14453125,0.037109375,False
16qam-snr15-fg1000-long,243,fresh,C11_legal_causal,0.18359375,0.18359375,0.0478515625,False
16qam-snr15-fg1000-long,243,fresh,oracle_affine_bound_KILL_ONLY,0.12890625,0.12890625,0.033203125,False
16qam-snr15-fg1000-long,243,fresh,M1_prefix_scalar_T020,0.16015625,0.16015625,0.04296875,False
16qam-snr15-fg1000-long,243,fresh,M2_quantile_transport_T020,0.15625,0.15625,0.0419921875,False
16qam-snr15-fg1000-long,243,fresh,M4_gated_policy_T020,0.17578125,0.17578125,0.046875,False
16qam-snr15-fg1000-long,243,fresh,correct_pooled_sqrt_rms,0.1328125,0.1328125,0.0341796875,False
16qam-snr15-fg1000-long,243,fresh,correct_per_pol_sqrt_rms,0.13671875,0.13671875,0.03515625,False
16qam-snr15-fg1000-long,243,fresh,gated_scalar_ablation,0.17578125,0.17578125,0.046875,False
16qam-snr15-fg1000-long,243,fresh,robust_scalar,0.13671875,0.13671875,0.03515625,False
16qam-snr15-fg1000-long,244,fresh,baseline_cma_mu0p03,0.0,0.0,0.0,False
16qam-snr15-fg1000-long,244,fresh,blind_affine,0.0,0.0,0.0,False
16qam-snr15-fg1000-long,244,fresh,C11_legal_causal,0.0,0.0,0.0,False
16qam-snr15-fg1000-long,244,fresh,oracle_affine_bound_KILL_ONLY,0.0,0.0,0.0,False
16qam-snr15-fg1000-long,244,fresh,M1_prefix_scalar_T020,0.0,0.0,0.0,False
16qam-snr15-fg1000-long,244,fresh,M2_quantile_transport_T020,0.03125,0.03125,0.0078125,False
16qam-snr15-fg1000-long,244,fresh,M4_gated_policy_T020,0.0,0.0,0.0,False
16qam-snr15-fg1000-long,244,fresh,correct_pooled_sqrt_rms,0.0,0.0,0.0,False
16qam-snr15-fg1000-long,244,fresh,correct_per_pol_sqrt_rms,0.0,0.0,0.0,False
16qam-snr15-fg1000-long,244,fresh,gated_scalar_ablation,0.0,0.0,0.0,False
16qam-snr15-fg1000-long,244,fresh,robust_scalar,0.0,0.0,0.0,False
16qam-snr15-fg1000-long,245,fresh,baseline_cma_mu0p03,0.0,0.0,0.0,False
16qam-snr15-fg1000-long,245,fresh,blind_affine,0.0,0.0,0.0,False
16qam-snr15-fg1000-long,245,fresh,C11_legal_causal,0.0,0.0,0.0,False
16qam-snr15-fg1000-long,245,fresh,oracle_affine_bound_KILL_ONLY,0.0,0.0,0.0,False
16qam-snr15-fg1000-long,245,fresh,M1_prefix_scalar_T020,0.0078125,0.0078125,0.001953125,False
16qam-snr15-fg1000-long,245,fresh,M2_quantile_transport_T020,0.03125,0.03125,0.0078125,False
16qam-snr15-fg1000-long,245,fresh,M4_gated_policy_T020,0.0,0.0,0.0,False
16qam-snr15-fg1000-long,245,fresh,correct_pooled_sqrt_rms,0.00390625,0.00390625,0.0009765625,False
16qam-snr15-fg1000-long,245,fresh,correct_per_pol_sqrt_rms,0.00390625,0.00390625,0.0009765625,False
16qam-snr15-fg1000-long,245,fresh,gated_scalar_ablation,0.0,0.0,0.0,False
16qam-snr15-fg1000-long,245,fresh,robust_scalar,0.00390625,0.00390625,0.0009765625,False
16qam-snr15-fg1000-long,246,fresh,baseline_cma_mu0p03,0.00390625,0.00390625,0.0009765625,False
16qam-snr15-fg1000-long,246,fresh,blind_affine,0.00390625,0.00390625,0.0009765625,False
16qam-snr15-fg1000-long,246,fresh,C11_legal_causal,0.00390625,0.00390625,0.0009765625,False
16qam-snr15-fg1000-long,246,fresh,oracle_affine_bound_KILL_ONLY,0.00390625,0.00390625,0.0009765625,False
16qam-snr15-fg1000-long,246,fresh,M1_prefix_scalar_T020,0.0078125,0.0078125,0.001953125,False
16qam-snr15-fg1000-long,246,fresh,M2_quantile_transport_T020,0.05078125,0.05078125,0.0126953125,False
16qam-snr15-fg1000-long,246,fresh,M4_gated_policy_T020,0.00390625,0.00390625,0.0009765625,False
16qam-snr15-fg1000-long,246,fresh,correct_pooled_sqrt_rms,0.00390625,0.00390625,0.0009765625,False
16qam-snr15-fg1000-long,246,fresh,correct_per_pol_sqrt_rms,0.00390625,0.00390625,0.0009765625,False
16qam-snr15-fg1000-long,246,fresh,gated_scalar_ablation,0.00390625,0.00390625,0.0009765625,False
16qam-snr15-fg1000-long,246,fresh,robust_scalar,0.0078125,0.0078125,0.001953125,False
16qam-snr15-fg1000-long,247,fresh,baseline_cma_mu0p03,0.75,0.75,0.24609375,False
16qam-snr15-fg1000-long,247,fresh,blind_affine,0.7734375,0.7734375,0.265625,False
16qam-snr15-fg1000-long,247,fresh,C11_legal_causal,0.75,0.75,0.25,False
16qam-snr15-fg1000-long,247,fresh,oracle_affine_bound_KILL_ONLY,0.4140625,0.4140625,0.119140625,False
16qam-snr15-fg1000-long,247,fresh,M1_prefix_scalar_T020,0.546875,0.546875,0.1630859375,False
16qam-snr15-fg1000-long,247,fresh,M2_quantile_transport_T020,0.40625,0.40625,0.1171875,False
16qam-snr15-fg1000-long,247,fresh,M4_gated_policy_T020,0.40625,0.40625,0.1171875,False
16qam-snr15-fg1000-long,247,fresh,correct_pooled_sqrt_rms,0.37890625,0.37890625,0.1083984375,False
16qam-snr15-fg1000-long,247,fresh,correct_per_pol_sqrt_rms,0.38671875,0.38671875,0.1123046875,False
16qam-snr15-fg1000-long,247,fresh,gated_scalar_ablation,0.38671875,0.38671875,0.1123046875,False
16qam-snr15-fg1000-long,247,fresh,robust_scalar,0.390625,0.390625,0.11328125,False
16qam-snr15-fg1000-long,248,fresh,baseline_cma_mu0p03,0.63671875,0.63671875,0.2060546875,False
16qam-snr15-fg1000-long,248,fresh,blind_affine,0.6875,0.6875,0.224609375,False
16qam-snr15-fg1000-long,248,fresh,C11_legal_causal,0.65234375,0.65234375,0.212890625,False
16qam-snr15-fg1000-long,248,fresh,oracle_affine_bound_KILL_ONLY,0.35546875,0.35546875,0.099609375,False
16qam-snr15-fg1000-long,248,fresh,M1_prefix_scalar_T020,0.53515625,0.53515625,0.1552734375,False
16qam-snr15-fg1000-long,248,fresh,M2_quantile_transport_T020,0.35546875,0.35546875,0.1005859375,False
16qam-snr15-fg1000-long,248,fresh,M4_gated_policy_T020,0.35546875,0.35546875,0.1005859375,False
16qam-snr15-fg1000-long,248,fresh,correct_pooled_sqrt_rms,0.3203125,0.3203125,0.08984375,False
16qam-snr15-fg1000-long,248,fresh,correct_per_pol_sqrt_rms,0.3203125,0.3203125,0.08984375,False
16qam-snr15-fg1000-long,248,fresh,gated_scalar_ablation,0.3203125,0.3203125,0.08984375,False
16qam-snr15-fg1000-long,248,fresh,robust_scalar,0.31640625,0.31640625,0.08984375,False
16qam-snr15-fg1000-long,249,fresh,baseline_cma_mu0p03,0.49609375,0.49609375,0.1513671875,False
16qam-snr15-fg1000-long,249,fresh,blind_affine,0.4140625,0.4140625,0.1259765625,False
16qam-snr15-fg1000-long,249,fresh,C11_legal_causal,0.50390625,0.50390625,0.154296875,False
16qam-snr15-fg1000-long,249,fresh,oracle_affine_bound_KILL_ONLY,0.28515625,0.28515625,0.080078125,False
16qam-snr15-fg1000-long,249,fresh,M1_prefix_scalar_T020,0.38671875,0.38671875,0.1064453125,False
16qam-snr15-fg1000-long,249,fresh,M2_quantile_transport_T020,0.2421875,0.2421875,0.06640625,False
16qam-snr15-fg1000-long,249,fresh,M4_gated_policy_T020,0.2421875,0.2421875,0.06640625,False
16qam-snr15-fg1000-long,249,fresh,correct_pooled_sqrt_rms,0.234375,0.234375,0.0634765625,False
16qam-snr15-fg1000-long,249,fresh,correct_per_pol_sqrt_rms,0.2578125,0.2578125,0.072265625,False
16qam-snr15-fg1000-long,249,fresh,gated_scalar_ablation,0.2578125,0.2578125,0.072265625,False
16qam-snr15-fg1000-long,249,fresh,robust_scalar,0.2578125,0.2578125,0.072265625,False
16qam-snr15-fg1000-long,250,fresh,baseline_cma_mu0p03,0.19921875,0.19921875,0.05078125,False
16qam-snr15-fg1000-long,250,fresh,blind_affine,0.1875,0.1875,0.0478515625,False
16qam-snr15-fg1000-long,250,fresh,C11_legal_causal,0.21875,0.21875,0.0556640625,False
16qam-snr15-fg1000-long,250,fresh,oracle_affine_bound_KILL_ONLY,0.15234375,0.15234375,0.0400390625,False
16qam-snr15-fg1000-long,250,fresh,M1_prefix_scalar_T020,0.19140625,0.19140625,0.0498046875,False
16qam-snr15-fg1000-long,250,fresh,M2_quantile_transport_T020,0.19140625,0.19140625,0.048828125,False
16qam-snr15-fg1000-long,250,fresh,M4_gated_policy_T020,0.19921875,0.19921875,0.05078125,False
16qam-snr15-fg1000-long,250,fresh,correct_pooled_sqrt_rms,0.14453125,0.14453125,0.037109375,False
16qam-snr15-fg1000-long,250,fresh,correct_per_pol_sqrt_rms,0.16015625,0.16015625,0.041015625,False
16qam-snr15-fg1000-long,250,fresh,gated_scalar_ablation,0.19921875,0.19921875,0.05078125,False
16qam-snr15-fg1000-long,250,fresh,robust_scalar,0.16015625,0.16015625,0.041015625,False
16qam-snr15-fg1000-long,251,fresh,baseline_cma_mu0p03,0.01171875,0.01171875,0.0029296875,False
16qam-snr15-fg1000-long,251,fresh,blind_affine,0.01171875,0.01171875,0.0029296875,False
16qam-snr15-fg1000-long,251,fresh,C11_legal_causal,0.01171875,0.01171875,0.0029296875,False
16qam-snr15-fg1000-long,251,fresh,oracle_affine_bound_KILL_ONLY,0.0234375,0.0234375,0.005859375,False
16qam-snr15-fg1000-long,251,fresh,M1_prefix_scalar_T020,0.015625,0.015625,0.00390625,False
16qam-snr15-fg1000-long,251,fresh,M2_quantile_transport_T020,0.078125,0.078125,0.0205078125,False
16qam-snr15-fg1000-long,251,fresh,M4_gated_policy_T020,0.01171875,0.01171875,0.0029296875,False
16qam-snr15-fg1000-long,251,fresh,correct_pooled_sqrt_rms,0.01171875,0.01171875,0.0029296875,False
16qam-snr15-fg1000-long,251,fresh,correct_per_pol_sqrt_rms,0.015625,0.015625,0.00390625,False
16qam-snr15-fg1000-long,251,fresh,gated_scalar_ablation,0.01171875,0.01171875,0.0029296875,False
16qam-snr15-fg1000-long,251,fresh,robust_scalar,0.01171875,0.01171875,0.0029296875,False
16qam-snr15-fg1000-long,252,fresh,baseline_cma_mu0p03,0.09375,0.09375,0.0234375,False
16qam-snr15-fg1000-long,252,fresh,blind_affine,0.09375,0.09375,0.0234375,False
16qam-snr15-fg1000-long,252,fresh,C11_legal_causal,0.09375,0.09375,0.0234375,False
16qam-snr15-fg1000-long,252,fresh,oracle_affine_bound_KILL_ONLY,0.0859375,0.0859375,0.021484375,False
16qam-snr15-fg1000-long,252,fresh,M1_prefix_scalar_T020,0.08984375,0.08984375,0.0224609375,False
16qam-snr15-fg1000-long,252,fresh,M2_quantile_transport_T020,0.1171875,0.1171875,0.029296875,False
16qam-snr15-fg1000-long,252,fresh,M4_gated_policy_T020,0.09375,0.09375,0.0234375,False
16qam-snr15-fg1000-long,252,fresh,correct_pooled_sqrt_rms,0.0703125,0.0703125,0.017578125,False
16qam-snr15-fg1000-long,252,fresh,correct_per_pol_sqrt_rms,0.0703125,0.0703125,0.017578125,False
16qam-snr15-fg1000-long,252,fresh,gated_scalar_ablation,0.09375,0.09375,0.0234375,False
16qam-snr15-fg1000-long,252,fresh,robust_scalar,0.06640625,0.06640625,0.0166015625,False
16qam-snr15-fg1000-long,253,fresh,baseline_cma_mu0p03,0.0546875,0.0546875,0.0146484375,False
16qam-snr15-fg1000-long,253,fresh,blind_affine,0.0546875,0.0546875,0.013671875,False
16qam-snr15-fg1000-long,253,fresh,C11_legal_causal,0.0625,0.0625,0.0166015625,False
16qam-snr15-fg1000-long,253,fresh,oracle_affine_bound_KILL_ONLY,0.06640625,0.06640625,0.0166015625,False
16qam-snr15-fg1000-long,253,fresh,M1_prefix_scalar_T020,0.0703125,0.0703125,0.017578125,False
16qam-snr15-fg1000-long,253,fresh,M2_quantile_transport_T020,0.0703125,0.0703125,0.01953125,False
16qam-snr15-fg1000-long,253,fresh,M4_gated_policy_T020,0.0546875,0.0546875,0.0146484375,False
16qam-snr15-fg1000-long,253,fresh,correct_pooled_sqrt_rms,0.04296875,0.04296875,0.0107421875,False
16qam-snr15-fg1000-long,253,fresh,correct_per_pol_sqrt_rms,0.0546875,0.0546875,0.013671875,False
16qam-snr15-fg1000-long,253,fresh,gated_scalar_ablation,0.0546875,0.0546875,0.0146484375,False
16qam-snr15-fg1000-long,253,fresh,robust_scalar,0.046875,0.046875,0.01171875,False
16qam-snr15-fg1000-long,254,fresh,baseline_cma_mu0p03,0.48828125,0.48828125,0.142578125,False
16qam-snr15-fg1000-long,254,fresh,blind_affine,0.484375,0.484375,0.140625,False
16qam-snr15-fg1000-long,254,fresh,C11_legal_causal,0.4921875,0.4921875,0.1455078125,False
16qam-snr15-fg1000-long,254,fresh,oracle_affine_bound_KILL_ONLY,0.27734375,0.27734375,0.0771484375,False
16qam-snr15-fg1000-long,254,fresh,M1_prefix_scalar_T020,0.42578125,0.42578125,0.119140625,False
16qam-snr15-fg1000-long,254,fresh,M2_quantile_transport_T020,0.265625,0.265625,0.0732421875,False
16qam-snr15-fg1000-long,254,fresh,M4_gated_policy_T020,0.265625,0.265625,0.0732421875,False
16qam-snr15-fg1000-long,254,fresh,correct_pooled_sqrt_rms,0.25390625,0.25390625,0.0703125,False
16qam-snr15-fg1000-long,254,fresh,correct_per_pol_sqrt_rms,0.265625,0.265625,0.072265625,False
16qam-snr15-fg1000-long,254,fresh,gated_scalar_ablation,0.265625,0.265625,0.072265625,False
16qam-snr15-fg1000-long,254,fresh,robust_scalar,0.2734375,0.2734375,0.0751953125,False
16qam-snr15-fg1000-long,255,fresh,baseline_cma_mu0p03,0.58203125,0.58203125,0.17578125,False
16qam-snr15-fg1000-long,255,fresh,blind_affine,0.65234375,0.65234375,0.197265625,False
16qam-snr15-fg1000-long,255,fresh,C11_legal_causal,0.609375,0.609375,0.1826171875,False
16qam-snr15-fg1000-long,255,fresh,oracle_affine_bound_KILL_ONLY,0.28515625,0.28515625,0.0771484375,False
16qam-snr15-fg1000-long,255,fresh,M1_prefix_scalar_T020,0.48046875,0.48046875,0.1298828125,False
16qam-snr15-fg1000-long,255,fresh,M2_quantile_transport_T020,0.28125,0.28125,0.0771484375,False
16qam-snr15-fg1000-long,255,fresh,M4_gated_policy_T020,0.28125,0.28125,0.0771484375,False
16qam-snr15-fg1000-long,255,fresh,correct_pooled_sqrt_rms,0.25390625,0.25390625,0.0693359375,False
16qam-snr15-fg1000-long,255,fresh,correct_per_pol_sqrt_rms,0.25,0.25,0.068359375,False
16qam-snr15-fg1000-long,255,fresh,gated_scalar_ablation,0.25,0.25,0.068359375,False
16qam-snr15-fg1000-long,255,fresh,robust_scalar,0.27734375,0.27734375,0.0751953125,False
16qam-snr15-fg1000-long,256,fresh,baseline_cma_mu0p03,0.01953125,0.01953125,0.0048828125,False
16qam-snr15-fg1000-long,256,fresh,blind_affine,0.01953125,0.01953125,0.0048828125,False
16qam-snr15-fg1000-long,256,fresh,C11_legal_causal,0.01953125,0.01953125,0.0048828125,False
16qam-snr15-fg1000-long,256,fresh,oracle_affine_bound_KILL_ONLY,0.01953125,0.01953125,0.0048828125,False
16qam-snr15-fg1000-long,256,fresh,M1_prefix_scalar_T020,0.015625,0.015625,0.00390625,False
16qam-snr15-fg1000-long,256,fresh,M2_quantile_transport_T020,0.03515625,0.03515625,0.0087890625,False
16qam-snr15-fg1000-long,256,fresh,M4_gated_policy_T020,0.01953125,0.01953125,0.0048828125,False
16qam-snr15-fg1000-long,256,fresh,correct_pooled_sqrt_rms,0.015625,0.015625,0.00390625,False
16qam-snr15-fg1000-long,256,fresh,correct_per_pol_sqrt_rms,0.01953125,0.01953125,0.0048828125,False
16qam-snr15-fg1000-long,256,fresh,gated_scalar_ablation,0.01953125,0.01953125,0.0048828125,False
16qam-snr15-fg1000-long,256,fresh,robust_scalar,0.015625,0.015625,0.00390625,False
16qam-snr15-fg1000-long,257,fresh,baseline_cma_mu0p03,0.046875,0.046875,0.01171875,False
16qam-snr15-fg1000-long,257,fresh,blind_affine,0.046875,0.046875,0.01171875,False
16qam-snr15-fg1000-long,257,fresh,C11_legal_causal,0.0390625,0.0390625,0.009765625,False
16qam-snr15-fg1000-long,257,fresh,oracle_affine_bound_KILL_ONLY,0.05859375,0.05859375,0.0146484375,False
16qam-snr15-fg1000-long,257,fresh,M1_prefix_scalar_T020,0.04296875,0.04296875,0.0107421875,False
16qam-snr15-fg1000-long,257,fresh,M2_quantile_transport_T020,0.09765625,0.09765625,0.0244140625,False
16qam-snr15-fg1000-long,257,fresh,M4_gated_policy_T020,0.046875,0.046875,0.01171875,False
16qam-snr15-fg1000-long,257,fresh,correct_pooled_sqrt_rms,0.04296875,0.04296875,0.0107421875,False
16qam-snr15-fg1000-long,257,fresh,correct_per_pol_sqrt_rms,0.04296875,0.04296875,0.0107421875,False
16qam-snr15-fg1000-long,257,fresh,gated_scalar_ablation,0.046875,0.046875,0.01171875,False
16qam-snr15-fg1000-long,257,fresh,robust_scalar,0.04296875,0.04296875,0.0107421875,False
16qam-snr15-fg1000-long,258,fresh,baseline_cma_mu0p03,0.00390625,0.00390625,0.0009765625,False
16qam-snr15-fg1000-long,258,fresh,blind_affine,0.00390625,0.00390625,0.0009765625,False
16qam-snr15-fg1000-long,258,fresh,C11_legal_causal,0.00390625,0.00390625,0.0009765625,False
16qam-snr15-fg1000-long,258,fresh,oracle_affine_bound_KILL_ONLY,0.00390625,0.00390625,0.0009765625,False
16qam-snr15-fg1000-long,258,fresh,M1_prefix_scalar_T020,0.00390625,0.00390625,0.0009765625,False
16qam-snr15-fg1000-long,258,fresh,M2_quantile_transport_T020,0.0390625,0.0390625,0.009765625,False
16qam-snr15-fg1000-long,258,fresh,M4_gated_policy_T020,0.00390625,0.00390625,0.0009765625,False
16qam-snr15-fg1000-long,258,fresh,correct_pooled_sqrt_rms,0.00390625,0.00390625,0.0009765625,False
16qam-snr15-fg1000-long,258,fresh,correct_per_pol_sqrt_rms,0.00390625,0.00390625,0.0009765625,False
16qam-snr15-fg1000-long,258,fresh,gated_scalar_ablation,0.00390625,0.00390625,0.0009765625,False
16qam-snr15-fg1000-long,258,fresh,robust_scalar,0.00390625,0.00390625,0.0009765625,False
16qam-snr15-fg1000-long,259,fresh,baseline_cma_mu0p03,0.0,0.0,0.0,False
16qam-snr15-fg1000-long,259,fresh,blind_affine,0.0,0.0,0.0,False
16qam-snr15-fg1000-long,259,fresh,C11_legal_causal,0.0,0.0,0.0,False
16qam-snr15-fg1000-long,259,fresh,oracle_affine_bound_KILL_ONLY,0.0,0.0,0.0,False
16qam-snr15-fg1000-long,259,fresh,M1_prefix_scalar_T020,0.0,0.0,0.0,False
16qam-snr15-fg1000-long,259,fresh,M2_quantile_transport_T020,0.04296875,0.04296875,0.0107421875,False
16qam-snr15-fg1000-long,259,fresh,M4_gated_policy_T020,0.0,0.0,0.0,False
16qam-snr15-fg1000-long,259,fresh,correct_pooled_sqrt_rms,0.0,0.0,0.0,False
16qam-snr15-fg1000-long,259,fresh,correct_per_pol_sqrt_rms,0.0,0.0,0.0,False
16qam-snr15-fg1000-long,259,fresh,gated_scalar_ablation,0.0,0.0,0.0,False
16qam-snr15-fg1000-long,259,fresh,robust_scalar,0.0,0.0,0.0,False
16qam-snr15-fg1000-long,260,fresh,baseline_cma_mu0p03,0.62890625,0.62890625,0.1943359375,False
16qam-snr15-fg1000-long,260,fresh,blind_affine,0.625,0.625,0.193359375,False
16qam-snr15-fg1000-long,260,fresh,C11_legal_causal,0.63671875,0.63671875,0.1982421875,False
16qam-snr15-fg1000-long,260,fresh,oracle_affine_bound_KILL_ONLY,0.375,0.375,0.1044921875,False
16qam-snr15-fg1000-long,260,fresh,M1_prefix_scalar_T020,0.4609375,0.4609375,0.1337890625,False
16qam-snr15-fg1000-long,260,fresh,M2_quantile_transport_T020,0.3671875,0.3671875,0.1025390625,False
16qam-snr15-fg1000-long,260,fresh,M4_gated_policy_T020,0.3671875,0.3671875,0.1025390625,False
16qam-snr15-fg1000-long,260,fresh,correct_pooled_sqrt_rms,0.34375,0.34375,0.091796875,False
16qam-snr15-fg1000-long,260,fresh,correct_per_pol_sqrt_rms,0.34375,0.34375,0.091796875,False
16qam-snr15-fg1000-long,260,fresh,gated_scalar_ablation,0.34375,0.34375,0.091796875,False
16qam-snr15-fg1000-long,260,fresh,robust_scalar,0.34765625,0.34765625,0.091796875,False
