cell,seed,method,pi_ser,fixed_label_ser,pi_ber,gate_policy,scale_a_x,scale_a_y,offline_4category,offline_binary_label,baseline_pi_ser,oracle_pi_ser,oracle_gap,baseline_diverged,baseline_metric_finite,oracle_metric_finite
16qam-snr05-nominal-short,261,baseline_cma_mu0p03,0.8203125,0.8203125,0.3271484375,,,,awgn_dominated_error,,0.8203125,0.84765625,-0.02734375,False,True,True
16qam-snr05-nominal-short,261,correct_pooled_sqrt_rms,0.7890625,0.7890625,0.3203125,,1.6015484693645161,1.6015484693645161,awgn_dominated_error,,0.8203125,0.84765625,-0.02734375,False,True,True
16qam-snr05-nominal-short,261,correct_per_pol_sqrt_rms,0.78515625,0.78515625,0.314453125,,1.570037050672609,1.6260399379379646,awgn_dominated_error,,0.8203125,0.84765625,-0.02734375,False,True,True
16qam-snr05-nominal-short,261,robust_scalar,0.7734375,0.7734375,0.3154296875,,1.7708068863155955,1.7659738277134758,awgn_dominated_error,,0.8203125,0.84765625,-0.02734375,False,True,True
16qam-snr05-nominal-short,261,gated_scalar,0.78515625,0.78515625,0.314453125,scale,1.570037050672609,1.6260399379379646,awgn_dominated_error,,0.8203125,0.84765625,-0.02734375,False,True,True
16qam-snr05-nominal-short,261,M4_gated_policy,0.8046875,0.8046875,0.32421875,M2_quantile_transport,,,awgn_dominated_error,,0.8203125,0.84765625,-0.02734375,False,True,True
16qam-snr05-nominal-short,261,D4_likelihood_gated_rde,0.8203125,0.8203125,0.3271484375,,,,awgn_dominated_error,,0.8203125,0.84765625,-0.02734375,False,True,True
16qam-snr05-nominal-short,261,oracle_affine_bound,0.84765625,0.84765625,0.3486328125,,,,awgn_dominated_error,,0.8203125,0.84765625,-0.02734375,False,True,True
16qam-snr05-nominal-short,262,baseline_cma_mu0p03,0.875,0.875,0.3564453125,,,,awgn_dominated_error,,0.875,0.91015625,-0.03515625,False,True,True
16qam-snr05-nominal-short,262,correct_pooled_sqrt_rms,0.83203125,0.83203125,0.3369140625,,1.4359085542746393,1.4359085542746393,awgn_dominated_error,,0.875,0.91015625,-0.03515625,False,True,True
16qam-snr05-nominal-short,262,correct_per_pol_sqrt_rms,0.83203125,0.83203125,0.33984375,,1.3967929328136672,1.4730824458730827,awgn_dominated_error,,0.875,0.91015625,-0.03515625,False,True,True
16qam-snr05-nominal-short,262,robust_scalar,0.828125,0.828125,0.3359375,,1.4453863822610837,1.6085736425774892,awgn_dominated_error,,0.875,0.91015625,-0.03515625,False,True,True
16qam-snr05-nominal-short,262,gated_scalar,0.83203125,0.83203125,0.33984375,scale,1.3967929328136672,1.4730824458730827,awgn_dominated_error,,0.875,0.91015625,-0.03515625,False,True,True
16qam-snr05-nominal-short,262,M4_gated_policy,0.83984375,0.83984375,0.34375,M2_quantile_transport,,,awgn_dominated_error,,0.875,0.91015625,-0.03515625,False,True,True
16qam-snr05-nominal-short,262,D4_likelihood_gated_rde,0.875,0.875,0.3564453125,,,,awgn_dominated_error,,0.875,0.91015625,-0.03515625,False,True,True
16qam-snr05-nominal-short,262,oracle_affine_bound,0.91015625,0.91015625,0.376953125,,,,awgn_dominated_error,,0.875,0.91015625,-0.03515625,False,True,True
16qam-snr05-nominal-short,263,baseline_cma_mu0p03,0.734375,0.734375,0.255859375,,,,awgn_dominated_error,,0.734375,0.79296875,-0.05859375,False,True,True
16qam-snr05-nominal-short,263,correct_pooled_sqrt_rms,0.69921875,0.69921875,0.25,,1.181501364477903,1.181501364477903,awgn_dominated_error,,0.734375,0.79296875,-0.05859375,False,True,True
16qam-snr05-nominal-short,263,correct_per_pol_sqrt_rms,0.69921875,0.69921875,0.2490234375,,1.1500968227607973,1.2069213889189971,awgn_dominated_error,,0.734375,0.79296875,-0.05859375,False,True,True
16qam-snr05-nominal-short,263,robust_scalar,0.703125,0.703125,0.2568359375,,1.1993664020810042,1.2960686238386647,awgn_dominated_error,,0.734375,0.79296875,-0.05859375,False,True,True
16qam-snr05-nominal-short,263,gated_scalar,0.734375,0.734375,0.255859375,identity,1.1500968227607973,1.2069213889189971,awgn_dominated_error,,0.734375,0.79296875,-0.05859375,False,True,True
16qam-snr05-nominal-short,263,M4_gated_policy,0.734375,0.734375,0.255859375,identity,,,awgn_dominated_error,,0.734375,0.79296875,-0.05859375,False,True,True
16qam-snr05-nominal-short,263,D4_likelihood_gated_rde,0.734375,0.734375,0.255859375,,,,awgn_dominated_error,,0.734375,0.79296875,-0.05859375,False,True,True
16qam-snr05-nominal-short,263,oracle_affine_bound,0.79296875,0.79296875,0.26953125,,,,awgn_dominated_error,,0.734375,0.79296875,-0.05859375,False,True,True
16qam-snr05-nominal-short,264,baseline_cma_mu0p03,0.6640625,0.6640625,0.234375,,,,awgn_dominated_error,,0.6640625,0.6796875,-0.015625,False,True,True
16qam-snr05-nominal-short,264,correct_pooled_sqrt_rms,0.66796875,0.66796875,0.2392578125,,1.16336046894398,1.16336046894398,awgn_dominated_error,,0.6640625,0.6796875,-0.015625,False,True,True
16qam-snr05-nominal-short,264,correct_per_pol_sqrt_rms,0.66796875,0.66796875,0.240234375,,1.1594766443239992,1.1642741622132078,awgn_dominated_error,,0.6640625,0.6796875,-0.015625,False,True,True
16qam-snr05-nominal-short,264,robust_scalar,0.67578125,0.67578125,0.2421875,,1.1642949794550452,1.236264421997197,awgn_dominated_error,,0.6640625,0.6796875,-0.015625,False,True,True
16qam-snr05-nominal-short,264,gated_scalar,0.6640625,0.6640625,0.234375,identity,1.1594766443239992,1.1642741622132078,awgn_dominated_error,,0.6640625,0.6796875,-0.015625,False,True,True
16qam-snr05-nominal-short,264,M4_gated_policy,0.6640625,0.6640625,0.234375,identity,,,awgn_dominated_error,,0.6640625,0.6796875,-0.015625,False,True,True
16qam-snr05-nominal-short,264,D4_likelihood_gated_rde,0.6640625,0.6640625,0.234375,,,,awgn_dominated_error,,0.6640625,0.6796875,-0.015625,False,True,True
16qam-snr05-nominal-short,264,oracle_affine_bound,0.6796875,0.6796875,0.23828125,,,,awgn_dominated_error,,0.6640625,0.6796875,-0.015625,False,True,True
16qam-snr05-nominal-short,265,baseline_cma_mu0p03,0.5234375,0.5234375,0.1552734375,,,,awgn_dominated_error,,0.5234375,0.5625,-0.0390625,False,True,True
16qam-snr05-nominal-short,265,correct_pooled_sqrt_rms,0.53125,0.53125,0.1572265625,,0.9275798830269175,0.9275798830269175,awgn_dominated_error,,0.5234375,0.5625,-0.0390625,False,True,True
16qam-snr05-nominal-short,265,correct_per_pol_sqrt_rms,0.53125,0.53125,0.1572265625,,0.9362012604125096,0.9189023567814448,awgn_dominated_error,,0.5234375,0.5625,-0.0390625,False,True,True
16qam-snr05-nominal-short,265,robust_scalar,0.51171875,0.51171875,0.15234375,,1.0126011420726146,0.9344197329213016,awgn_dominated_error,,0.5234375,0.5625,-0.0390625,False,True,True
16qam-snr05-nominal-short,265,gated_scalar,0.5234375,0.5234375,0.1552734375,identity,0.9362012604125096,0.9189023567814448,awgn_dominated_error,,0.5234375,0.5625,-0.0390625,False,True,True
16qam-snr05-nominal-short,265,M4_gated_policy,0.5234375,0.5234375,0.1552734375,identity,,,awgn_dominated_error,,0.5234375,0.5625,-0.0390625,False,True,True
16qam-snr05-nominal-short,265,D4_likelihood_gated_rde,0.5234375,0.5234375,0.1552734375,,,,awgn_dominated_error,,0.5234375,0.5625,-0.0390625,False,True,True
16qam-snr05-nominal-short,265,oracle_affine_bound,0.5625,0.5625,0.1767578125,,,,awgn_dominated_error,,0.5234375,0.5625,-0.0390625,False,True,True
16qam-snr05-nominal-short,266,baseline_cma_mu0p03,0.78125,0.78125,0.328125,,,,awgn_dominated_error,,0.78125,0.8359375,-0.0546875,False,True,True
16qam-snr05-nominal-short,266,correct_pooled_sqrt_rms,0.79296875,0.79296875,0.33203125,,1.4591668094969714,1.4591668094969714,awgn_dominated_error,,0.78125,0.8359375,-0.0546875,False,True,True
16qam-snr05-nominal-short,266,correct_per_pol_sqrt_rms,0.78515625,0.78515625,0.330078125,,1.4458075875884517,1.4604449491228713,awgn_dominated_error,,0.78125,0.8359375,-0.0546875,False,True,True
16qam-snr05-nominal-short,266,robust_scalar,0.796875,0.796875,0.3349609375,,1.6149830323066636,1.5841669639994278,awgn_dominated_error,,0.78125,0.8359375,-0.0546875,False,True,True
16qam-snr05-nominal-short,266,gated_scalar,0.78515625,0.78515625,0.330078125,scale,1.4458075875884517,1.4604449491228713,awgn_dominated_error,,0.78125,0.8359375,-0.0546875,False,True,True
16qam-snr05-nominal-short,266,M4_gated_policy,0.7890625,0.7890625,0.33203125,M2_quantile_transport,,,awgn_dominated_error,,0.78125,0.8359375,-0.0546875,False,True,True
16qam-snr05-nominal-short,266,D4_likelihood_gated_rde,0.78125,0.78125,0.328125,,,,awgn_dominated_error,,0.78125,0.8359375,-0.0546875,False,True,True
16qam-snr05-nominal-short,266,oracle_affine_bound,0.8359375,0.8359375,0.34765625,,,,awgn_dominated_error,,0.78125,0.8359375,-0.0546875,False,True,True
16qam-snr05-nominal-short,267,baseline_cma_mu0p03,0.73828125,0.73828125,0.265625,,,,awgn_dominated_error,,0.73828125,0.76171875,-0.0234375,False,True,True
16qam-snr05-nominal-short,267,correct_pooled_sqrt_rms,0.703125,0.703125,0.2509765625,,1.3113821003489312,1.3113821003489312,awgn_dominated_error,,0.73828125,0.76171875,-0.0234375,False,True,True
16qam-snr05-nominal-short,267,correct_per_pol_sqrt_rms,0.703125,0.703125,0.25,,1.3212584423587788,1.2961720646698802,awgn_dominated_error,,0.73828125,0.76171875,-0.0234375,False,True,True
16qam-snr05-nominal-short,267,robust_scalar,0.7109375,0.7109375,0.25390625,,1.411083890720162,1.3712760297293107,awgn_dominated_error,,0.73828125,0.76171875,-0.0234375,False,True,True
16qam-snr05-nominal-short,267,gated_scalar,0.73828125,0.73828125,0.265625,identity,1.3212584423587788,1.2961720646698802,awgn_dominated_error,,0.73828125,0.76171875,-0.0234375,False,True,True
16qam-snr05-nominal-short,267,M4_gated_policy,0.73828125,0.73828125,0.265625,identity,,,awgn_dominated_error,,0.73828125,0.76171875,-0.0234375,False,True,True
16qam-snr05-nominal-short,267,D4_likelihood_gated_rde,0.73828125,0.73828125,0.265625,,,,awgn_dominated_error,,0.73828125,0.76171875,-0.0234375,False,True,True
16qam-snr05-nominal-short,267,oracle_affine_bound,0.76171875,0.76171875,0.2646484375,,,,awgn_dominated_error,,0.73828125,0.76171875,-0.0234375,False,True,True
16qam-snr05-nominal-short,268,baseline_cma_mu0p03,0.41796875,0.41796875,0.1201171875,,,,awgn_dominated_error,,0.41796875,0.4453125,-0.02734375,False,True,True
16qam-snr05-nominal-short,268,correct_pooled_sqrt_rms,0.4453125,0.4453125,0.1240234375,,0.9244484912632726,0.9244484912632726,awgn_dominated_error,,0.41796875,0.4453125,-0.02734375,False,True,True
16qam-snr05-nominal-short,268,correct_per_pol_sqrt_rms,0.44140625,0.44140625,0.1240234375,,0.9002244633766593,0.9488228450589042,awgn_dominated_error,,0.41796875,0.4453125,-0.02734375,False,True,True
16qam-snr05-nominal-short,268,robust_scalar,0.42578125,0.42578125,0.12109375,,0.9231727161189386,1.007795099612807,awgn_dominated_error,,0.41796875,0.4453125,-0.02734375,False,True,True
16qam-snr05-nominal-short,268,gated_scalar,0.41796875,0.41796875,0.1201171875,identity,0.9002244633766593,0.9488228450589042,awgn_dominated_error,,0.41796875,0.4453125,-0.02734375,False,True,True
16qam-snr05-nominal-short,268,M4_gated_policy,0.41796875,0.41796875,0.1201171875,identity,,,awgn_dominated_error,,0.41796875,0.4453125,-0.02734375,False,True,True
16qam-snr05-nominal-short,268,D4_likelihood_gated_rde,0.41796875,0.41796875,0.1201171875,,,,awgn_dominated_error,,0.41796875,0.4453125,-0.02734375,False,True,True
16qam-snr05-nominal-short,268,oracle_affine_bound,0.4453125,0.4453125,0.1298828125,,,,awgn_dominated_error,,0.41796875,0.4453125,-0.02734375,False,True,True
16qam-snr05-nominal-short,269,baseline_cma_mu0p03,0.42578125,0.42578125,0.123046875,,,,awgn_dominated_error,,0.42578125,0.5078125,-0.08203125,False,True,True
16qam-snr05-nominal-short,269,correct_pooled_sqrt_rms,0.43359375,0.43359375,0.123046875,,0.9111689562524227,0.9111689562524227,awgn_dominated_error,,0.42578125,0.5078125,-0.08203125,False,True,True
16qam-snr05-nominal-short,269,correct_per_pol_sqrt_rms,0.43359375,0.43359375,0.1220703125,,0.9030592979709017,0.9173141566503387,awgn_dominated_error,,0.42578125,0.5078125,-0.08203125,False,True,True
16qam-snr05-nominal-short,269,robust_scalar,0.421875,0.421875,0.12109375,,0.9529023626185473,0.9850632772108451,awgn_dominated_error,,0.42578125,0.5078125,-0.08203125,False,True,True
16qam-snr05-nominal-short,269,gated_scalar,0.42578125,0.42578125,0.123046875,identity,0.9030592979709017,0.9173141566503387,awgn_dominated_error,,0.42578125,0.5078125,-0.08203125,False,True,True
16qam-snr05-nominal-short,269,M4_gated_policy,0.42578125,0.42578125,0.123046875,identity,,,awgn_dominated_error,,0.42578125,0.5078125,-0.08203125,False,True,True
16qam-snr05-nominal-short,269,D4_likelihood_gated_rde,0.42578125,0.42578125,0.123046875,,,,awgn_dominated_error,,0.42578125,0.5078125,-0.08203125,False,True,True
16qam-snr05-nominal-short,269,oracle_affine_bound,0.5078125,0.5078125,0.1396484375,,,,awgn_dominated_error,,0.42578125,0.5078125,-0.08203125,False,True,True
16qam-snr05-nominal-short,270,baseline_cma_mu0p03,0.859375,0.859375,0.3818359375,,,,awgn_dominated_error,,0.859375,0.89453125,-0.03515625,False,True,True
16qam-snr05-nominal-short,270,correct_pooled_sqrt_rms,0.82421875,0.82421875,0.3720703125,,1.5962496953680168,1.5962496953680168,awgn_dominated_error,,0.859375,0.89453125,-0.03515625,False,True,True
16qam-snr05-nominal-short,270,correct_per_pol_sqrt_rms,0.82421875,0.82421875,0.373046875,,1.5965369337492352,1.588057059563161,awgn_dominated_error,,0.859375,0.89453125,-0.03515625,False,True,True
16qam-snr05-nominal-short,270,robust_scalar,0.82421875,0.82421875,0.3740234375,,1.5858001241754138,1.699813541650358,awgn_dominated_error,,0.859375,0.89453125,-0.03515625,False,True,True
16qam-snr05-nominal-short,270,gated_scalar,0.82421875,0.82421875,0.373046875,scale,1.5965369337492352,1.588057059563161,awgn_dominated_error,,0.859375,0.89453125,-0.03515625,False,True,True
16qam-snr05-nominal-short,270,M4_gated_policy,0.82421875,0.82421875,0.3759765625,M2_quantile_transport,,,awgn_dominated_error,,0.859375,0.89453125,-0.03515625,False,True,True
16qam-snr05-nominal-short,270,D4_likelihood_gated_rde,0.859375,0.859375,0.3818359375,,,,awgn_dominated_error,,0.859375,0.89453125,-0.03515625,False,True,True
16qam-snr05-nominal-short,270,oracle_affine_bound,0.89453125,0.89453125,0.3935546875,,,,awgn_dominated_error,,0.859375,0.89453125,-0.03515625,False,True,True
16qam-snr05-nominal-short,271,baseline_cma_mu0p03,0.81640625,0.81640625,0.3017578125,,,,awgn_dominated_error,,0.81640625,0.83203125,-0.015625,False,True,True
16qam-snr05-nominal-short,271,correct_pooled_sqrt_rms,0.8125,0.8125,0.296875,,1.3196459854929234,1.3196459854929234,awgn_dominated_error,,0.81640625,0.83203125,-0.015625,False,True,True
16qam-snr05-nominal-short,271,correct_per_pol_sqrt_rms,0.81640625,0.81640625,0.2978515625,,1.318947848121243,1.3158270943853487,awgn_dominated_error,,0.81640625,0.83203125,-0.015625,False,True,True
16qam-snr05-nominal-short,271,robust_scalar,0.8125,0.8125,0.296875,,1.3570248395148343,1.4112588982418555,awgn_dominated_error,,0.81640625,0.83203125,-0.015625,False,True,True
16qam-snr05-nominal-short,271,gated_scalar,0.81640625,0.81640625,0.3017578125,identity,1.318947848121243,1.3158270943853487,awgn_dominated_error,,0.81640625,0.83203125,-0.015625,False,True,True
16qam-snr05-nominal-short,271,M4_gated_policy,0.81640625,0.81640625,0.3017578125,identity,,,awgn_dominated_error,,0.81640625,0.83203125,-0.015625,False,True,True
16qam-snr05-nominal-short,271,D4_likelihood_gated_rde,0.81640625,0.81640625,0.3017578125,,,,awgn_dominated_error,,0.81640625,0.83203125,-0.015625,False,True,True
16qam-snr05-nominal-short,271,oracle_affine_bound,0.83203125,0.83203125,0.3076171875,,,,awgn_dominated_error,,0.81640625,0.83203125,-0.015625,False,True,True
16qam-snr05-nominal-short,272,baseline_cma_mu0p03,0.84375,0.84375,0.3662109375,,,,awgn_dominated_error,,0.84375,0.8984375,-0.0546875,False,True,True
16qam-snr05-nominal-short,272,correct_pooled_sqrt_rms,0.82421875,0.82421875,0.373046875,,1.7178007148805332,1.7178007148805332,awgn_dominated_error,,0.84375,0.8984375,-0.0546875,False,True,True
16qam-snr05-nominal-short,272,correct_per_pol_sqrt_rms,0.81640625,0.81640625,0.3740234375,,1.7505081213589588,1.661000542383075,awgn_dominated_error,,0.84375,0.8984375,-0.0546875,False,True,True
16qam-snr05-nominal-short,272,robust_scalar,0.828125,0.828125,0.3779296875,,1.9098087511434865,2.0371483662629686,awgn_dominated_error,,0.84375,0.8984375,-0.0546875,False,True,True
16qam-snr05-nominal-short,272,gated_scalar,0.81640625,0.81640625,0.3740234375,scale,1.7505081213589588,1.661000542383075,awgn_dominated_error,,0.84375,0.8984375,-0.0546875,False,True,True
16qam-snr05-nominal-short,272,M4_gated_policy,0.828125,0.828125,0.3759765625,M2_quantile_transport,,,awgn_dominated_error,,0.84375,0.8984375,-0.0546875,False,True,True
16qam-snr05-nominal-short,272,D4_likelihood_gated_rde,0.84375,0.84375,0.3662109375,,,,awgn_dominated_error,,0.84375,0.8984375,-0.0546875,False,True,True
16qam-snr05-nominal-short,272,oracle_affine_bound,0.8984375,0.8984375,0.3896484375,,,,awgn_dominated_error,,0.84375,0.8984375,-0.0546875,False,True,True
16qam-snr05-nominal-short,273,baseline_cma_mu0p03,0.43359375,0.43359375,0.1240234375,,,,awgn_dominated_error,,0.43359375,0.51171875,-0.078125,False,True,True
16qam-snr05-nominal-short,273,correct_pooled_sqrt_rms,0.4453125,0.4453125,0.1298828125,,0.9371712800641128,0.9371712800641128,awgn_dominated_error,,0.43359375,0.51171875,-0.078125,False,True,True
16qam-snr05-nominal-short,273,correct_per_pol_sqrt_rms,0.45703125,0.45703125,0.1328125,,0.9715243397838814,0.9045371028840806,awgn_dominated_error,,0.43359375,0.51171875,-0.078125,False,True,True
16qam-snr05-nominal-short,273,robust_scalar,0.42578125,0.42578125,0.123046875,,1.05585542875296,0.8954176026039952,awgn_dominated_error,,0.43359375,0.51171875,-0.078125,False,True,True
16qam-snr05-nominal-short,273,gated_scalar,0.43359375,0.43359375,0.1240234375,identity,0.9715243397838814,0.9045371028840806,awgn_dominated_error,,0.43359375,0.51171875,-0.078125,False,True,True
16qam-snr05-nominal-short,273,M4_gated_policy,0.43359375,0.43359375,0.1240234375,identity,,,awgn_dominated_error,,0.43359375,0.51171875,-0.078125,False,True,True
16qam-snr05-nominal-short,273,D4_likelihood_gated_rde,0.43359375,0.43359375,0.1240234375,,,,awgn_dominated_error,,0.43359375,0.51171875,-0.078125,False,True,True
16qam-snr05-nominal-short,273,oracle_affine_bound,0.51171875,0.51171875,0.1533203125,,,,awgn_dominated_error,,0.43359375,0.51171875,-0.078125,False,True,True
16qam-snr05-nominal-short,274,baseline_cma_mu0p03,0.8671875,0.8671875,0.3818359375,,,,awgn_dominated_error,,0.8671875,0.87890625,-0.01171875,False,True,True
16qam-snr05-nominal-short,274,correct_pooled_sqrt_rms,0.8515625,0.8515625,0.3681640625,,1.7599674231439104,1.7599674231439104,awgn_dominated_error,,0.8671875,0.87890625,-0.01171875,False,True,True
16qam-snr05-nominal-short,274,correct_per_pol_sqrt_rms,0.87109375,0.87109375,0.3740234375,,1.822777715813188,1.6776663592283598,awgn_dominated_error,,0.8671875,0.87890625,-0.01171875,False,True,True
16qam-snr05-nominal-short,274,robust_scalar,0.84375,0.84375,0.3720703125,,2.035694605718933,1.930829528474472,awgn_dominated_error,,0.8671875,0.87890625,-0.01171875,False,True,True
16qam-snr05-nominal-short,274,gated_scalar,0.87109375,0.87109375,0.3740234375,scale,1.822777715813188,1.6776663592283598,awgn_dominated_error,,0.8671875,0.87890625,-0.01171875,False,True,True
16qam-snr05-nominal-short,274,M4_gated_policy,0.859375,0.859375,0.373046875,M2_quantile_transport,,,awgn_dominated_error,,0.8671875,0.87890625,-0.01171875,False,True,True
16qam-snr05-nominal-short,274,D4_likelihood_gated_rde,0.8671875,0.8671875,0.3818359375,,,,awgn_dominated_error,,0.8671875,0.87890625,-0.01171875,False,True,True
16qam-snr05-nominal-short,274,oracle_affine_bound,0.87890625,0.87890625,0.4013671875,,,,awgn_dominated_error,,0.8671875,0.87890625,-0.01171875,False,True,True
16qam-snr05-nominal-short,275,baseline_cma_mu0p03,0.65234375,0.65234375,0.2197265625,,,,awgn_dominated_error,,0.65234375,0.6484375,0.00390625,False,True,True
16qam-snr05-nominal-short,275,correct_pooled_sqrt_rms,0.6484375,0.6484375,0.2197265625,,1.050919216437257,1.050919216437257,awgn_dominated_error,,0.65234375,0.6484375,0.00390625,False,True,True
16qam-snr05-nominal-short,275,correct_per_pol_sqrt_rms,0.65625,0.65625,0.22265625,,1.0067510985304629,1.0986996430108809,awgn_dominated_error,,0.65234375,0.6484375,0.00390625,False,True,True
16qam-snr05-nominal-short,275,robust_scalar,0.65234375,0.65234375,0.2158203125,,1.0506837740398023,1.2303832338004024,awgn_dominated_error,,0.65234375,0.6484375,0.00390625,False,True,True
16qam-snr05-nominal-short,275,gated_scalar,0.65234375,0.65234375,0.2197265625,identity,1.0067510985304629,1.0986996430108809,awgn_dominated_error,,0.65234375,0.6484375,0.00390625,False,True,True
16qam-snr05-nominal-short,275,M4_gated_policy,0.65234375,0.65234375,0.2197265625,identity,,,awgn_dominated_error,,0.65234375,0.6484375,0.00390625,False,True,True
16qam-snr05-nominal-short,275,D4_likelihood_gated_rde,0.65234375,0.65234375,0.2197265625,,,,awgn_dominated_error,,0.65234375,0.6484375,0.00390625,False,True,True
16qam-snr05-nominal-short,275,oracle_affine_bound,0.6484375,0.6484375,0.224609375,,,,awgn_dominated_error,,0.65234375,0.6484375,0.00390625,False,True,True
16qam-snr05-nominal-short,276,baseline_cma_mu0p03,0.86328125,0.86328125,0.357421875,,,,awgn_dominated_error,,0.86328125,0.8671875,-0.00390625,False,True,True
16qam-snr05-nominal-short,276,correct_pooled_sqrt_rms,0.859375,0.859375,0.3515625,,1.517146215850796,1.517146215850796,awgn_dominated_error,,0.86328125,0.8671875,-0.00390625,False,True,True
16qam-snr05-nominal-short,276,correct_per_pol_sqrt_rms,0.859375,0.859375,0.3525390625,,1.52212055007721,1.5072731283127416,awgn_dominated_error,,0.86328125,0.8671875,-0.00390625,False,True,True
16qam-snr05-nominal-short,276,robust_scalar,0.87109375,0.87109375,0.353515625,,1.683568072774488,1.5759921937822559,awgn_dominated_error,,0.86328125,0.8671875,-0.00390625,False,True,True
16qam-snr05-nominal-short,276,gated_scalar,0.859375,0.859375,0.3525390625,scale,1.52212055007721,1.5072731283127416,awgn_dominated_error,,0.86328125,0.8671875,-0.00390625,False,True,True
16qam-snr05-nominal-short,276,M4_gated_policy,0.87109375,0.87109375,0.353515625,M2_quantile_transport,,,awgn_dominated_error,,0.86328125,0.8671875,-0.00390625,False,True,True
16qam-snr05-nominal-short,276,D4_likelihood_gated_rde,0.86328125,0.86328125,0.357421875,,,,awgn_dominated_error,,0.86328125,0.8671875,-0.00390625,False,True,True
16qam-snr05-nominal-short,276,oracle_affine_bound,0.8671875,0.8671875,0.3583984375,,,,awgn_dominated_error,,0.86328125,0.8671875,-0.00390625,False,True,True
16qam-snr05-nominal-short,277,baseline_cma_mu0p03,0.53125,0.53125,0.1611328125,,,,awgn_dominated_error,,0.53125,0.59765625,-0.06640625,False,True,True
16qam-snr05-nominal-short,277,correct_pooled_sqrt_rms,0.53125,0.53125,0.1630859375,,1.0186859384382314,1.0186859384382314,awgn_dominated_error,,0.53125,0.59765625,-0.06640625,False,True,True
16qam-snr05-nominal-short,277,correct_per_pol_sqrt_rms,0.53125,0.53125,0.162109375,,1.0354196484759726,1.0000459963855928,awgn_dominated_error,,0.53125,0.59765625,-0.06640625,False,True,True
16qam-snr05-nominal-short,277,robust_scalar,0.5234375,0.5234375,0.16015625,,1.1180964092045766,1.0121750990194958,awgn_dominated_error,,0.53125,0.59765625,-0.06640625,False,True,True
16qam-snr05-nominal-short,277,gated_scalar,0.53125,0.53125,0.1611328125,identity,1.0354196484759726,1.0000459963855928,awgn_dominated_error,,0.53125,0.59765625,-0.06640625,False,True,True
16qam-snr05-nominal-short,277,M4_gated_policy,0.53125,0.53125,0.1611328125,identity,,,awgn_dominated_error,,0.53125,0.59765625,-0.06640625,False,True,True
16qam-snr05-nominal-short,277,D4_likelihood_gated_rde,0.53125,0.53125,0.1611328125,,,,awgn_dominated_error,,0.53125,0.59765625,-0.06640625,False,True,True
16qam-snr05-nominal-short,277,oracle_affine_bound,0.59765625,0.59765625,0.177734375,,,,awgn_dominated_error,,0.53125,0.59765625,-0.06640625,False,True,True
16qam-snr05-nominal-short,278,baseline_cma_mu0p03,0.83984375,0.83984375,0.361328125,,,,awgn_dominated_error,,0.83984375,0.8828125,-0.04296875,False,True,True
16qam-snr05-nominal-short,278,correct_pooled_sqrt_rms,0.80078125,0.80078125,0.3505859375,,1.6378413562676197,1.6378413562676197,awgn_dominated_error,,0.83984375,0.8828125,-0.04296875,False,True,True
16qam-snr05-nominal-short,278,correct_per_pol_sqrt_rms,0.8046875,0.8046875,0.34765625,,1.5910694871500823,1.6712697167716632,awgn_dominated_error,,0.83984375,0.8828125,-0.04296875,False,True,True
16qam-snr05-nominal-short,278,robust_scalar,0.78515625,0.78515625,0.3466796875,,1.6845060422418658,1.8140655978525597,awgn_dominated_error,,0.83984375,0.8828125,-0.04296875,False,True,True
16qam-snr05-nominal-short,278,gated_scalar,0.8046875,0.8046875,0.34765625,scale,1.5910694871500823,1.6712697167716632,awgn_dominated_error,,0.83984375,0.8828125,-0.04296875,False,True,True
16qam-snr05-nominal-short,278,M4_gated_policy,0.80078125,0.80078125,0.3447265625,M2_quantile_transport,,,awgn_dominated_error,,0.83984375,0.8828125,-0.04296875,False,True,True
16qam-snr05-nominal-short,278,D4_likelihood_gated_rde,0.83984375,0.83984375,0.361328125,,,,awgn_dominated_error,,0.83984375,0.8828125,-0.04296875,False,True,True
16qam-snr05-nominal-short,278,oracle_affine_bound,0.8828125,0.8828125,0.37890625,,,,awgn_dominated_error,,0.83984375,0.8828125,-0.04296875,False,True,True
16qam-snr05-nominal-short,279,baseline_cma_mu0p03,0.6015625,0.6015625,0.1796875,,,,awgn_dominated_error,,0.6015625,0.640625,-0.0390625,False,True,True
16qam-snr05-nominal-short,279,correct_pooled_sqrt_rms,0.59375,0.59375,0.177734375,,1.0073350607247045,1.0073350607247045,awgn_dominated_error,,0.6015625,0.640625,-0.0390625,False,True,True
16qam-snr05-nominal-short,279,correct_per_pol_sqrt_rms,0.60546875,0.60546875,0.1826171875,,0.9935468189695803,1.019545630464429,awgn_dominated_error,,0.6015625,0.640625,-0.0390625,False,True,True
16qam-snr05-nominal-short,279,robust_scalar,0.58203125,0.58203125,0.1748046875,,1.0021491395561566,1.0767491919726002,awgn_dominated_error,,0.6015625,0.640625,-0.0390625,False,True,True
16qam-snr05-nominal-short,279,gated_scalar,0.6015625,0.6015625,0.1796875,identity,0.9935468189695803,1.019545630464429,awgn_dominated_error,,0.6015625,0.640625,-0.0390625,False,True,True
16qam-snr05-nominal-short,279,M4_gated_policy,0.6015625,0.6015625,0.1796875,identity,,,awgn_dominated_error,,0.6015625,0.640625,-0.0390625,False,True,True
16qam-snr05-nominal-short,279,D4_likelihood_gated_rde,0.6015625,0.6015625,0.1796875,,,,awgn_dominated_error,,0.6015625,0.640625,-0.0390625,False,True,True
16qam-snr05-nominal-short,279,oracle_affine_bound,0.640625,0.640625,0.1923828125,,,,awgn_dominated_error,,0.6015625,0.640625,-0.0390625,False,True,True
16qam-snr05-nominal-short,280,baseline_cma_mu0p03,0.8984375,0.8984375,0.41796875,,,,awgn_dominated_error,,0.8984375,0.92578125,-0.02734375,False,True,True
16qam-snr05-nominal-short,280,correct_pooled_sqrt_rms,0.89453125,0.89453125,0.4150390625,,1.0999456771059224,1.0999456771059224,awgn_dominated_error,,0.8984375,0.92578125,-0.02734375,False,True,True
16qam-snr05-nominal-short,280,correct_per_pol_sqrt_rms,0.890625,0.890625,0.4169921875,,1.0772913482468363,1.1133009605822572,awgn_dominated_error,,0.8984375,0.92578125,-0.02734375,False,True,True
16qam-snr05-nominal-short,280,robust_scalar,0.890625,0.890625,0.4130859375,,1.177335804316567,1.2281322099071543,awgn_dominated_error,,0.8984375,0.92578125,-0.02734375,False,True,True
16qam-snr05-nominal-short,280,gated_scalar,0.8984375,0.8984375,0.41796875,identity,1.0772913482468363,1.1133009605822572,awgn_dominated_error,,0.8984375,0.92578125,-0.02734375,False,True,True
16qam-snr05-nominal-short,280,M4_gated_policy,0.8984375,0.8984375,0.41796875,identity,,,awgn_dominated_error,,0.8984375,0.92578125,-0.02734375,False,True,True
16qam-snr05-nominal-short,280,D4_likelihood_gated_rde,0.8984375,0.8984375,0.41796875,,,,awgn_dominated_error,,0.8984375,0.92578125,-0.02734375,False,True,True
16qam-snr05-nominal-short,280,oracle_affine_bound,0.92578125,0.92578125,0.4296875,,,,awgn_dominated_error,,0.8984375,0.92578125,-0.02734375,False,True,True
16qam-snr10-nominal-short,261,baseline_cma_mu0p03,0.81640625,0.81640625,0.2861328125,,,,ambiguous,,0.81640625,0.671875,0.14453125,False,True,True
16qam-snr10-nominal-short,261,correct_pooled_sqrt_rms,0.625,0.625,0.2099609375,,2.0320827242552424,2.0320827242552424,ambiguous,,0.81640625,0.671875,0.14453125,False,True,True
16qam-snr10-nominal-short,261,correct_per_pol_sqrt_rms,0.625,0.625,0.2099609375,,2.02792507000932,2.0275620427413785,ambiguous,,0.81640625,0.671875,0.14453125,False,True,True
16qam-snr10-nominal-short,261,robust_scalar,0.6328125,0.6328125,0.2158203125,,2.2642359742417173,2.1666580734476066,ambiguous,,0.81640625,0.671875,0.14453125,False,True,True
16qam-snr10-nominal-short,261,gated_scalar,0.625,0.625,0.2099609375,scale,2.02792507000932,2.0275620427413785,ambiguous,,0.81640625,0.671875,0.14453125,False,True,True
16qam-snr10-nominal-short,261,M4_gated_policy,0.62890625,0.62890625,0.2109375,M2_quantile_transport,,,ambiguous,,0.81640625,0.671875,0.14453125,False,True,True
16qam-snr10-nominal-short,261,D4_likelihood_gated_rde,0.81640625,0.81640625,0.2861328125,,,,ambiguous,,0.81640625,0.671875,0.14453125,False,True,True
16qam-snr10-nominal-short,261,oracle_affine_bound,0.671875,0.671875,0.228515625,,,,ambiguous,,0.81640625,0.671875,0.14453125,False,True,True
16qam-snr10-nominal-short,262,baseline_cma_mu0p03,0.8046875,0.8046875,0.29296875,,,,ambiguous,,0.8046875,0.71484375,0.08984375,False,True,True
16qam-snr10-nominal-short,262,correct_pooled_sqrt_rms,0.69140625,0.69140625,0.2294921875,,1.8001827669791703,1.8001827669791703,ambiguous,,0.8046875,0.71484375,0.08984375,False,True,True
16qam-snr10-nominal-short,262,correct_per_pol_sqrt_rms,0.6953125,0.6953125,0.232421875,,1.7698232342574822,1.8285011653144152,ambiguous,,0.8046875,0.71484375,0.08984375,False,True,True
16qam-snr10-nominal-short,262,robust_scalar,0.67578125,0.67578125,0.21875,,1.8574117522358382,1.9779556300259138,ambiguous,,0.8046875,0.71484375,0.08984375,False,True,True
16qam-snr10-nominal-short,262,gated_scalar,0.6953125,0.6953125,0.232421875,scale,1.7698232342574822,1.8285011653144152,ambiguous,,0.8046875,0.71484375,0.08984375,False,True,True
16qam-snr10-nominal-short,262,M4_gated_policy,0.70703125,0.70703125,0.2373046875,M2_quantile_transport,,,ambiguous,,0.8046875,0.71484375,0.08984375,False,True,True
16qam-snr10-nominal-short,262,D4_likelihood_gated_rde,0.8046875,0.8046875,0.29296875,,,,ambiguous,,0.8046875,0.71484375,0.08984375,False,True,True
16qam-snr10-nominal-short,262,oracle_affine_bound,0.71484375,0.71484375,0.24609375,,,,ambiguous,,0.8046875,0.71484375,0.08984375,False,True,True
16qam-snr10-nominal-short,263,baseline_cma_mu0p03,0.578125,0.578125,0.17578125,,,,ambiguous,,0.578125,0.515625,0.0625,False,True,True
16qam-snr10-nominal-short,263,correct_pooled_sqrt_rms,0.4765625,0.4765625,0.142578125,,1.335421123061516,1.335421123061516,ambiguous,,0.578125,0.515625,0.0625,False,True,True
16qam-snr10-nominal-short,263,correct_per_pol_sqrt_rms,0.484375,0.484375,0.140625,,1.30536157666691,1.3662447652520033,ambiguous,,0.578125,0.515625,0.0625,False,True,True
16qam-snr10-nominal-short,263,robust_scalar,0.4765625,0.4765625,0.140625,,1.334111782465555,1.4171162422363357,ambiguous,,0.578125,0.515625,0.0625,False,True,True
16qam-snr10-nominal-short,263,gated_scalar,0.578125,0.578125,0.17578125,identity,1.30536157666691,1.3662447652520033,ambiguous,,0.578125,0.515625,0.0625,False,True,True
16qam-snr10-nominal-short,263,M4_gated_policy,0.578125,0.578125,0.17578125,identity,,,ambiguous,,0.578125,0.515625,0.0625,False,True,True
16qam-snr10-nominal-short,263,D4_likelihood_gated_rde,0.578125,0.578125,0.17578125,,,,ambiguous,,0.578125,0.515625,0.0625,False,True,True
16qam-snr10-nominal-short,263,oracle_affine_bound,0.515625,0.515625,0.1552734375,,,,ambiguous,,0.578125,0.515625,0.0625,False,True,True
16qam-snr10-nominal-short,264,baseline_cma_mu0p03,0.46875,0.46875,0.1416015625,,,,ambiguous,,0.46875,0.41796875,0.05078125,False,True,True
16qam-snr10-nominal-short,264,correct_pooled_sqrt_rms,0.42578125,0.42578125,0.12109375,,1.2726262079579334,1.2726262079579334,ambiguous,,0.46875,0.41796875,0.05078125,False,True,True
16qam-snr10-nominal-short,264,correct_per_pol_sqrt_rms,0.42578125,0.42578125,0.12109375,,1.2709488067235708,1.2723590567622416,ambiguous,,0.46875,0.41796875,0.05078125,False,True,True
16qam-snr10-nominal-short,264,robust_scalar,0.421875,0.421875,0.1201171875,,1.2794179683603544,1.2879362947571793,ambiguous,,0.46875,0.41796875,0.05078125,False,True,True
16qam-snr10-nominal-short,264,gated_scalar,0.46875,0.46875,0.1416015625,identity,1.2709488067235708,1.2723590567622416,ambiguous,,0.46875,0.41796875,0.05078125,False,True,True
16qam-snr10-nominal-short,264,M4_gated_policy,0.46875,0.46875,0.1416015625,identity,,,ambiguous,,0.46875,0.41796875,0.05078125,False,True,True
16qam-snr10-nominal-short,264,D4_likelihood_gated_rde,0.46875,0.46875,0.1416015625,,,,ambiguous,,0.46875,0.41796875,0.05078125,False,True,True
16qam-snr10-nominal-short,264,oracle_affine_bound,0.41796875,0.41796875,0.119140625,,,,ambiguous,,0.46875,0.41796875,0.05078125,False,True,True
16qam-snr10-nominal-short,265,baseline_cma_mu0p03,0.203125,0.203125,0.0576171875,,,,awgn_dominated_error,,0.203125,0.22265625,-0.01953125,False,True,True
16qam-snr10-nominal-short,265,correct_pooled_sqrt_rms,0.20703125,0.20703125,0.056640625,,0.9186894306101069,0.9186894306101069,awgn_dominated_error,,0.203125,0.22265625,-0.01953125,False,True,True
16qam-snr10-nominal-short,265,correct_per_pol_sqrt_rms,0.20703125,0.20703125,0.056640625,,0.9194764838622382,0.9168776449197571,awgn_dominated_error,,0.203125,0.22265625,-0.01953125,False,True,True
16qam-snr10-nominal-short,265,robust_scalar,0.20703125,0.20703125,0.0576171875,,0.9668562258307328,0.9167551628547613,awgn_dominated_error,,0.203125,0.22265625,-0.01953125,False,True,True
16qam-snr10-nominal-short,265,gated_scalar,0.203125,0.203125,0.0576171875,identity,0.9194764838622382,0.9168776449197571,awgn_dominated_error,,0.203125,0.22265625,-0.01953125,False,True,True
16qam-snr10-nominal-short,265,M4_gated_policy,0.203125,0.203125,0.0576171875,identity,,,awgn_dominated_error,,0.203125,0.22265625,-0.01953125,False,True,True
16qam-snr10-nominal-short,265,D4_likelihood_gated_rde,0.203125,0.203125,0.0576171875,,,,awgn_dominated_error,,0.203125,0.22265625,-0.01953125,False,True,True
16qam-snr10-nominal-short,265,oracle_affine_bound,0.22265625,0.22265625,0.0595703125,,,,awgn_dominated_error,,0.203125,0.22265625,-0.01953125,False,True,True
16qam-snr10-nominal-short,266,baseline_cma_mu0p03,0.78125,0.78125,0.2734375,,,,ambiguous,,0.78125,0.68359375,0.09765625,False,True,True
16qam-snr10-nominal-short,266,correct_pooled_sqrt_rms,0.66015625,0.66015625,0.2216796875,,1.9867425971859318,1.9867425971859318,ambiguous,,0.78125,0.68359375,0.09765625,False,True,True
16qam-snr10-nominal-short,266,correct_per_pol_sqrt_rms,0.66796875,0.66796875,0.2236328125,,1.936025138458412,2.02882494476965,ambiguous,,0.78125,0.68359375,0.09765625,False,True,True
16qam-snr10-nominal-short,266,robust_scalar,0.6640625,0.6640625,0.2255859375,,2.184566343316721,2.1105565949410323,ambiguous,,0.78125,0.68359375,0.09765625,False,True,True
16qam-snr10-nominal-short,266,gated_scalar,0.66796875,0.66796875,0.2236328125,scale,1.936025138458412,2.02882494476965,ambiguous,,0.78125,0.68359375,0.09765625,False,True,True
16qam-snr10-nominal-short,266,M4_gated_policy,0.63671875,0.63671875,0.212890625,M2_quantile_transport,,,ambiguous,,0.78125,0.68359375,0.09765625,False,True,True
16qam-snr10-nominal-short,266,D4_likelihood_gated_rde,0.78125,0.78125,0.2734375,,,,ambiguous,,0.78125,0.68359375,0.09765625,False,True,True
16qam-snr10-nominal-short,266,oracle_affine_bound,0.68359375,0.68359375,0.2265625,,,,ambiguous,,0.78125,0.68359375,0.09765625,False,True,True
16qam-snr10-nominal-short,267,baseline_cma_mu0p03,0.5703125,0.5703125,0.1728515625,,,,ambiguous,,0.5703125,0.4921875,0.078125,False,True,True
16qam-snr10-nominal-short,267,correct_pooled_sqrt_rms,0.46484375,0.46484375,0.138671875,,1.4820413759242377,1.4820413759242377,ambiguous,,0.5703125,0.4921875,0.078125,False,True,True
16qam-snr10-nominal-short,267,correct_per_pol_sqrt_rms,0.47265625,0.47265625,0.140625,,1.481864499739529,1.4794630874523647,ambiguous,,0.5703125,0.4921875,0.078125,False,True,True
16qam-snr10-nominal-short,267,robust_scalar,0.45703125,0.45703125,0.1376953125,,1.582501908913414,1.5400328108253603,ambiguous,,0.5703125,0.4921875,0.078125,False,True,True
16qam-snr10-nominal-short,267,gated_scalar,0.47265625,0.47265625,0.140625,scale,1.481864499739529,1.4794630874523647,ambiguous,,0.5703125,0.4921875,0.078125,False,True,True
16qam-snr10-nominal-short,267,M4_gated_policy,0.47265625,0.47265625,0.140625,M2_quantile_transport,,,ambiguous,,0.5703125,0.4921875,0.078125,False,True,True
16qam-snr10-nominal-short,267,D4_likelihood_gated_rde,0.5703125,0.5703125,0.1728515625,,,,ambiguous,,0.5703125,0.4921875,0.078125,False,True,True
16qam-snr10-nominal-short,267,oracle_affine_bound,0.4921875,0.4921875,0.1513671875,,,,ambiguous,,0.5703125,0.4921875,0.078125,False,True,True
16qam-snr10-nominal-short,268,baseline_cma_mu0p03,0.12109375,0.12109375,0.03125,,,,awgn_dominated_error,,0.12109375,0.14453125,-0.0234375,False,True,True
16qam-snr10-nominal-short,268,correct_pooled_sqrt_rms,0.13671875,0.13671875,0.0341796875,,0.8720975235358207,0.8720975235358207,awgn_dominated_error,,0.12109375,0.14453125,-0.0234375,False,True,True
16qam-snr10-nominal-short,268,correct_per_pol_sqrt_rms,0.1328125,0.1328125,0.033203125,,0.8637121763152126,0.8796187396867622,awgn_dominated_error,,0.12109375,0.14453125,-0.0234375,False,True,True
16qam-snr10-nominal-short,268,robust_scalar,0.1328125,0.1328125,0.033203125,,0.863185941589309,0.8811507210507099,awgn_dominated_error,,0.12109375,0.14453125,-0.0234375,False,True,True
16qam-snr10-nominal-short,268,gated_scalar,0.12109375,0.12109375,0.03125,identity,0.8637121763152126,0.8796187396867622,awgn_dominated_error,,0.12109375,0.14453125,-0.0234375,False,True,True
16qam-snr10-nominal-short,268,M4_gated_policy,0.12109375,0.12109375,0.03125,identity,,,awgn_dominated_error,,0.12109375,0.14453125,-0.0234375,False,True,True
16qam-snr10-nominal-short,268,D4_likelihood_gated_rde,0.12109375,0.12109375,0.03125,,,,awgn_dominated_error,,0.12109375,0.14453125,-0.0234375,False,True,True
16qam-snr10-nominal-short,268,oracle_affine_bound,0.14453125,0.14453125,0.0361328125,,,,awgn_dominated_error,,0.12109375,0.14453125,-0.0234375,False,True,True
16qam-snr10-nominal-short,269,baseline_cma_mu0p03,0.125,0.125,0.033203125,,,,awgn_dominated_error,,0.125,0.12890625,-0.00390625,False,True,True
16qam-snr10-nominal-short,269,correct_pooled_sqrt_rms,0.09765625,0.09765625,0.0244140625,,0.8626470493864402,0.8626470493864402,awgn_dominated_error,,0.125,0.12890625,-0.00390625,False,True,True
16qam-snr10-nominal-short,269,correct_per_pol_sqrt_rms,0.09765625,0.09765625,0.0244140625,,0.8660161137924752,0.8588164312387048,awgn_dominated_error,,0.125,0.12890625,-0.00390625,False,True,True
16qam-snr10-nominal-short,269,robust_scalar,0.09765625,0.09765625,0.0244140625,,0.8880710455839529,0.8638215071953211,awgn_dominated_error,,0.125,0.12890625,-0.00390625,False,True,True
16qam-snr10-nominal-short,269,gated_scalar,0.125,0.125,0.033203125,identity,0.8660161137924752,0.8588164312387048,awgn_dominated_error,,0.125,0.12890625,-0.00390625,False,True,True
16qam-snr10-nominal-short,269,M4_gated_policy,0.125,0.125,0.033203125,identity,,,awgn_dominated_error,,0.125,0.12890625,-0.00390625,False,True,True
16qam-snr10-nominal-short,269,D4_likelihood_gated_rde,0.125,0.125,0.033203125,,,,awgn_dominated_error,,0.125,0.12890625,-0.00390625,False,True,True
16qam-snr10-nominal-short,269,oracle_affine_bound,0.12890625,0.12890625,0.033203125,,,,awgn_dominated_error,,0.125,0.12890625,-0.00390625,False,True,True
16qam-snr10-nominal-short,270,baseline_cma_mu0p03,0.8671875,0.8671875,0.330078125,,,,ambiguous,,0.8671875,0.73828125,0.12890625,False,True,True
16qam-snr10-nominal-short,270,correct_pooled_sqrt_rms,0.72265625,0.72265625,0.265625,,2.164294176782486,2.164294176782486,ambiguous,,0.8671875,0.73828125,0.12890625,False,True,True
16qam-snr10-nominal-short,270,correct_per_pol_sqrt_rms,0.7265625,0.7265625,0.2666015625,,2.14799544540713,2.1682567220999087,ambiguous,,0.8671875,0.73828125,0.12890625,False,True,True
16qam-snr10-nominal-short,270,robust_scalar,0.69921875,0.69921875,0.2568359375,,2.1988064297192893,2.3724758905535945,ambiguous,,0.8671875,0.73828125,0.12890625,False,True,True
16qam-snr10-nominal-short,270,gated_scalar,0.7265625,0.7265625,0.2666015625,scale,2.14799544540713,2.1682567220999087,ambiguous,,0.8671875,0.73828125,0.12890625,False,True,True
16qam-snr10-nominal-short,270,M4_gated_policy,0.73046875,0.73046875,0.2666015625,M2_quantile_transport,,,ambiguous,,0.8671875,0.73828125,0.12890625,False,True,True
16qam-snr10-nominal-short,270,D4_likelihood_gated_rde,0.8671875,0.8671875,0.330078125,,,,ambiguous,,0.8671875,0.73828125,0.12890625,False,True,True
16qam-snr10-nominal-short,270,oracle_affine_bound,0.73828125,0.73828125,0.267578125,,,,ambiguous,,0.8671875,0.73828125,0.12890625,False,True,True
16qam-snr10-nominal-short,271,baseline_cma_mu0p03,0.75390625,0.75390625,0.23828125,,,,ambiguous,,0.75390625,0.5859375,0.16796875,False,True,True
16qam-snr10-nominal-short,271,correct_pooled_sqrt_rms,0.53515625,0.53515625,0.1650390625,,1.5456292568258594,1.5456292568258594,ambiguous,,0.75390625,0.5859375,0.16796875,False,True,True
16qam-snr10-nominal-short,271,correct_per_pol_sqrt_rms,0.5390625,0.5390625,0.166015625,,1.5390918335751669,1.5490764034156617,ambiguous,,0.75390625,0.5859375,0.16796875,False,True,True
16qam-snr10-nominal-short,271,robust_scalar,0.54296875,0.54296875,0.1640625,,1.5828926813374093,1.5924867561650238,ambiguous,,0.75390625,0.5859375,0.16796875,False,True,True
16qam-snr10-nominal-short,271,gated_scalar,0.5390625,0.5390625,0.166015625,scale,1.5390918335751669,1.5490764034156617,ambiguous,,0.75390625,0.5859375,0.16796875,False,True,True
16qam-snr10-nominal-short,271,M4_gated_policy,0.578125,0.578125,0.1806640625,M2_quantile_transport,,,ambiguous,,0.75390625,0.5859375,0.16796875,False,True,True
16qam-snr10-nominal-short,271,D4_likelihood_gated_rde,0.75390625,0.75390625,0.23828125,,,,ambiguous,,0.75390625,0.5859375,0.16796875,False,True,True
16qam-snr10-nominal-short,271,oracle_affine_bound,0.5859375,0.5859375,0.18359375,,,,ambiguous,,0.75390625,0.5859375,0.16796875,False,True,True
16qam-snr10-nominal-short,272,baseline_cma_mu0p03,0.84375,0.84375,0.3271484375,,,,ambiguous,,0.84375,0.76171875,0.08203125,False,True,True
16qam-snr10-nominal-short,272,correct_pooled_sqrt_rms,0.73046875,0.73046875,0.275390625,,2.496316768869735,2.496316768869735,ambiguous,,0.84375,0.76171875,0.08203125,False,True,True
16qam-snr10-nominal-short,272,correct_per_pol_sqrt_rms,0.71484375,0.71484375,0.2744140625,,2.551981468555553,2.4194153882427294,ambiguous,,0.84375,0.76171875,0.08203125,False,True,True
16qam-snr10-nominal-short,272,robust_scalar,0.734375,0.734375,0.279296875,,2.83250873860096,2.7086692726657926,ambiguous,,0.84375,0.76171875,0.08203125,False,True,True
16qam-snr10-nominal-short,272,gated_scalar,0.71484375,0.71484375,0.2744140625,scale,2.551981468555553,2.4194153882427294,ambiguous,,0.84375,0.76171875,0.08203125,False,True,True
16qam-snr10-nominal-short,272,M4_gated_policy,0.73046875,0.73046875,0.275390625,M2_quantile_transport,,,ambiguous,,0.84375,0.76171875,0.08203125,False,True,True
16qam-snr10-nominal-short,272,D4_likelihood_gated_rde,0.84375,0.84375,0.3271484375,,,,ambiguous,,0.84375,0.76171875,0.08203125,False,True,True
16qam-snr10-nominal-short,272,oracle_affine_bound,0.76171875,0.76171875,0.2802734375,,,,ambiguous,,0.84375,0.76171875,0.08203125,False,True,True
16qam-snr10-nominal-short,273,baseline_cma_mu0p03,0.17578125,0.17578125,0.044921875,,,,awgn_dominated_error,,0.17578125,0.19140625,-0.015625,False,True,True
16qam-snr10-nominal-short,273,correct_pooled_sqrt_rms,0.171875,0.171875,0.0439453125,,0.8855221875763767,0.8855221875763767,awgn_dominated_error,,0.17578125,0.19140625,-0.015625,False,True,True
16qam-snr10-nominal-short,273,correct_per_pol_sqrt_rms,0.16796875,0.16796875,0.04296875,,0.9112409536100237,0.8610826667293565,awgn_dominated_error,,0.17578125,0.19140625,-0.015625,False,True,True
16qam-snr10-nominal-short,273,robust_scalar,0.16015625,0.16015625,0.041015625,,0.9196758561431168,0.8548633317553366,awgn_dominated_error,,0.17578125,0.19140625,-0.015625,False,True,True
16qam-snr10-nominal-short,273,gated_scalar,0.17578125,0.17578125,0.044921875,identity,0.9112409536100237,0.8610826667293565,awgn_dominated_error,,0.17578125,0.19140625,-0.015625,False,True,True
16qam-snr10-nominal-short,273,M4_gated_policy,0.17578125,0.17578125,0.044921875,identity,,,awgn_dominated_error,,0.17578125,0.19140625,-0.015625,False,True,True
16qam-snr10-nominal-short,273,D4_likelihood_gated_rde,0.17578125,0.17578125,0.044921875,,,,awgn_dominated_error,,0.17578125,0.19140625,-0.015625,False,True,True
16qam-snr10-nominal-short,273,oracle_affine_bound,0.19140625,0.19140625,0.048828125,,,,awgn_dominated_error,,0.17578125,0.19140625,-0.015625,False,True,True
16qam-snr10-nominal-short,274,baseline_cma_mu0p03,0.83984375,0.83984375,0.353515625,,,,ambiguous,,0.83984375,0.78515625,0.0546875,False,True,True
16qam-snr10-nominal-short,274,correct_pooled_sqrt_rms,0.7578125,0.7578125,0.294921875,,2.614790030625389,2.614790030625389,ambiguous,,0.83984375,0.78515625,0.0546875,False,True,True
16qam-snr10-nominal-short,274,correct_per_pol_sqrt_rms,0.7578125,0.7578125,0.29296875,,2.6608364001359575,2.5357598252413016,ambiguous,,0.83984375,0.78515625,0.0546875,False,True,True
16qam-snr10-nominal-short,274,robust_scalar,0.7578125,0.7578125,0.291015625,,2.840563932620674,2.7904524582377173,ambiguous,,0.83984375,0.78515625,0.0546875,False,True,True
16qam-snr10-nominal-short,274,gated_scalar,0.7578125,0.7578125,0.29296875,scale,2.6608364001359575,2.5357598252413016,ambiguous,,0.83984375,0.78515625,0.0546875,False,True,True
16qam-snr10-nominal-short,274,M4_gated_policy,0.7734375,0.7734375,0.298828125,M2_quantile_transport,,,ambiguous,,0.83984375,0.78515625,0.0546875,False,True,True
16qam-snr10-nominal-short,274,D4_likelihood_gated_rde,0.83984375,0.83984375,0.353515625,,,,ambiguous,,0.83984375,0.78515625,0.0546875,False,True,True
16qam-snr10-nominal-short,274,oracle_affine_bound,0.78515625,0.78515625,0.3017578125,,,,ambiguous,,0.83984375,0.78515625,0.0546875,False,True,True
16qam-snr10-nominal-short,275,baseline_cma_mu0p03,0.40625,0.40625,0.1171875,,,,awgn_dominated_error,,0.40625,0.40625,0.0,False,True,True
16qam-snr10-nominal-short,275,correct_pooled_sqrt_rms,0.3671875,0.3671875,0.1044921875,,1.1496669268404642,1.1496669268404642,awgn_dominated_error,,0.40625,0.40625,0.0,False,True,True
16qam-snr10-nominal-short,275,correct_per_pol_sqrt_rms,0.35546875,0.35546875,0.1015625,,1.122718330527692,1.1777648029535708,awgn_dominated_error,,0.40625,0.40625,0.0,False,True,True
16qam-snr10-nominal-short,275,robust_scalar,0.3671875,0.3671875,0.103515625,,1.159149717271767,1.2410304518510509,awgn_dominated_error,,0.40625,0.40625,0.0,False,True,True
16qam-snr10-nominal-short,275,gated_scalar,0.40625,0.40625,0.1171875,identity,1.122718330527692,1.1777648029535708,awgn_dominated_error,,0.40625,0.40625,0.0,False,True,True
16qam-snr10-nominal-short,275,M4_gated_policy,0.40625,0.40625,0.1171875,identity,,,awgn_dominated_error,,0.40625,0.40625,0.0,False,True,True
16qam-snr10-nominal-short,275,D4_likelihood_gated_rde,0.40625,0.40625,0.1171875,,,,awgn_dominated_error,,0.40625,0.40625,0.0,False,True,True
16qam-snr10-nominal-short,275,oracle_affine_bound,0.40625,0.40625,0.1123046875,,,,awgn_dominated_error,,0.40625,0.40625,0.0,False,True,True
16qam-snr10-nominal-short,276,baseline_cma_mu0p03,0.84375,0.84375,0.3037109375,,,,ambiguous,,0.84375,0.7265625,0.1171875,False,True,True
16qam-snr10-nominal-short,276,correct_pooled_sqrt_rms,0.72265625,0.72265625,0.2392578125,,1.9972891575652933,1.9972891575652933,ambiguous,,0.84375,0.7265625,0.1171875,False,True,True
16qam-snr10-nominal-short,276,correct_per_pol_sqrt_rms,0.72265625,0.72265625,0.2392578125,,2.0256673469674658,1.9662228210002042,ambiguous,,0.84375,0.7265625,0.1171875,False,True,True
16qam-snr10-nominal-short,276,robust_scalar,0.71484375,0.71484375,0.2392578125,,2.1981172066177255,2.050484216009906,ambiguous,,0.84375,0.7265625,0.1171875,False,True,True
16qam-snr10-nominal-short,276,gated_scalar,0.72265625,0.72265625,0.2392578125,scale,2.0256673469674658,1.9662228210002042,ambiguous,,0.84375,0.7265625,0.1171875,False,True,True
16qam-snr10-nominal-short,276,M4_gated_policy,0.71875,0.71875,0.23828125,M2_quantile_transport,,,ambiguous,,0.84375,0.7265625,0.1171875,False,True,True
16qam-snr10-nominal-short,276,D4_likelihood_gated_rde,0.84375,0.84375,0.3037109375,,,,ambiguous,,0.84375,0.7265625,0.1171875,False,True,True
16qam-snr10-nominal-short,276,oracle_affine_bound,0.7265625,0.7265625,0.244140625,,,,ambiguous,,0.84375,0.7265625,0.1171875,False,True,True
16qam-snr10-nominal-short,277,baseline_cma_mu0p03,0.21484375,0.21484375,0.05859375,,,,awgn_dominated_error,,0.21484375,0.23046875,-0.015625,False,True,True
16qam-snr10-nominal-short,277,correct_pooled_sqrt_rms,0.2109375,0.2109375,0.0595703125,,1.037677590362879,1.037677590362879,awgn_dominated_error,,0.21484375,0.23046875,-0.015625,False,True,True
16qam-snr10-nominal-short,277,correct_per_pol_sqrt_rms,0.20703125,0.20703125,0.05859375,,1.0557467468940982,1.0196446193501179,awgn_dominated_error,,0.21484375,0.23046875,-0.015625,False,True,True
16qam-snr10-nominal-short,277,robust_scalar,0.2109375,0.2109375,0.060546875,,1.0856769459703055,1.0147242651400785,awgn_dominated_error,,0.21484375,0.23046875,-0.015625,False,True,True
16qam-snr10-nominal-short,277,gated_scalar,0.21484375,0.21484375,0.05859375,identity,1.0557467468940982,1.0196446193501179,awgn_dominated_error,,0.21484375,0.23046875,-0.015625,False,True,True
16qam-snr10-nominal-short,277,M4_gated_policy,0.21484375,0.21484375,0.05859375,identity,,,awgn_dominated_error,,0.21484375,0.23046875,-0.015625,False,True,True
16qam-snr10-nominal-short,277,D4_likelihood_gated_rde,0.21484375,0.21484375,0.05859375,,,,awgn_dominated_error,,0.21484375,0.23046875,-0.015625,False,True,True
16qam-snr10-nominal-short,277,oracle_affine_bound,0.23046875,0.23046875,0.0634765625,,,,awgn_dominated_error,,0.21484375,0.23046875,-0.015625,False,True,True
16qam-snr10-nominal-short,278,baseline_cma_mu0p03,0.8359375,0.8359375,0.32421875,,,,ambiguous,,0.8359375,0.75,0.0859375,False,True,True
16qam-snr10-nominal-short,278,correct_pooled_sqrt_rms,0.65234375,0.65234375,0.240234375,,2.210621901864284,2.210621901864284,ambiguous,,0.8359375,0.75,0.0859375,False,True,True
16qam-snr10-nominal-short,278,correct_per_pol_sqrt_rms,0.66015625,0.66015625,0.2431640625,,2.1451560260734017,2.2528238175715467,ambiguous,,0.8359375,0.75,0.0859375,False,True,True
16qam-snr10-nominal-short,278,robust_scalar,0.66796875,0.66796875,0.2470703125,,2.3052627991647014,2.425829156245857,ambiguous,,0.8359375,0.75,0.0859375,False,True,True
16qam-snr10-nominal-short,278,gated_scalar,0.66015625,0.66015625,0.2431640625,scale,2.1451560260734017,2.2528238175715467,ambiguous,,0.8359375,0.75,0.0859375,False,True,True
16qam-snr10-nominal-short,278,M4_gated_policy,0.671875,0.671875,0.2431640625,M2_quantile_transport,,,ambiguous,,0.8359375,0.75,0.0859375,False,True,True
16qam-snr10-nominal-short,278,D4_likelihood_gated_rde,0.8359375,0.8359375,0.32421875,,,,ambiguous,,0.8359375,0.75,0.0859375,False,True,True
16qam-snr10-nominal-short,278,oracle_affine_bound,0.75,0.75,0.2666015625,,,,ambiguous,,0.8359375,0.75,0.0859375,False,True,True
16qam-snr10-nominal-short,279,baseline_cma_mu0p03,0.3046875,0.3046875,0.078125,,,,ambiguous,,0.3046875,0.29296875,0.01171875,False,True,True
16qam-snr10-nominal-short,279,correct_pooled_sqrt_rms,0.27734375,0.27734375,0.0703125,,1.0459218007485136,1.0459218007485136,ambiguous,,0.3046875,0.29296875,0.01171875,False,True,True
16qam-snr10-nominal-short,279,correct_per_pol_sqrt_rms,0.27734375,0.27734375,0.0703125,,1.0325808310763678,1.0592961156587548,ambiguous,,0.3046875,0.29296875,0.01171875,False,True,True
16qam-snr10-nominal-short,279,robust_scalar,0.28515625,0.28515625,0.072265625,,1.0018758302088846,1.0688575753417786,ambiguous,,0.3046875,0.29296875,0.01171875,False,True,True
16qam-snr10-nominal-short,279,gated_scalar,0.3046875,0.3046875,0.078125,identity,1.0325808310763678,1.0592961156587548,ambiguous,,0.3046875,0.29296875,0.01171875,False,True,True
16qam-snr10-nominal-short,279,M4_gated_policy,0.3046875,0.3046875,0.078125,identity,,,ambiguous,,0.3046875,0.29296875,0.01171875,False,True,True
16qam-snr10-nominal-short,279,D4_likelihood_gated_rde,0.3046875,0.3046875,0.078125,,,,ambiguous,,0.3046875,0.29296875,0.01171875,False,True,True
16qam-snr10-nominal-short,279,oracle_affine_bound,0.29296875,0.29296875,0.0791015625,,,,ambiguous,,0.3046875,0.29296875,0.01171875,False,True,True
16qam-snr10-nominal-short,280,baseline_cma_mu0p03,0.859375,0.859375,0.359375,,,,awgn_dominated_error,,0.859375,0.90625,-0.046875,False,True,True
16qam-snr10-nominal-short,280,correct_pooled_sqrt_rms,0.859375,0.859375,0.3583984375,,1.0699853821815808,1.0699853821815808,awgn_dominated_error,,0.859375,0.90625,-0.046875,False,True,True
16qam-snr10-nominal-short,280,correct_per_pol_sqrt_rms,0.859375,0.859375,0.3583984375,,1.0629214374691711,1.072446997620317,awgn_dominated_error,,0.859375,0.90625,-0.046875,False,True,True
16qam-snr10-nominal-short,280,robust_scalar,0.8515625,0.8515625,0.3662109375,,1.1997787592484905,1.1403135294516245,awgn_dominated_error,,0.859375,0.90625,-0.046875,False,True,True
16qam-snr10-nominal-short,280,gated_scalar,0.859375,0.859375,0.359375,identity,1.0629214374691711,1.072446997620317,awgn_dominated_error,,0.859375,0.90625,-0.046875,False,True,True
16qam-snr10-nominal-short,280,M4_gated_policy,0.859375,0.859375,0.359375,identity,,,awgn_dominated_error,,0.859375,0.90625,-0.046875,False,True,True
16qam-snr10-nominal-short,280,D4_likelihood_gated_rde,0.859375,0.859375,0.359375,,,,awgn_dominated_error,,0.859375,0.90625,-0.046875,False,True,True
16qam-snr10-nominal-short,280,oracle_affine_bound,0.90625,0.90625,0.369140625,,,,awgn_dominated_error,,0.859375,0.90625,-0.046875,False,True,True
16qam-snr15-nominal-short,261,baseline_cma_mu0p03,0.796875,0.796875,0.2783203125,,,,ambiguous,,0.796875,0.3515625,0.4453125,False,True,True
16qam-snr15-nominal-short,261,correct_pooled_sqrt_rms,0.359375,0.359375,0.103515625,,2.2391663739745513,2.2391663739745513,ambiguous,,0.796875,0.3515625,0.4453125,False,True,True
16qam-snr15-nominal-short,261,correct_per_pol_sqrt_rms,0.36328125,0.36328125,0.1044921875,,2.264189212565663,2.204875805531095,ambiguous,,0.796875,0.3515625,0.4453125,False,True,True
16qam-snr15-nominal-short,261,robust_scalar,0.35546875,0.35546875,0.1015625,,2.3424489488435567,2.2589304084688444,ambiguous,,0.796875,0.3515625,0.4453125,False,True,True
16qam-snr15-nominal-short,261,gated_scalar,0.36328125,0.36328125,0.1044921875,scale,2.264189212565663,2.204875805531095,ambiguous,,0.796875,0.3515625,0.4453125,False,True,True
16qam-snr15-nominal-short,261,M4_gated_policy,0.37890625,0.37890625,0.11328125,M2_quantile_transport,,,ambiguous,,0.796875,0.3515625,0.4453125,False,True,True
16qam-snr15-nominal-short,261,D4_likelihood_gated_rde,0.796875,0.796875,0.2783203125,,,,ambiguous,,0.796875,0.3515625,0.4453125,False,True,True
16qam-snr15-nominal-short,261,oracle_affine_bound,0.3515625,0.3515625,0.1083984375,,,,ambiguous,,0.796875,0.3515625,0.4453125,False,True,True
16qam-snr15-nominal-short,262,baseline_cma_mu0p03,0.77734375,0.77734375,0.265625,,,,ambiguous,,0.77734375,0.3984375,0.37890625,False,True,True
16qam-snr15-nominal-short,262,correct_pooled_sqrt_rms,0.35546875,0.35546875,0.099609375,,1.9673043888807387,1.9673043888807387,ambiguous,,0.77734375,0.3984375,0.37890625,False,True,True
16qam-snr15-nominal-short,262,correct_per_pol_sqrt_rms,0.3515625,0.3515625,0.1005859375,,1.9545265470316342,1.9757225701260177,ambiguous,,0.77734375,0.3984375,0.37890625,False,True,True
16qam-snr15-nominal-short,262,robust_scalar,0.3359375,0.3359375,0.0966796875,,2.0439755165144153,2.0456400141459223,ambiguous,,0.77734375,0.3984375,0.37890625,False,True,True
16qam-snr15-nominal-short,262,gated_scalar,0.3515625,0.3515625,0.1005859375,scale,1.9545265470316342,1.9757225701260177,ambiguous,,0.77734375,0.3984375,0.37890625,False,True,True
16qam-snr15-nominal-short,262,M4_gated_policy,0.36328125,0.36328125,0.1015625,M2_quantile_transport,,,ambiguous,,0.77734375,0.3984375,0.37890625,False,True,True
16qam-snr15-nominal-short,262,D4_likelihood_gated_rde,0.77734375,0.77734375,0.265625,,,,ambiguous,,0.77734375,0.3984375,0.37890625,False,True,True
16qam-snr15-nominal-short,262,oracle_affine_bound,0.3984375,0.3984375,0.1142578125,,,,ambiguous,,0.77734375,0.3984375,0.37890625,False,True,True
16qam-snr15-nominal-short,263,baseline_cma_mu0p03,0.40234375,0.40234375,0.115234375,,,,ambiguous,,0.40234375,0.13671875,0.265625,False,True,True
16qam-snr15-nominal-short,263,correct_pooled_sqrt_rms,0.1328125,0.1328125,0.0361328125,,1.4033468134776488,1.4033468134776488,ambiguous,,0.40234375,0.13671875,0.265625,False,True,True
16qam-snr15-nominal-short,263,correct_per_pol_sqrt_rms,0.13671875,0.13671875,0.037109375,,1.3706411212884355,1.4381660430957794,ambiguous,,0.40234375,0.13671875,0.265625,False,True,True
16qam-snr15-nominal-short,263,robust_scalar,0.13671875,0.13671875,0.037109375,,1.3752139293024233,1.4100366643537794,ambiguous,,0.40234375,0.13671875,0.265625,False,True,True
16qam-snr15-nominal-short,263,gated_scalar,0.13671875,0.13671875,0.037109375,scale,1.3706411212884355,1.4381660430957794,ambiguous,,0.40234375,0.13671875,0.265625,False,True,True
16qam-snr15-nominal-short,263,M4_gated_policy,0.203125,0.203125,0.052734375,M2_quantile_transport,,,ambiguous,,0.40234375,0.13671875,0.265625,False,True,True
16qam-snr15-nominal-short,263,D4_likelihood_gated_rde,0.40234375,0.40234375,0.115234375,,,,ambiguous,,0.40234375,0.13671875,0.265625,False,True,True
16qam-snr15-nominal-short,263,oracle_affine_bound,0.13671875,0.13671875,0.0380859375,,,,ambiguous,,0.40234375,0.13671875,0.265625,False,True,True
16qam-snr15-nominal-short,264,baseline_cma_mu0p03,0.2734375,0.2734375,0.0712890625,,,,ambiguous,,0.2734375,0.11328125,0.16015625,False,True,True
16qam-snr15-nominal-short,264,correct_pooled_sqrt_rms,0.109375,0.109375,0.0283203125,,1.304690776950905,1.304690776950905,ambiguous,,0.2734375,0.11328125,0.16015625,False,True,True
16qam-snr15-nominal-short,264,correct_per_pol_sqrt_rms,0.109375,0.109375,0.0283203125,,1.3059470200231655,1.3024040927747018,ambiguous,,0.2734375,0.11328125,0.16015625,False,True,True
16qam-snr15-nominal-short,264,robust_scalar,0.109375,0.109375,0.0283203125,,1.2990778380196608,1.3032610976257177,ambiguous,,0.2734375,0.11328125,0.16015625,False,True,True
16qam-snr15-nominal-short,264,gated_scalar,0.2734375,0.2734375,0.0712890625,identity,1.3059470200231655,1.3024040927747018,ambiguous,,0.2734375,0.11328125,0.16015625,False,True,True
16qam-snr15-nominal-short,264,M4_gated_policy,0.2734375,0.2734375,0.0712890625,identity,,,ambiguous,,0.2734375,0.11328125,0.16015625,False,True,True
16qam-snr15-nominal-short,264,D4_likelihood_gated_rde,0.2734375,0.2734375,0.0712890625,,,,ambiguous,,0.2734375,0.11328125,0.16015625,False,True,True
16qam-snr15-nominal-short,264,oracle_affine_bound,0.11328125,0.11328125,0.0283203125,,,,ambiguous,,0.2734375,0.11328125,0.16015625,False,True,True
16qam-snr15-nominal-short,265,baseline_cma_mu0p03,0.0078125,0.0078125,0.001953125,,,,healthy,0,0.0078125,0.015625,-0.0078125,False,True,True
16qam-snr15-nominal-short,265,correct_pooled_sqrt_rms,0.01171875,0.01171875,0.0029296875,,0.9189347368333066,0.9189347368333066,healthy,0,0.0078125,0.015625,-0.0078125,False,True,True
16qam-snr15-nominal-short,265,correct_per_pol_sqrt_rms,0.01171875,0.01171875,0.0029296875,,0.9178149474044306,0.9197831741752711,healthy,0,0.0078125,0.015625,-0.0078125,False,True,True
16qam-snr15-nominal-short,265,robust_scalar,0.01171875,0.01171875,0.0029296875,,0.9321185630897456,0.9191729510431487,healthy,0,0.0078125,0.015625,-0.0078125,False,True,True
16qam-snr15-nominal-short,265,gated_scalar,0.0078125,0.0078125,0.001953125,identity,0.9178149474044306,0.9197831741752711,healthy,0,0.0078125,0.015625,-0.0078125,False,True,True
16qam-snr15-nominal-short,265,M4_gated_policy,0.0078125,0.0078125,0.001953125,identity,,,healthy,0,0.0078125,0.015625,-0.0078125,False,True,True
16qam-snr15-nominal-short,265,D4_likelihood_gated_rde,0.0078125,0.0078125,0.001953125,,,,healthy,0,0.0078125,0.015625,-0.0078125,False,True,True
16qam-snr15-nominal-short,265,oracle_affine_bound,0.015625,0.015625,0.00390625,,,,healthy,0,0.0078125,0.015625,-0.0078125,False,True,True
16qam-snr15-nominal-short,266,baseline_cma_mu0p03,0.8046875,0.8046875,0.2763671875,,,,ambiguous,,0.8046875,0.390625,0.4140625,False,True,True
16qam-snr15-nominal-short,266,correct_pooled_sqrt_rms,0.40234375,0.40234375,0.115234375,,2.3020342656548958,2.3020342656548958,ambiguous,,0.8046875,0.390625,0.4140625,False,True,True
16qam-snr15-nominal-short,266,correct_per_pol_sqrt_rms,0.3984375,0.3984375,0.11328125,,2.241185097392876,2.3618464462096416,ambiguous,,0.8046875,0.390625,0.4140625,False,True,True
16qam-snr15-nominal-short,266,robust_scalar,0.4140625,0.4140625,0.1181640625,,2.396276867584745,2.430675655157629,ambiguous,,0.8046875,0.390625,0.4140625,False,True,True
16qam-snr15-nominal-short,266,gated_scalar,0.3984375,0.3984375,0.11328125,scale,2.241185097392876,2.3618464462096416,ambiguous,,0.8046875,0.390625,0.4140625,False,True,True
16qam-snr15-nominal-short,266,M4_gated_policy,0.40234375,0.40234375,0.115234375,M2_quantile_transport,,,ambiguous,,0.8046875,0.390625,0.4140625,False,True,True
16qam-snr15-nominal-short,266,D4_likelihood_gated_rde,0.8046875,0.8046875,0.2763671875,,,,ambiguous,,0.8046875,0.390625,0.4140625,False,True,True
16qam-snr15-nominal-short,266,oracle_affine_bound,0.390625,0.390625,0.111328125,,,,ambiguous,,0.8046875,0.390625,0.4140625,False,True,True
16qam-snr15-nominal-short,267,baseline_cma_mu0p03,0.41015625,0.41015625,0.1162109375,,,,ambiguous,,0.41015625,0.140625,0.26953125,False,True,True
16qam-snr15-nominal-short,267,correct_pooled_sqrt_rms,0.17578125,0.17578125,0.0478515625,,1.5458239923261174,1.5458239923261174,ambiguous,,0.41015625,0.140625,0.26953125,False,True,True
16qam-snr15-nominal-short,267,correct_per_pol_sqrt_rms,0.17578125,0.17578125,0.0478515625,,1.5426149295227278,1.547730102793793,ambiguous,,0.41015625,0.140625,0.26953125,False,True,True
16qam-snr15-nominal-short,267,robust_scalar,0.17578125,0.17578125,0.046875,,1.5569481871498148,1.5216868774935224,ambiguous,,0.41015625,0.140625,0.26953125,False,True,True
16qam-snr15-nominal-short,267,gated_scalar,0.17578125,0.17578125,0.0478515625,scale,1.5426149295227278,1.547730102793793,ambiguous,,0.41015625,0.140625,0.26953125,False,True,True
16qam-snr15-nominal-short,267,M4_gated_policy,0.171875,0.171875,0.044921875,M2_quantile_transport,,,ambiguous,,0.41015625,0.140625,0.26953125,False,True,True
16qam-snr15-nominal-short,267,D4_likelihood_gated_rde,0.41015625,0.41015625,0.1162109375,,,,ambiguous,,0.41015625,0.140625,0.26953125,False,True,True
16qam-snr15-nominal-short,267,oracle_affine_bound,0.140625,0.140625,0.0390625,,,,ambiguous,,0.41015625,0.140625,0.26953125,False,True,True
16qam-snr15-nominal-short,268,baseline_cma_mu0p03,0.0234375,0.0234375,0.005859375,,,,healthy,0,0.0234375,0.046875,-0.0234375,False,True,True
16qam-snr15-nominal-short,268,correct_pooled_sqrt_rms,0.0390625,0.0390625,0.009765625,,0.8539624097606026,0.8539624097606026,healthy,0,0.0234375,0.046875,-0.0234375,False,True,True
16qam-snr15-nominal-short,268,correct_per_pol_sqrt_rms,0.0390625,0.0390625,0.009765625,,0.8499481182681927,0.8573251934069831,healthy,0,0.0234375,0.046875,-0.0234375,False,True,True
16qam-snr15-nominal-short,268,robust_scalar,0.04296875,0.04296875,0.0107421875,,0.8401757868237951,0.846379491392683,healthy,0,0.0234375,0.046875,-0.0234375,False,True,True
16qam-snr15-nominal-short,268,gated_scalar,0.0234375,0.0234375,0.005859375,identity,0.8499481182681927,0.8573251934069831,healthy,0,0.0234375,0.046875,-0.0234375,False,True,True
16qam-snr15-nominal-short,268,M4_gated_policy,0.0234375,0.0234375,0.005859375,identity,,,healthy,0,0.0234375,0.046875,-0.0234375,False,True,True
16qam-snr15-nominal-short,268,D4_likelihood_gated_rde,0.0234375,0.0234375,0.005859375,,,,healthy,0,0.0234375,0.046875,-0.0234375,False,True,True
16qam-snr15-nominal-short,268,oracle_affine_bound,0.046875,0.046875,0.01171875,,,,healthy,0,0.0234375,0.046875,-0.0234375,False,True,True
16qam-snr15-nominal-short,269,baseline_cma_mu0p03,0.01171875,0.01171875,0.0029296875,,,,healthy,0,0.01171875,0.015625,-0.00390625,False,True,True
16qam-snr15-nominal-short,269,correct_pooled_sqrt_rms,0.00390625,0.00390625,0.0009765625,,0.8497334071816325,0.8497334071816325,healthy,0,0.01171875,0.015625,-0.00390625,False,True,True
16qam-snr15-nominal-short,269,correct_per_pol_sqrt_rms,0.00390625,0.00390625,0.0009765625,,0.8572834318062216,0.8419589923581623,healthy,0,0.01171875,0.015625,-0.00390625,False,True,True
16qam-snr15-nominal-short,269,robust_scalar,0.00390625,0.00390625,0.0009765625,,0.8575171235506058,0.8294992297368866,healthy,0,0.01171875,0.015625,-0.00390625,False,True,True
16qam-snr15-nominal-short,269,gated_scalar,0.01171875,0.01171875,0.0029296875,identity,0.8572834318062216,0.8419589923581623,healthy,0,0.01171875,0.015625,-0.00390625,False,True,True
16qam-snr15-nominal-short,269,M4_gated_policy,0.01171875,0.01171875,0.0029296875,identity,,,healthy,0,0.01171875,0.015625,-0.00390625,False,True,True
16qam-snr15-nominal-short,269,D4_likelihood_gated_rde,0.01171875,0.01171875,0.0029296875,,,,healthy,0,0.01171875,0.015625,-0.00390625,False,True,True
16qam-snr15-nominal-short,269,oracle_affine_bound,0.015625,0.015625,0.00390625,,,,healthy,0,0.01171875,0.015625,-0.00390625,False,True,True
16qam-snr15-nominal-short,270,baseline_cma_mu0p03,0.87109375,0.87109375,0.306640625,,,,ambiguous,,0.87109375,0.515625,0.35546875,False,True,True
16qam-snr15-nominal-short,270,correct_pooled_sqrt_rms,0.51953125,0.51953125,0.150390625,,2.5177149225121203,2.5177149225121203,ambiguous,,0.87109375,0.515625,0.35546875,False,True,True
16qam-snr15-nominal-short,270,correct_per_pol_sqrt_rms,0.51953125,0.51953125,0.150390625,,2.491489742273405,2.540306506814757,ambiguous,,0.87109375,0.515625,0.35546875,False,True,True
16qam-snr15-nominal-short,270,robust_scalar,0.5234375,0.5234375,0.1513671875,,2.48204904822502,2.6858002196981516,ambiguous,,0.87109375,0.515625,0.35546875,False,True,True
16qam-snr15-nominal-short,270,gated_scalar,0.51953125,0.51953125,0.150390625,scale,2.491489742273405,2.540306506814757,ambiguous,,0.87109375,0.515625,0.35546875,False,True,True
16qam-snr15-nominal-short,270,M4_gated_policy,0.515625,0.515625,0.1494140625,M2_quantile_transport,,,ambiguous,,0.87109375,0.515625,0.35546875,False,True,True
16qam-snr15-nominal-short,270,D4_likelihood_gated_rde,0.87109375,0.87109375,0.306640625,,,,ambiguous,,0.87109375,0.515625,0.35546875,False,True,True
16qam-snr15-nominal-short,270,oracle_affine_bound,0.515625,0.515625,0.154296875,,,,ambiguous,,0.87109375,0.515625,0.35546875,False,True,True
16qam-snr15-nominal-short,271,baseline_cma_mu0p03,0.6796875,0.6796875,0.21484375,,,,ambiguous,,0.6796875,0.23046875,0.44921875,False,True,True
16qam-snr15-nominal-short,271,correct_pooled_sqrt_rms,0.21484375,0.21484375,0.0546875,,1.6380344026616531,1.6380344026616531,ambiguous,,0.6796875,0.23046875,0.44921875,False,True,True
16qam-snr15-nominal-short,271,correct_per_pol_sqrt_rms,0.20703125,0.20703125,0.052734375,,1.6346631219192167,1.6425876299302278,ambiguous,,0.6796875,0.23046875,0.44921875,False,True,True
16qam-snr15-nominal-short,271,robust_scalar,0.203125,0.203125,0.0517578125,,1.6775054597242747,1.6569263978181925,ambiguous,,0.6796875,0.23046875,0.44921875,False,True,True
16qam-snr15-nominal-short,271,gated_scalar,0.20703125,0.20703125,0.052734375,scale,1.6346631219192167,1.6425876299302278,ambiguous,,0.6796875,0.23046875,0.44921875,False,True,True
16qam-snr15-nominal-short,271,M4_gated_policy,0.25390625,0.25390625,0.072265625,M2_quantile_transport,,,ambiguous,,0.6796875,0.23046875,0.44921875,False,True,True
16qam-snr15-nominal-short,271,D4_likelihood_gated_rde,0.6796875,0.6796875,0.21484375,,,,ambiguous,,0.6796875,0.23046875,0.44921875,False,True,True
16qam-snr15-nominal-short,271,oracle_affine_bound,0.23046875,0.23046875,0.0595703125,,,,ambiguous,,0.6796875,0.23046875,0.44921875,False,True,True
16qam-snr15-nominal-short,272,baseline_cma_mu0p03,0.84765625,0.84765625,0.30078125,,,,ambiguous,,0.84765625,0.5625,0.28515625,False,True,True
16qam-snr15-nominal-short,272,correct_pooled_sqrt_rms,0.53515625,0.53515625,0.1611328125,,3.0048706820466373,3.0048706820466373,ambiguous,,0.84765625,0.5625,0.28515625,False,True,True
16qam-snr15-nominal-short,272,correct_per_pol_sqrt_rms,0.5390625,0.5390625,0.1630859375,,3.0476098175728517,2.948695717826058,ambiguous,,0.84765625,0.5625,0.28515625,False,True,True
16qam-snr15-nominal-short,272,robust_scalar,0.5234375,0.5234375,0.1640625,,3.2340778972802293,3.2254487035127237,ambiguous,,0.84765625,0.5625,0.28515625,False,True,True
16qam-snr15-nominal-short,272,gated_scalar,0.5390625,0.5390625,0.1630859375,scale,3.0476098175728517,2.948695717826058,ambiguous,,0.84765625,0.5625,0.28515625,False,True,True
16qam-snr15-nominal-short,272,M4_gated_policy,0.5390625,0.5390625,0.1650390625,M2_quantile_transport,,,ambiguous,,0.84765625,0.5625,0.28515625,False,True,True
16qam-snr15-nominal-short,272,D4_likelihood_gated_rde,0.84765625,0.84765625,0.30078125,,,,ambiguous,,0.84765625,0.5625,0.28515625,False,True,True
16qam-snr15-nominal-short,272,oracle_affine_bound,0.5625,0.5625,0.169921875,,,,ambiguous,,0.84765625,0.5625,0.28515625,False,True,True
16qam-snr15-nominal-short,273,baseline_cma_mu0p03,0.02734375,0.02734375,0.0068359375,,,,healthy,0,0.02734375,0.0234375,0.00390625,False,True,True
16qam-snr15-nominal-short,273,correct_pooled_sqrt_rms,0.01171875,0.01171875,0.0029296875,,0.8668982583517094,0.8668982583517094,healthy,0,0.02734375,0.0234375,0.00390625,False,True,True
16qam-snr15-nominal-short,273,correct_per_pol_sqrt_rms,0.01171875,0.01171875,0.0029296875,,0.8885381699996509,0.8457013812488741,healthy,0,0.02734375,0.0234375,0.00390625,False,True,True
16qam-snr15-nominal-short,273,robust_scalar,0.01171875,0.01171875,0.0029296875,,0.8814099599057348,0.8396858367308616,healthy,0,0.02734375,0.0234375,0.00390625,False,True,True
16qam-snr15-nominal-short,273,gated_scalar,0.02734375,0.02734375,0.0068359375,identity,0.8885381699996509,0.8457013812488741,healthy,0,0.02734375,0.0234375,0.00390625,False,True,True
16qam-snr15-nominal-short,273,M4_gated_policy,0.02734375,0.02734375,0.0068359375,identity,,,healthy,0,0.02734375,0.0234375,0.00390625,False,True,True
16qam-snr15-nominal-short,273,D4_likelihood_gated_rde,0.02734375,0.02734375,0.0068359375,,,,healthy,0,0.02734375,0.0234375,0.00390625,False,True,True
16qam-snr15-nominal-short,273,oracle_affine_bound,0.0234375,0.0234375,0.005859375,,,,healthy,0,0.02734375,0.0234375,0.00390625,False,True,True
16qam-snr15-nominal-short,274,baseline_cma_mu0p03,0.828125,0.828125,0.3134765625,,,,ambiguous,,0.828125,0.59375,0.234375,False,True,True
16qam-snr15-nominal-short,274,correct_pooled_sqrt_rms,0.59375,0.59375,0.185546875,,3.2678605582211504,3.2678605582211504,ambiguous,,0.828125,0.59375,0.234375,False,True,True
16qam-snr15-nominal-short,274,correct_per_pol_sqrt_rms,0.59375,0.59375,0.185546875,,3.2612587304536063,3.2368607589319978,ambiguous,,0.828125,0.59375,0.234375,False,True,True
16qam-snr15-nominal-short,274,robust_scalar,0.58203125,0.58203125,0.1826171875,,3.3060136294018867,3.559493949568861,ambiguous,,0.828125,0.59375,0.234375,False,True,True
16qam-snr15-nominal-short,274,gated_scalar,0.59375,0.59375,0.185546875,scale,3.2612587304536063,3.2368607589319978,ambiguous,,0.828125,0.59375,0.234375,False,True,True
16qam-snr15-nominal-short,274,M4_gated_policy,0.58203125,0.58203125,0.185546875,M2_quantile_transport,,,ambiguous,,0.828125,0.59375,0.234375,False,True,True
16qam-snr15-nominal-short,274,D4_likelihood_gated_rde,0.828125,0.828125,0.3134765625,,,,ambiguous,,0.828125,0.59375,0.234375,False,True,True
16qam-snr15-nominal-short,274,oracle_affine_bound,0.59375,0.59375,0.189453125,,,,ambiguous,,0.828125,0.59375,0.234375,False,True,True
16qam-snr15-nominal-short,275,baseline_cma_mu0p03,0.125,0.125,0.0341796875,,,,inner_ring_recoverable_collapse,1,0.125,0.08203125,0.04296875,False,True,True
16qam-snr15-nominal-short,275,correct_pooled_sqrt_rms,0.08203125,0.08203125,0.0205078125,,1.194592424316072,1.194592424316072,inner_ring_recoverable_collapse,1,0.125,0.08203125,0.04296875,False,True,True
16qam-snr15-nominal-short,275,correct_per_pol_sqrt_rms,0.07421875,0.07421875,0.0185546875,,1.1843559346677266,1.2044304883336974,inner_ring_recoverable_collapse,1,0.125,0.08203125,0.04296875,False,True,True
16qam-snr15-nominal-short,275,robust_scalar,0.07421875,0.07421875,0.0185546875,,1.173802959188611,1.2232517232129065,inner_ring_recoverable_collapse,1,0.125,0.08203125,0.04296875,False,True,True
16qam-snr15-nominal-short,275,gated_scalar,0.125,0.125,0.0341796875,identity,1.1843559346677266,1.2044304883336974,inner_ring_recoverable_collapse,1,0.125,0.08203125,0.04296875,False,True,True
16qam-snr15-nominal-short,275,M4_gated_policy,0.125,0.125,0.0341796875,identity,,,inner_ring_recoverable_collapse,1,0.125,0.08203125,0.04296875,False,True,True
16qam-snr15-nominal-short,275,D4_likelihood_gated_rde,0.125,0.125,0.0341796875,,,,inner_ring_recoverable_collapse,1,0.125,0.08203125,0.04296875,False,True,True
16qam-snr15-nominal-short,275,oracle_affine_bound,0.08203125,0.08203125,0.0205078125,,,,inner_ring_recoverable_collapse,1,0.125,0.08203125,0.04296875,False,True,True
16qam-snr15-nominal-short,276,baseline_cma_mu0p03,0.82421875,0.82421875,0.2880859375,,,,ambiguous,,0.82421875,0.46484375,0.359375,False,True,True
16qam-snr15-nominal-short,276,correct_pooled_sqrt_rms,0.4140625,0.4140625,0.1142578125,,2.2743638219199034,2.2743638219199034,ambiguous,,0.82421875,0.46484375,0.359375,False,True,True
16qam-snr15-nominal-short,276,correct_per_pol_sqrt_rms,0.4296875,0.4296875,0.119140625,,2.329820906282554,2.2189271756792532,ambiguous,,0.82421875,0.46484375,0.359375,False,True,True
16qam-snr15-nominal-short,276,robust_scalar,0.4296875,0.4296875,0.1181640625,,2.411601895407635,2.2116740692468024,ambiguous,,0.82421875,0.46484375,0.359375,False,True,True
16qam-snr15-nominal-short,276,gated_scalar,0.4296875,0.4296875,0.119140625,scale,2.329820906282554,2.2189271756792532,ambiguous,,0.82421875,0.46484375,0.359375,False,True,True
16qam-snr15-nominal-short,276,M4_gated_policy,0.4375,0.4375,0.1201171875,M2_quantile_transport,,,ambiguous,,0.82421875,0.46484375,0.359375,False,True,True
16qam-snr15-nominal-short,276,D4_likelihood_gated_rde,0.82421875,0.82421875,0.2880859375,,,,ambiguous,,0.82421875,0.46484375,0.359375,False,True,True
16qam-snr15-nominal-short,276,oracle_affine_bound,0.46484375,0.46484375,0.12890625,,,,ambiguous,,0.82421875,0.46484375,0.359375,False,True,True
16qam-snr15-nominal-short,277,baseline_cma_mu0p03,0.0078125,0.0078125,0.001953125,,,,healthy,0,0.0078125,0.00390625,0.00390625,False,True,True
16qam-snr15-nominal-short,277,correct_pooled_sqrt_rms,0.0078125,0.0078125,0.001953125,,1.0414874737184387,1.0414874737184387,healthy,0,0.0078125,0.00390625,0.00390625,False,True,True
16qam-snr15-nominal-short,277,correct_per_pol_sqrt_rms,0.01171875,0.01171875,0.0029296875,,1.0595361870536544,1.0234804811579337,healthy,0,0.0078125,0.00390625,0.00390625,False,True,True
16qam-snr15-nominal-short,277,robust_scalar,0.0078125,0.0078125,0.001953125,,1.070544755340066,1.001743587518092,healthy,0,0.0078125,0.00390625,0.00390625,False,True,True
16qam-snr15-nominal-short,277,gated_scalar,0.0078125,0.0078125,0.001953125,identity,1.0595361870536544,1.0234804811579337,healthy,0,0.0078125,0.00390625,0.00390625,False,True,True
16qam-snr15-nominal-short,277,M4_gated_policy,0.0078125,0.0078125,0.001953125,identity,,,healthy,0,0.0078125,0.00390625,0.00390625,False,True,True
16qam-snr15-nominal-short,277,D4_likelihood_gated_rde,0.0078125,0.0078125,0.001953125,,,,healthy,0,0.0078125,0.00390625,0.00390625,False,True,True
16qam-snr15-nominal-short,277,oracle_affine_bound,0.00390625,0.00390625,0.0009765625,,,,healthy,0,0.0078125,0.00390625,0.00390625,False,True,True
16qam-snr15-nominal-short,278,baseline_cma_mu0p03,0.8203125,0.8203125,0.2958984375,,,,ambiguous,,0.8203125,0.4765625,0.34375,False,True,True
16qam-snr15-nominal-short,278,correct_pooled_sqrt_rms,0.43359375,0.43359375,0.1279296875,,2.526453859207541,2.526453859207541,ambiguous,,0.8203125,0.4765625,0.34375,False,True,True
16qam-snr15-nominal-short,278,correct_per_pol_sqrt_rms,0.43359375,0.43359375,0.126953125,,2.4650683126398354,2.572287248409862,ambiguous,,0.8203125,0.4765625,0.34375,False,True,True
16qam-snr15-nominal-short,278,robust_scalar,0.4296875,0.4296875,0.126953125,,2.570787255944901,2.5720014087123837,ambiguous,,0.8203125,0.4765625,0.34375,False,True,True
16qam-snr15-nominal-short,278,gated_scalar,0.43359375,0.43359375,0.126953125,scale,2.4650683126398354,2.572287248409862,ambiguous,,0.8203125,0.4765625,0.34375,False,True,True
16qam-snr15-nominal-short,278,M4_gated_policy,0.44921875,0.44921875,0.1318359375,M2_quantile_transport,,,ambiguous,,0.8203125,0.4765625,0.34375,False,True,True
16qam-snr15-nominal-short,278,D4_likelihood_gated_rde,0.8203125,0.8203125,0.2958984375,,,,ambiguous,,0.8203125,0.4765625,0.34375,False,True,True
16qam-snr15-nominal-short,278,oracle_affine_bound,0.4765625,0.4765625,0.1396484375,,,,ambiguous,,0.8203125,0.4765625,0.34375,False,True,True
16qam-snr15-nominal-short,279,baseline_cma_mu0p03,0.015625,0.015625,0.00390625,,,,healthy,0,0.015625,0.0078125,0.0078125,False,True,True
16qam-snr15-nominal-short,279,correct_pooled_sqrt_rms,0.0078125,0.0078125,0.001953125,,1.0606773990752942,1.0606773990752942,healthy,0,0.015625,0.0078125,0.0078125,False,True,True
16qam-snr15-nominal-short,279,correct_per_pol_sqrt_rms,0.0078125,0.0078125,0.001953125,,1.047469743545931,1.0742318087457474,healthy,0,0.015625,0.0078125,0.0078125,False,True,True
16qam-snr15-nominal-short,279,robust_scalar,0.01171875,0.01171875,0.0029296875,,1.0178855441843442,1.0614617587024358,healthy,0,0.015625,0.0078125,0.0078125,False,True,True
16qam-snr15-nominal-short,279,gated_scalar,0.015625,0.015625,0.00390625,identity,1.047469743545931,1.0742318087457474,healthy,0,0.015625,0.0078125,0.0078125,False,True,True
16qam-snr15-nominal-short,279,M4_gated_policy,0.015625,0.015625,0.00390625,identity,,,healthy,0,0.015625,0.0078125,0.0078125,False,True,True
16qam-snr15-nominal-short,279,D4_likelihood_gated_rde,0.015625,0.015625,0.00390625,,,,healthy,0,0.015625,0.0078125,0.0078125,False,True,True
16qam-snr15-nominal-short,279,oracle_affine_bound,0.0078125,0.0078125,0.001953125,,,,healthy,0,0.015625,0.0078125,0.0078125,False,True,True
16qam-snr15-nominal-short,280,baseline_cma_mu0p03,0.83203125,0.83203125,0.3330078125,,,,awgn_dominated_error,,0.83203125,0.8828125,-0.05078125,False,True,True
16qam-snr15-nominal-short,280,correct_pooled_sqrt_rms,0.8203125,0.8203125,0.330078125,,1.059454458606485,1.059454458606485,awgn_dominated_error,,0.83203125,0.8828125,-0.05078125,False,True,True
16qam-snr15-nominal-short,280,correct_per_pol_sqrt_rms,0.8203125,0.8203125,0.330078125,,1.057934806114624,1.0572214257232209,awgn_dominated_error,,0.83203125,0.8828125,-0.05078125,False,True,True
16qam-snr15-nominal-short,280,robust_scalar,0.8046875,0.8046875,0.328125,,1.1764237730663079,1.0801497524862127,awgn_dominated_error,,0.83203125,0.8828125,-0.05078125,False,True,True
16qam-snr15-nominal-short,280,gated_scalar,0.83203125,0.83203125,0.3330078125,identity,1.057934806114624,1.0572214257232209,awgn_dominated_error,,0.83203125,0.8828125,-0.05078125,False,True,True
16qam-snr15-nominal-short,280,M4_gated_policy,0.83203125,0.83203125,0.3330078125,identity,,,awgn_dominated_error,,0.83203125,0.8828125,-0.05078125,False,True,True
16qam-snr15-nominal-short,280,D4_likelihood_gated_rde,0.83203125,0.83203125,0.3330078125,,,,awgn_dominated_error,,0.83203125,0.8828125,-0.05078125,False,True,True
16qam-snr15-nominal-short,280,oracle_affine_bound,0.8828125,0.8828125,0.349609375,,,,awgn_dominated_error,,0.83203125,0.8828125,-0.05078125,False,True,True
16qam-snr25-nominal-short,261,baseline_cma_mu0p03,0.7421875,0.7421875,0.2548828125,,,,inner_ring_recoverable_collapse,1,0.7421875,0.00390625,0.73828125,False,True,True
16qam-snr25-nominal-short,261,correct_pooled_sqrt_rms,0.0078125,0.0078125,0.001953125,,2.3205813843323355,2.3205813843323355,inner_ring_recoverable_collapse,1,0.7421875,0.00390625,0.73828125,False,True,True
16qam-snr25-nominal-short,261,correct_per_pol_sqrt_rms,0.00390625,0.00390625,0.0009765625,,2.3491822851097885,2.289008131167528,inner_ring_recoverable_collapse,1,0.7421875,0.00390625,0.73828125,False,True,True
16qam-snr25-nominal-short,261,robust_scalar,0.00390625,0.00390625,0.0009765625,,2.3844229250116102,2.2930500457680933,inner_ring_recoverable_collapse,1,0.7421875,0.00390625,0.73828125,False,True,True
16qam-snr25-nominal-short,261,gated_scalar,0.00390625,0.00390625,0.0009765625,scale,2.3491822851097885,2.289008131167528,inner_ring_recoverable_collapse,1,0.7421875,0.00390625,0.73828125,False,True,True
16qam-snr25-nominal-short,261,M4_gated_policy,0.03515625,0.03515625,0.0087890625,M2_quantile_transport,,,inner_ring_recoverable_collapse,1,0.7421875,0.00390625,0.73828125,False,True,True
16qam-snr25-nominal-short,261,D4_likelihood_gated_rde,0.7421875,0.7421875,0.2548828125,,,,inner_ring_recoverable_collapse,1,0.7421875,0.00390625,0.73828125,False,True,True
16qam-snr25-nominal-short,261,oracle_affine_bound,0.00390625,0.00390625,0.0009765625,,,,inner_ring_recoverable_collapse,1,0.7421875,0.00390625,0.73828125,False,True,True
16qam-snr25-nominal-short,262,baseline_cma_mu0p03,0.75,0.75,0.2578125,,,,inner_ring_recoverable_collapse,1,0.75,0.0,0.75,False,True,True
16qam-snr25-nominal-short,262,correct_pooled_sqrt_rms,0.0,0.0,0.0,,2.0229177786382198,2.0229177786382198,inner_ring_recoverable_collapse,1,0.75,0.0,0.75,False,True,True
16qam-snr25-nominal-short,262,correct_per_pol_sqrt_rms,0.0,0.0,0.0,,2.020351632420967,2.0240791015883617,inner_ring_recoverable_collapse,1,0.75,0.0,0.75,False,True,True
16qam-snr25-nominal-short,262,robust_scalar,0.0,0.0,0.0,,2.048301426357795,2.035328263501559,inner_ring_recoverable_collapse,1,0.75,0.0,0.75,False,True,True
16qam-snr25-nominal-short,262,gated_scalar,0.0,0.0,0.0,scale,2.020351632420967,2.0240791015883617,inner_ring_recoverable_collapse,1,0.75,0.0,0.75,False,True,True
16qam-snr25-nominal-short,262,M4_gated_policy,0.04296875,0.04296875,0.0107421875,M2_quantile_transport,,,inner_ring_recoverable_collapse,1,0.75,0.0,0.75,False,True,True
16qam-snr25-nominal-short,262,D4_likelihood_gated_rde,0.75,0.75,0.2578125,,,,inner_ring_recoverable_collapse,1,0.75,0.0,0.75,False,True,True
16qam-snr25-nominal-short,262,oracle_affine_bound,0.0,0.0,0.0,,,,inner_ring_recoverable_collapse,1,0.75,0.0,0.75,False,True,True
16qam-snr25-nominal-short,263,baseline_cma_mu0p03,0.14453125,0.14453125,0.037109375,,,,inner_ring_recoverable_collapse,1,0.14453125,0.0,0.14453125,False,True,True
16qam-snr25-nominal-short,263,correct_pooled_sqrt_rms,0.0,0.0,0.0,,1.4375450917319008,1.4375450917319008,inner_ring_recoverable_collapse,1,0.14453125,0.0,0.14453125,False,True,True
16qam-snr25-nominal-short,263,correct_per_pol_sqrt_rms,0.0,0.0,0.0,,1.3989795667491554,1.4787756655981954,inner_ring_recoverable_collapse,1,0.14453125,0.0,0.14453125,False,True,True
16qam-snr25-nominal-short,263,robust_scalar,0.0,0.0,0.0,,1.4157081640921263,1.42301685115963,inner_ring_recoverable_collapse,1,0.14453125,0.0,0.14453125,False,True,True
16qam-snr25-nominal-short,263,gated_scalar,0.0,0.0,0.0,scale,1.3989795667491554,1.4787756655981954,inner_ring_recoverable_collapse,1,0.14453125,0.0,0.14453125,False,True,True
16qam-snr25-nominal-short,263,M4_gated_policy,0.00390625,0.00390625,0.0009765625,M2_quantile_transport,,,inner_ring_recoverable_collapse,1,0.14453125,0.0,0.14453125,False,True,True
16qam-snr25-nominal-short,263,D4_likelihood_gated_rde,0.14453125,0.14453125,0.037109375,,,,inner_ring_recoverable_collapse,1,0.14453125,0.0,0.14453125,False,True,True
16qam-snr25-nominal-short,263,oracle_affine_bound,0.0,0.0,0.0,,,,inner_ring_recoverable_collapse,1,0.14453125,0.0,0.14453125,False,True,True
16qam-snr25-nominal-short,264,baseline_cma_mu0p03,0.03125,0.03125,0.0078125,,,,healthy,0,0.03125,0.0,0.03125,False,True,True
16qam-snr25-nominal-short,264,correct_pooled_sqrt_rms,0.0,0.0,0.0,,1.3055525585655638,1.3055525585655638,healthy,0,0.03125,0.0,0.03125,False,True,True
16qam-snr25-nominal-short,264,correct_per_pol_sqrt_rms,0.0,0.0,0.0,,1.304372212164972,1.307190894845891,healthy,0,0.03125,0.0,0.03125,False,True,True
16qam-snr25-nominal-short,264,robust_scalar,0.0,0.0,0.0,,1.3474475059787177,1.3428139122083693,healthy,0,0.03125,0.0,0.03125,False,True,True
16qam-snr25-nominal-short,264,gated_scalar,0.0,0.0,0.0,scale,1.304372212164972,1.307190894845891,healthy,0,0.03125,0.0,0.03125,False,True,True
16qam-snr25-nominal-short,264,M4_gated_policy,0.0,0.0,0.0,M2_quantile_transport,,,healthy,0,0.03125,0.0,0.03125,False,True,True
16qam-snr25-nominal-short,264,D4_likelihood_gated_rde,0.03125,0.03125,0.0078125,,,,healthy,0,0.03125,0.0,0.03125,False,True,True
16qam-snr25-nominal-short,264,oracle_affine_bound,0.0,0.0,0.0,,,,healthy,0,0.03125,0.0,0.03125,False,True,True
16qam-snr25-nominal-short,265,baseline_cma_mu0p03,0.0,0.0,0.0,,,,healthy,0,0.0,0.0,0.0,False,True,True
16qam-snr25-nominal-short,265,correct_pooled_sqrt_rms,0.0,0.0,0.0,,0.9173527010529983,0.9173527010529983,healthy,0,0.0,0.0,0.0,False,True,True
16qam-snr25-nominal-short,265,correct_per_pol_sqrt_rms,0.0,0.0,0.0,,0.9146486046763043,0.9202672496697729,healthy,0,0.0,0.0,0.0,False,True,True
16qam-snr25-nominal-short,265,robust_scalar,0.0,0.0,0.0,,0.932518446032468,0.9338250664835601,healthy,0,0.0,0.0,0.0,False,True,True
16qam-snr25-nominal-short,265,gated_scalar,0.0,0.0,0.0,identity,0.9146486046763043,0.9202672496697729,healthy,0,0.0,0.0,0.0,False,True,True
16qam-snr25-nominal-short,265,M4_gated_policy,0.0,0.0,0.0,identity,,,healthy,0,0.0,0.0,0.0,False,True,True
16qam-snr25-nominal-short,265,D4_likelihood_gated_rde,0.0,0.0,0.0,,,,healthy,0,0.0,0.0,0.0,False,True,True
16qam-snr25-nominal-short,265,oracle_affine_bound,0.0,0.0,0.0,,,,healthy,0,0.0,0.0,0.0,False,True,True
16qam-snr25-nominal-short,266,baseline_cma_mu0p03,0.765625,0.765625,0.2470703125,,,,inner_ring_recoverable_collapse,1,0.765625,0.0,0.765625,False,True,True
16qam-snr25-nominal-short,266,correct_pooled_sqrt_rms,0.0,0.0,0.0,,2.446247569506451,2.446247569506451,inner_ring_recoverable_collapse,1,0.765625,0.0,0.765625,False,True,True
16qam-snr25-nominal-short,266,correct_per_pol_sqrt_rms,0.0,0.0,0.0,,2.412942159118681,2.4805355525490556,inner_ring_recoverable_collapse,1,0.765625,0.0,0.765625,False,True,True
16qam-snr25-nominal-short,266,robust_scalar,0.0,0.0,0.0,,2.40938759700947,2.4079611134692955,inner_ring_recoverable_collapse,1,0.765625,0.0,0.765625,False,True,True
16qam-snr25-nominal-short,266,gated_scalar,0.0,0.0,0.0,scale,2.412942159118681,2.4805355525490556,inner_ring_recoverable_collapse,1,0.765625,0.0,0.765625,False,True,True
16qam-snr25-nominal-short,266,M4_gated_policy,0.01953125,0.01953125,0.0048828125,M2_quantile_transport,,,inner_ring_recoverable_collapse,1,0.765625,0.0,0.765625,False,True,True
16qam-snr25-nominal-short,266,D4_likelihood_gated_rde,0.765625,0.765625,0.2470703125,,,,inner_ring_recoverable_collapse,1,0.765625,0.0,0.765625,False,True,True
16qam-snr25-nominal-short,266,oracle_affine_bound,0.0,0.0,0.0,,,,inner_ring_recoverable_collapse,1,0.765625,0.0,0.765625,False,True,True
16qam-snr25-nominal-short,267,baseline_cma_mu0p03,0.3046875,0.3046875,0.0810546875,,,,inner_ring_recoverable_collapse,1,0.3046875,0.0,0.3046875,False,True,True
16qam-snr25-nominal-short,267,correct_pooled_sqrt_rms,0.0,0.0,0.0,,1.5624978340056612,1.5624978340056612,inner_ring_recoverable_collapse,1,0.3046875,0.0,0.3046875,False,True,True
16qam-snr25-nominal-short,267,correct_per_pol_sqrt_rms,0.0,0.0,0.0,,1.5498398834510791,1.5726455680970117,inner_ring_recoverable_collapse,1,0.3046875,0.0,0.3046875,False,True,True
16qam-snr25-nominal-short,267,robust_scalar,0.0,0.0,0.0,,1.5166780803524482,1.499119091603907,inner_ring_recoverable_collapse,1,0.3046875,0.0,0.3046875,False,True,True
16qam-snr25-nominal-short,267,gated_scalar,0.0,0.0,0.0,scale,1.5498398834510791,1.5726455680970117,inner_ring_recoverable_collapse,1,0.3046875,0.0,0.3046875,False,True,True
16qam-snr25-nominal-short,267,M4_gated_policy,0.0,0.0,0.0,M2_quantile_transport,,,inner_ring_recoverable_collapse,1,0.3046875,0.0,0.3046875,False,True,True
16qam-snr25-nominal-short,267,D4_likelihood_gated_rde,0.3046875,0.3046875,0.0810546875,,,,inner_ring_recoverable_collapse,1,0.3046875,0.0,0.3046875,False,True,True
16qam-snr25-nominal-short,267,oracle_affine_bound,0.0,0.0,0.0,,,,inner_ring_recoverable_collapse,1,0.3046875,0.0,0.3046875,False,True,True
16qam-snr25-nominal-short,268,baseline_cma_mu0p03,0.00390625,0.00390625,0.0009765625,,,,healthy,0,0.00390625,0.01171875,-0.0078125,False,True,True
16qam-snr25-nominal-short,268,correct_pooled_sqrt_rms,0.01171875,0.01171875,0.0029296875,,0.8457496242894182,0.8457496242894182,healthy,0,0.00390625,0.01171875,-0.0078125,False,True,True
16qam-snr25-nominal-short,268,correct_per_pol_sqrt_rms,0.01171875,0.01171875,0.0029296875,,0.8437483915761361,0.8476601343115585,healthy,0,0.00390625,0.01171875,-0.0078125,False,True,True
16qam-snr25-nominal-short,268,robust_scalar,0.01171875,0.01171875,0.0029296875,,0.8282217695343359,0.8266613045757005,healthy,0,0.00390625,0.01171875,-0.0078125,False,True,True
16qam-snr25-nominal-short,268,gated_scalar,0.00390625,0.00390625,0.0009765625,identity,0.8437483915761361,0.8476601343115585,healthy,0,0.00390625,0.01171875,-0.0078125,False,True,True
16qam-snr25-nominal-short,268,M4_gated_policy,0.00390625,0.00390625,0.0009765625,identity,,,healthy,0,0.00390625,0.01171875,-0.0078125,False,True,True
16qam-snr25-nominal-short,268,D4_likelihood_gated_rde,0.00390625,0.00390625,0.0009765625,,,,healthy,0,0.00390625,0.01171875,-0.0078125,False,True,True
16qam-snr25-nominal-short,268,oracle_affine_bound,0.01171875,0.01171875,0.0029296875,,,,healthy,0,0.00390625,0.01171875,-0.0078125,False,True,True
16qam-snr25-nominal-short,269,baseline_cma_mu0p03,0.0,0.0,0.0,,,,healthy,0,0.0,0.0,0.0,False,True,True
16qam-snr25-nominal-short,269,correct_pooled_sqrt_rms,0.0,0.0,0.0,,0.8443279016576676,0.8443279016576676,healthy,0,0.0,0.0,0.0,False,True,True
16qam-snr25-nominal-short,269,correct_per_pol_sqrt_rms,0.0,0.0,0.0,,0.855110524708354,0.8333942297665987,healthy,0,0.0,0.0,0.0,False,True,True
16qam-snr25-nominal-short,269,robust_scalar,0.0,0.0,0.0,,0.8381631851864859,0.8197876590434579,healthy,0,0.0,0.0,0.0,False,True,True
16qam-snr25-nominal-short,269,gated_scalar,0.0,0.0,0.0,identity,0.855110524708354,0.8333942297665987,healthy,0,0.0,0.0,0.0,False,True,True
16qam-snr25-nominal-short,269,M4_gated_policy,0.0,0.0,0.0,identity,,,healthy,0,0.0,0.0,0.0,False,True,True
16qam-snr25-nominal-short,269,D4_likelihood_gated_rde,0.0,0.0,0.0,,,,healthy,0,0.0,0.0,0.0,False,True,True
16qam-snr25-nominal-short,269,oracle_affine_bound,0.0,0.0,0.0,,,,healthy,0,0.0,0.0,0.0,False,True,True
16qam-snr25-nominal-short,270,baseline_cma_mu0p03,0.76953125,0.76953125,0.255859375,,,,inner_ring_recoverable_collapse,1,0.76953125,0.0,0.76953125,False,True,True
16qam-snr25-nominal-short,270,correct_pooled_sqrt_rms,0.0,0.0,0.0,,2.7370373863413255,2.7370373863413255,inner_ring_recoverable_collapse,1,0.76953125,0.0,0.76953125,False,True,True
16qam-snr25-nominal-short,270,correct_per_pol_sqrt_rms,0.0,0.0,0.0,,2.707779097184106,2.7659487312580002,inner_ring_recoverable_collapse,1,0.76953125,0.0,0.76953125,False,True,True
16qam-snr25-nominal-short,270,robust_scalar,0.0,0.0,0.0,,2.645806379850872,2.708317996034618,inner_ring_recoverable_collapse,1,0.76953125,0.0,0.76953125,False,True,True
16qam-snr25-nominal-short,270,gated_scalar,0.0,0.0,0.0,scale,2.707779097184106,2.7659487312580002,inner_ring_recoverable_collapse,1,0.76953125,0.0,0.76953125,False,True,True
16qam-snr25-nominal-short,270,M4_gated_policy,0.05859375,0.05859375,0.0146484375,M2_quantile_transport,,,inner_ring_recoverable_collapse,1,0.76953125,0.0,0.76953125,False,True,True
16qam-snr25-nominal-short,270,D4_likelihood_gated_rde,0.76953125,0.76953125,0.255859375,,,,inner_ring_recoverable_collapse,1,0.76953125,0.0,0.76953125,False,True,True
16qam-snr25-nominal-short,270,oracle_affine_bound,0.0,0.0,0.0,,,,inner_ring_recoverable_collapse,1,0.76953125,0.0,0.76953125,False,True,True
16qam-snr25-nominal-short,271,baseline_cma_mu0p03,0.74609375,0.74609375,0.248046875,,,,inner_ring_recoverable_collapse,1,0.74609375,0.0,0.74609375,False,True,True
16qam-snr25-nominal-short,271,correct_pooled_sqrt_rms,0.0,0.0,0.0,,1.6719167785285647,1.6719167785285647,inner_ring_recoverable_collapse,1,0.74609375,0.0,0.74609375,False,True,True
16qam-snr25-nominal-short,271,correct_per_pol_sqrt_rms,0.0,0.0,0.0,,1.675796018282668,1.6691940160423193,inner_ring_recoverable_collapse,1,0.74609375,0.0,0.74609375,False,True,True
16qam-snr25-nominal-short,271,robust_scalar,0.0,0.0,0.0,,1.7147382947277146,1.7077777962992713,inner_ring_recoverable_collapse,1,0.74609375,0.0,0.74609375,False,True,True
16qam-snr25-nominal-short,271,gated_scalar,0.0,0.0,0.0,scale,1.675796018282668,1.6691940160423193,inner_ring_recoverable_collapse,1,0.74609375,0.0,0.74609375,False,True,True
16qam-snr25-nominal-short,271,M4_gated_policy,0.00390625,0.00390625,0.0009765625,M2_quantile_transport,,,inner_ring_recoverable_collapse,1,0.74609375,0.0,0.74609375,False,True,True
16qam-snr25-nominal-short,271,D4_likelihood_gated_rde,0.74609375,0.74609375,0.248046875,,,,inner_ring_recoverable_collapse,1,0.74609375,0.0,0.74609375,False,True,True
16qam-snr25-nominal-short,271,oracle_affine_bound,0.0,0.0,0.0,,,,inner_ring_recoverable_collapse,1,0.74609375,0.0,0.74609375,False,True,True
16qam-snr25-nominal-short,272,baseline_cma_mu0p03,0.76171875,0.76171875,0.25,,,,inner_ring_recoverable_collapse,1,0.76171875,0.01171875,0.75,False,True,True
16qam-snr25-nominal-short,272,correct_pooled_sqrt_rms,0.015625,0.015625,0.00390625,,3.2091006844364482,3.2091006844364482,inner_ring_recoverable_collapse,1,0.76171875,0.01171875,0.75,False,True,True
16qam-snr25-nominal-short,272,correct_per_pol_sqrt_rms,0.015625,0.015625,0.00390625,,3.208234694946451,3.2083873088820973,inner_ring_recoverable_collapse,1,0.76171875,0.01171875,0.75,False,True,True
16qam-snr25-nominal-short,272,robust_scalar,0.015625,0.015625,0.00390625,,3.249696779632355,3.2675015922837374,inner_ring_recoverable_collapse,1,0.76171875,0.01171875,0.75,False,True,True
16qam-snr25-nominal-short,272,gated_scalar,0.015625,0.015625,0.00390625,scale,3.208234694946451,3.2083873088820973,inner_ring_recoverable_collapse,1,0.76171875,0.01171875,0.75,False,True,True
16qam-snr25-nominal-short,272,M4_gated_policy,0.0546875,0.0546875,0.013671875,M2_quantile_transport,,,inner_ring_recoverable_collapse,1,0.76171875,0.01171875,0.75,False,True,True
16qam-snr25-nominal-short,272,D4_likelihood_gated_rde,0.76171875,0.76171875,0.25,,,,inner_ring_recoverable_collapse,1,0.76171875,0.01171875,0.75,False,True,True
16qam-snr25-nominal-short,272,oracle_affine_bound,0.01171875,0.01171875,0.0029296875,,,,inner_ring_recoverable_collapse,1,0.76171875,0.01171875,0.75,False,True,True
16qam-snr25-nominal-short,273,baseline_cma_mu0p03,0.0,0.0,0.0,,,,healthy,0,0.0,0.0,0.0,False,True,True
16qam-snr25-nominal-short,273,correct_pooled_sqrt_rms,0.0,0.0,0.0,,0.85627082426789,0.85627082426789,healthy,0,0.0,0.0,0.0,False,True,True
16qam-snr25-nominal-short,273,correct_per_pol_sqrt_rms,0.0,0.0,0.0,,0.8749784992098354,0.8367536740686397,healthy,0,0.0,0.0,0.0,False,True,True
16qam-snr25-nominal-short,273,robust_scalar,0.0,0.0,0.0,,0.8478316597399121,0.8326893271057259,healthy,0,0.0,0.0,0.0,False,True,True
16qam-snr25-nominal-short,273,gated_scalar,0.0,0.0,0.0,identity,0.8749784992098354,0.8367536740686397,healthy,0,0.0,0.0,0.0,False,True,True
16qam-snr25-nominal-short,273,M4_gated_policy,0.0,0.0,0.0,identity,,,healthy,0,0.0,0.0,0.0,False,True,True
16qam-snr25-nominal-short,273,D4_likelihood_gated_rde,0.0,0.0,0.0,,,,healthy,0,0.0,0.0,0.0,False,True,True
16qam-snr25-nominal-short,273,oracle_affine_bound,0.0,0.0,0.0,,,,healthy,0,0.0,0.0,0.0,False,True,True
16qam-snr25-nominal-short,274,baseline_cma_mu0p03,0.76171875,0.76171875,0.259765625,,,,inner_ring_recoverable_collapse,1,0.76171875,0.0390625,0.72265625,False,True,True
16qam-snr25-nominal-short,274,correct_pooled_sqrt_rms,0.01953125,0.01953125,0.0048828125,,3.6352148305372483,3.6352148305372483,inner_ring_recoverable_collapse,1,0.76171875,0.0390625,0.72265625,False,True,True
16qam-snr25-nominal-short,274,correct_per_pol_sqrt_rms,0.0234375,0.0234375,0.005859375,,3.531889310246838,3.738952369626186,inner_ring_recoverable_collapse,1,0.76171875,0.0390625,0.72265625,False,True,True
16qam-snr25-nominal-short,274,robust_scalar,0.0234375,0.0234375,0.005859375,,3.489830362411614,3.7520035417142923,inner_ring_recoverable_collapse,1,0.76171875,0.0390625,0.72265625,False,True,True
16qam-snr25-nominal-short,274,gated_scalar,0.0234375,0.0234375,0.005859375,scale,3.531889310246838,3.738952369626186,inner_ring_recoverable_collapse,1,0.76171875,0.0390625,0.72265625,False,True,True
16qam-snr25-nominal-short,274,M4_gated_policy,0.078125,0.078125,0.01953125,M2_quantile_transport,,,inner_ring_recoverable_collapse,1,0.76171875,0.0390625,0.72265625,False,True,True
16qam-snr25-nominal-short,274,D4_likelihood_gated_rde,0.76171875,0.76171875,0.259765625,,,,inner_ring_recoverable_collapse,1,0.76171875,0.0390625,0.72265625,False,True,True
16qam-snr25-nominal-short,274,oracle_affine_bound,0.0390625,0.0390625,0.009765625,,,,inner_ring_recoverable_collapse,1,0.76171875,0.0390625,0.72265625,False,True,True
16qam-snr25-nominal-short,275,baseline_cma_mu0p03,0.0,0.0,0.0,,,,healthy,0,0.0,0.0,0.0,False,True,True
16qam-snr25-nominal-short,275,correct_pooled_sqrt_rms,0.0,0.0,0.0,,1.2142782345899141,1.2142782345899141,healthy,0,0.0,0.0,0.0,False,True,True
16qam-snr25-nominal-short,275,correct_per_pol_sqrt_rms,0.0,0.0,0.0,,1.2197530404474584,1.2083783708871458,healthy,0,0.0,0.0,0.0,False,True,True
16qam-snr25-nominal-short,275,robust_scalar,0.0,0.0,0.0,,1.184138192984242,1.2116615663302355,healthy,0,0.0,0.0,0.0,False,True,True
16qam-snr25-nominal-short,275,gated_scalar,0.0,0.0,0.0,identity,1.2197530404474584,1.2083783708871458,healthy,0,0.0,0.0,0.0,False,True,True
16qam-snr25-nominal-short,275,M4_gated_policy,0.0,0.0,0.0,identity,,,healthy,0,0.0,0.0,0.0,False,True,True
16qam-snr25-nominal-short,275,D4_likelihood_gated_rde,0.0,0.0,0.0,,,,healthy,0,0.0,0.0,0.0,False,True,True
16qam-snr25-nominal-short,275,oracle_affine_bound,0.0,0.0,0.0,,,,healthy,0,0.0,0.0,0.0,False,True,True
16qam-snr25-nominal-short,276,baseline_cma_mu0p03,0.7734375,0.7734375,0.259765625,,,,inner_ring_recoverable_collapse,1,0.7734375,0.00390625,0.76953125,False,True,True
16qam-snr25-nominal-short,276,correct_pooled_sqrt_rms,0.0078125,0.0078125,0.001953125,,2.416827418650504,2.416827418650504,inner_ring_recoverable_collapse,1,0.7734375,0.00390625,0.76953125,False,True,True
16qam-snr25-nominal-short,276,correct_per_pol_sqrt_rms,0.0078125,0.0078125,0.001953125,,2.492169439973275,2.345747151752658,inner_ring_recoverable_collapse,1,0.7734375,0.00390625,0.76953125,False,True,True
16qam-snr25-nominal-short,276,robust_scalar,0.0078125,0.0078125,0.001953125,,2.4507565331810923,2.2984914810914097,inner_ring_recoverable_collapse,1,0.7734375,0.00390625,0.76953125,False,True,True
16qam-snr25-nominal-short,276,gated_scalar,0.0078125,0.0078125,0.001953125,scale,2.492169439973275,2.345747151752658,inner_ring_recoverable_collapse,1,0.7734375,0.00390625,0.76953125,False,True,True
16qam-snr25-nominal-short,276,M4_gated_policy,0.015625,0.015625,0.00390625,M2_quantile_transport,,,inner_ring_recoverable_collapse,1,0.7734375,0.00390625,0.76953125,False,True,True
16qam-snr25-nominal-short,276,D4_likelihood_gated_rde,0.7734375,0.7734375,0.259765625,,,,inner_ring_recoverable_collapse,1,0.7734375,0.00390625,0.76953125,False,True,True
16qam-snr25-nominal-short,276,oracle_affine_bound,0.00390625,0.00390625,0.0009765625,,,,inner_ring_recoverable_collapse,1,0.7734375,0.00390625,0.76953125,False,True,True
16qam-snr25-nominal-short,277,baseline_cma_mu0p03,0.0,0.0,0.0,,,,healthy,0,0.0,0.0,0.0,False,True,True
16qam-snr25-nominal-short,277,correct_pooled_sqrt_rms,0.0,0.0,0.0,,1.0389046104444637,1.0389046104444637,healthy,0,0.0,0.0,0.0,False,True,True
16qam-snr25-nominal-short,277,correct_per_pol_sqrt_rms,0.0,0.0,0.0,,1.0546494705317409,1.0233016494950025,healthy,0,0.0,0.0,0.0,False,True,True
16qam-snr25-nominal-short,277,robust_scalar,0.0,0.0,0.0,,1.0324137668931208,1.0098891817399371,healthy,0,0.0,0.0,0.0,False,True,True
16qam-snr25-nominal-short,277,gated_scalar,0.0,0.0,0.0,identity,1.0546494705317409,1.0233016494950025,healthy,0,0.0,0.0,0.0,False,True,True
16qam-snr25-nominal-short,277,M4_gated_policy,0.0,0.0,0.0,identity,,,healthy,0,0.0,0.0,0.0,False,True,True
16qam-snr25-nominal-short,277,D4_likelihood_gated_rde,0.0,0.0,0.0,,,,healthy,0,0.0,0.0,0.0,False,True,True
16qam-snr25-nominal-short,277,oracle_affine_bound,0.0,0.0,0.0,,,,healthy,0,0.0,0.0,0.0,False,True,True
16qam-snr25-nominal-short,278,baseline_cma_mu0p03,0.7421875,0.7421875,0.2509765625,,,,inner_ring_recoverable_collapse,1,0.7421875,0.00390625,0.73828125,False,True,True
16qam-snr25-nominal-short,278,correct_pooled_sqrt_rms,0.0078125,0.0078125,0.001953125,,2.6487098371091413,2.6487098371091413,inner_ring_recoverable_collapse,1,0.7421875,0.00390625,0.73828125,False,True,True
16qam-snr25-nominal-short,278,correct_per_pol_sqrt_rms,0.01171875,0.01171875,0.0029296875,,2.603778889886764,2.691163358603463,inner_ring_recoverable_collapse,1,0.7421875,0.00390625,0.73828125,False,True,True
16qam-snr25-nominal-short,278,robust_scalar,0.0078125,0.0078125,0.001953125,,2.5730176149299178,2.64147040506295,inner_ring_recoverable_collapse,1,0.7421875,0.00390625,0.73828125,False,True,True
16qam-snr25-nominal-short,278,gated_scalar,0.01171875,0.01171875,0.0029296875,scale,2.603778889886764,2.691163358603463,inner_ring_recoverable_collapse,1,0.7421875,0.00390625,0.73828125,False,True,True
16qam-snr25-nominal-short,278,M4_gated_policy,0.0390625,0.0390625,0.009765625,M2_quantile_transport,,,inner_ring_recoverable_collapse,1,0.7421875,0.00390625,0.73828125,False,True,True
16qam-snr25-nominal-short,278,D4_likelihood_gated_rde,0.7421875,0.7421875,0.2509765625,,,,inner_ring_recoverable_collapse,1,0.7421875,0.00390625,0.73828125,False,True,True
16qam-snr25-nominal-short,278,oracle_affine_bound,0.00390625,0.00390625,0.0009765625,,,,inner_ring_recoverable_collapse,1,0.7421875,0.00390625,0.73828125,False,True,True
16qam-snr25-nominal-short,279,baseline_cma_mu0p03,0.0,0.0,0.0,,,,healthy,0,0.0,0.0,0.0,False,True,True
16qam-snr25-nominal-short,279,correct_pooled_sqrt_rms,0.0,0.0,0.0,,1.0640905342844102,1.0640905342844102,healthy,0,0.0,0.0,0.0,False,True,True
16qam-snr25-nominal-short,279,correct_per_pol_sqrt_rms,0.0,0.0,0.0,,1.051579757034365,1.0768841784838739,healthy,0,0.0,0.0,0.0,False,True,True
16qam-snr25-nominal-short,279,robust_scalar,0.0,0.0,0.0,,1.0436849460576112,1.0577374507542658,healthy,0,0.0,0.0,0.0,False,True,True
16qam-snr25-nominal-short,279,gated_scalar,0.0,0.0,0.0,identity,1.051579757034365,1.0768841784838739,healthy,0,0.0,0.0,0.0,False,True,True
16qam-snr25-nominal-short,279,M4_gated_policy,0.0,0.0,0.0,identity,,,healthy,0,0.0,0.0,0.0,False,True,True
16qam-snr25-nominal-short,279,D4_likelihood_gated_rde,0.0,0.0,0.0,,,,healthy,0,0.0,0.0,0.0,False,True,True
16qam-snr25-nominal-short,279,oracle_affine_bound,0.0,0.0,0.0,,,,healthy,0,0.0,0.0,0.0,False,True,True
16qam-snr25-nominal-short,280,baseline_cma_mu0p03,0.80859375,0.80859375,0.318359375,,,,awgn_dominated_error,,0.80859375,0.8671875,-0.05859375,False,True,True
16qam-snr25-nominal-short,280,correct_pooled_sqrt_rms,0.7890625,0.7890625,0.3115234375,,1.0511578390742105,1.0511578390742105,awgn_dominated_error,,0.80859375,0.8671875,-0.05859375,False,True,True
16qam-snr25-nominal-short,280,correct_per_pol_sqrt_rms,0.7890625,0.7890625,0.3115234375,,1.0485821763512675,1.0496313382656113,awgn_dominated_error,,0.80859375,0.8671875,-0.05859375,False,True,True
16qam-snr25-nominal-short,280,robust_scalar,0.76953125,0.76953125,0.306640625,,1.1964028180873962,1.1764071012416901,awgn_dominated_error,,0.80859375,0.8671875,-0.05859375,False,True,True
16qam-snr25-nominal-short,280,gated_scalar,0.80859375,0.80859375,0.318359375,identity,1.0485821763512675,1.0496313382656113,awgn_dominated_error,,0.80859375,0.8671875,-0.05859375,False,True,True
16qam-snr25-nominal-short,280,M4_gated_policy,0.80859375,0.80859375,0.318359375,identity,,,awgn_dominated_error,,0.80859375,0.8671875,-0.05859375,False,True,True
16qam-snr25-nominal-short,280,D4_likelihood_gated_rde,0.80859375,0.80859375,0.318359375,,,,awgn_dominated_error,,0.80859375,0.8671875,-0.05859375,False,True,True
16qam-snr25-nominal-short,280,oracle_affine_bound,0.8671875,0.8671875,0.333984375,,,,awgn_dominated_error,,0.80859375,0.8671875,-0.05859375,False,True,True
16qam-snr20-fg100-short,261,baseline_cma_mu0p03,0.7578125,0.7578125,0.259765625,,,,inner_ring_recoverable_collapse,1,0.7578125,0.06640625,0.69140625,False,True,True
16qam-snr20-fg100-short,261,correct_pooled_sqrt_rms,0.0703125,0.0703125,0.017578125,,2.3094813568015424,2.3094813568015424,inner_ring_recoverable_collapse,1,0.7578125,0.06640625,0.69140625,False,True,True
16qam-snr20-fg100-short,261,correct_per_pol_sqrt_rms,0.0703125,0.0703125,0.017578125,,2.3400802234773783,2.2701053026810043,inner_ring_recoverable_collapse,1,0.7578125,0.06640625,0.69140625,False,True,True
16qam-snr20-fg100-short,261,robust_scalar,0.078125,0.078125,0.01953125,,2.371008673753156,2.2136597408720817,inner_ring_recoverable_collapse,1,0.7578125,0.06640625,0.69140625,False,True,True
16qam-snr20-fg100-short,261,gated_scalar,0.0703125,0.0703125,0.017578125,scale,2.3400802234773783,2.2701053026810043,inner_ring_recoverable_collapse,1,0.7578125,0.06640625,0.69140625,False,True,True
16qam-snr20-fg100-short,261,M4_gated_policy,0.13671875,0.13671875,0.03515625,M2_quantile_transport,,,inner_ring_recoverable_collapse,1,0.7578125,0.06640625,0.69140625,False,True,True
16qam-snr20-fg100-short,261,D4_likelihood_gated_rde,0.7578125,0.7578125,0.259765625,,,,inner_ring_recoverable_collapse,1,0.7578125,0.06640625,0.69140625,False,True,True
16qam-snr20-fg100-short,261,oracle_affine_bound,0.06640625,0.06640625,0.0166015625,,,,inner_ring_recoverable_collapse,1,0.7578125,0.06640625,0.69140625,False,True,True
16qam-snr20-fg100-short,262,baseline_cma_mu0p03,0.7578125,0.7578125,0.2607421875,,,,inner_ring_recoverable_collapse,1,0.7578125,0.06640625,0.69140625,False,True,True
16qam-snr20-fg100-short,262,correct_pooled_sqrt_rms,0.06640625,0.06640625,0.017578125,,2.0080747034795188,2.0080747034795188,inner_ring_recoverable_collapse,1,0.7578125,0.06640625,0.69140625,False,True,True
16qam-snr20-fg100-short,262,correct_per_pol_sqrt_rms,0.06640625,0.06640625,0.017578125,,2.0022371799099163,2.0103491993844527,inner_ring_recoverable_collapse,1,0.7578125,0.06640625,0.69140625,False,True,True
16qam-snr20-fg100-short,262,robust_scalar,0.0625,0.0625,0.0166015625,,2.028774316540093,2.0193654308580156,inner_ring_recoverable_collapse,1,0.7578125,0.06640625,0.69140625,False,True,True
16qam-snr20-fg100-short,262,gated_scalar,0.06640625,0.06640625,0.017578125,scale,2.0022371799099163,2.0103491993844527,inner_ring_recoverable_collapse,1,0.7578125,0.06640625,0.69140625,False,True,True
16qam-snr20-fg100-short,262,M4_gated_policy,0.1328125,0.1328125,0.033203125,M2_quantile_transport,,,inner_ring_recoverable_collapse,1,0.7578125,0.06640625,0.69140625,False,True,True
16qam-snr20-fg100-short,262,D4_likelihood_gated_rde,0.7578125,0.7578125,0.2607421875,,,,inner_ring_recoverable_collapse,1,0.7578125,0.06640625,0.69140625,False,True,True
16qam-snr20-fg100-short,262,oracle_affine_bound,0.06640625,0.06640625,0.017578125,,,,inner_ring_recoverable_collapse,1,0.7578125,0.06640625,0.69140625,False,True,True
16qam-snr20-fg100-short,263,baseline_cma_mu0p03,0.26953125,0.26953125,0.07421875,,,,inner_ring_recoverable_collapse,1,0.26953125,0.0,0.26953125,False,True,True
16qam-snr20-fg100-short,263,correct_pooled_sqrt_rms,0.0,0.0,0.0,,1.4251532013707036,1.4251532013707036,inner_ring_recoverable_collapse,1,0.26953125,0.0,0.26953125,False,True,True
16qam-snr20-fg100-short,263,correct_per_pol_sqrt_rms,0.0,0.0,0.0,,1.388889336523907,1.4637051487484223,inner_ring_recoverable_collapse,1,0.26953125,0.0,0.26953125,False,True,True
16qam-snr20-fg100-short,263,robust_scalar,0.0,0.0,0.0,,1.399786727183754,1.4135741972919431,inner_ring_recoverable_collapse,1,0.26953125,0.0,0.26953125,False,True,True
16qam-snr20-fg100-short,263,gated_scalar,0.0,0.0,0.0,scale,1.388889336523907,1.4637051487484223,inner_ring_recoverable_collapse,1,0.26953125,0.0,0.26953125,False,True,True
16qam-snr20-fg100-short,263,M4_gated_policy,0.04296875,0.04296875,0.0107421875,M2_quantile_transport,,,inner_ring_recoverable_collapse,1,0.26953125,0.0,0.26953125,False,True,True
16qam-snr20-fg100-short,263,D4_likelihood_gated_rde,0.26953125,0.26953125,0.07421875,,,,inner_ring_recoverable_collapse,1,0.26953125,0.0,0.26953125,False,True,True
16qam-snr20-fg100-short,263,oracle_affine_bound,0.0,0.0,0.0,,,,inner_ring_recoverable_collapse,1,0.26953125,0.0,0.26953125,False,True,True
16qam-snr20-fg100-short,264,baseline_cma_mu0p03,0.14453125,0.14453125,0.0361328125,,,,inner_ring_recoverable_collapse,1,0.14453125,0.0078125,0.13671875,False,True,True
16qam-snr20-fg100-short,264,correct_pooled_sqrt_rms,0.0,0.0,0.0,,1.3040323876692483,1.3040323876692483,inner_ring_recoverable_collapse,1,0.14453125,0.0078125,0.13671875,False,True,True
16qam-snr20-fg100-short,264,correct_per_pol_sqrt_rms,0.0,0.0,0.0,,1.304129339283268,1.303923123920884,inner_ring_recoverable_collapse,1,0.14453125,0.0078125,0.13671875,False,True,True
16qam-snr20-fg100-short,264,robust_scalar,0.00390625,0.00390625,0.0009765625,,1.32034223007256,1.3146036040081757,inner_ring_recoverable_collapse,1,0.14453125,0.0078125,0.13671875,False,True,True
16qam-snr20-fg100-short,264,gated_scalar,0.0,0.0,0.0,scale,1.304129339283268,1.303923123920884,inner_ring_recoverable_collapse,1,0.14453125,0.0078125,0.13671875,False,True,True
16qam-snr20-fg100-short,264,M4_gated_policy,0.0703125,0.0703125,0.017578125,M2_quantile_transport,,,inner_ring_recoverable_collapse,1,0.14453125,0.0078125,0.13671875,False,True,True
16qam-snr20-fg100-short,264,D4_likelihood_gated_rde,0.14453125,0.14453125,0.0361328125,,,,inner_ring_recoverable_collapse,1,0.14453125,0.0078125,0.13671875,False,True,True
16qam-snr20-fg100-short,264,oracle_affine_bound,0.0078125,0.0078125,0.001953125,,,,inner_ring_recoverable_collapse,1,0.14453125,0.0078125,0.13671875,False,True,True
16qam-snr20-fg100-short,265,baseline_cma_mu0p03,0.0,0.0,0.0,,,,healthy,0,0.0,0.0,0.0,False,True,True
16qam-snr20-fg100-short,265,correct_pooled_sqrt_rms,0.0,0.0,0.0,,0.9198507663877824,0.9198507663877824,healthy,0,0.0,0.0,0.0,False,True,True
16qam-snr20-fg100-short,265,correct_per_pol_sqrt_rms,0.0,0.0,0.0,,0.9176248399036795,0.9221182368712911,healthy,0,0.0,0.0,0.0,False,True,True
16qam-snr20-fg100-short,265,robust_scalar,0.0,0.0,0.0,,0.9330953200760395,0.9268117336519339,healthy,0,0.0,0.0,0.0,False,True,True
16qam-snr20-fg100-short,265,gated_scalar,0.0,0.0,0.0,identity,0.9176248399036795,0.9221182368712911,healthy,0,0.0,0.0,0.0,False,True,True
16qam-snr20-fg100-short,265,M4_gated_policy,0.0,0.0,0.0,identity,,,healthy,0,0.0,0.0,0.0,False,True,True
16qam-snr20-fg100-short,265,D4_likelihood_gated_rde,0.0,0.0,0.0,,,,healthy,0,0.0,0.0,0.0,False,True,True
16qam-snr20-fg100-short,265,oracle_affine_bound,0.0,0.0,0.0,,,,healthy,0,0.0,0.0,0.0,False,True,True
16qam-snr20-fg100-short,266,baseline_cma_mu0p03,0.7734375,0.7734375,0.2548828125,,,,inner_ring_recoverable_collapse,1,0.7734375,0.08984375,0.68359375,False,True,True
16qam-snr20-fg100-short,266,correct_pooled_sqrt_rms,0.08984375,0.08984375,0.0234375,,2.4004135546371956,2.4004135546371956,inner_ring_recoverable_collapse,1,0.7734375,0.08984375,0.68359375,False,True,True
16qam-snr20-fg100-short,266,correct_per_pol_sqrt_rms,0.08984375,0.08984375,0.0224609375,,2.354563324322207,2.447784738493987,inner_ring_recoverable_collapse,1,0.7734375,0.08984375,0.68359375,False,True,True
16qam-snr20-fg100-short,266,robust_scalar,0.08984375,0.08984375,0.0234375,,2.3905677003351054,2.4052023246724934,inner_ring_recoverable_collapse,1,0.7734375,0.08984375,0.68359375,False,True,True
16qam-snr20-fg100-short,266,gated_scalar,0.08984375,0.08984375,0.0224609375,scale,2.354563324322207,2.447784738493987,inner_ring_recoverable_collapse,1,0.7734375,0.08984375,0.68359375,False,True,True
16qam-snr20-fg100-short,266,M4_gated_policy,0.13671875,0.13671875,0.0361328125,M2_quantile_transport,,,inner_ring_recoverable_collapse,1,0.7734375,0.08984375,0.68359375,False,True,True
16qam-snr20-fg100-short,266,D4_likelihood_gated_rde,0.7734375,0.7734375,0.2548828125,,,,inner_ring_recoverable_collapse,1,0.7734375,0.08984375,0.68359375,False,True,True
16qam-snr20-fg100-short,266,oracle_affine_bound,0.08984375,0.08984375,0.0234375,,,,inner_ring_recoverable_collapse,1,0.7734375,0.08984375,0.68359375,False,True,True
16qam-snr20-fg100-short,267,baseline_cma_mu0p03,0.3515625,0.3515625,0.095703125,,,,inner_ring_recoverable_collapse,1,0.3515625,0.0078125,0.34375,False,True,True
16qam-snr20-fg100-short,267,correct_pooled_sqrt_rms,0.0078125,0.0078125,0.001953125,,1.5647416994479517,1.5647416994479517,inner_ring_recoverable_collapse,1,0.3515625,0.0078125,0.34375,False,True,True
16qam-snr20-fg100-short,267,correct_per_pol_sqrt_rms,0.0078125,0.0078125,0.001953125,,1.5554219200288701,1.5702910637752232,inner_ring_recoverable_collapse,1,0.3515625,0.0078125,0.34375,False,True,True
16qam-snr20-fg100-short,267,robust_scalar,0.0078125,0.0078125,0.001953125,,1.5413147004944554,1.5107892732311665,inner_ring_recoverable_collapse,1,0.3515625,0.0078125,0.34375,False,True,True
16qam-snr20-fg100-short,267,gated_scalar,0.0078125,0.0078125,0.001953125,scale,1.5554219200288701,1.5702910637752232,inner_ring_recoverable_collapse,1,0.3515625,0.0078125,0.34375,False,True,True
16qam-snr20-fg100-short,267,M4_gated_policy,0.02734375,0.02734375,0.0068359375,M2_quantile_transport,,,inner_ring_recoverable_collapse,1,0.3515625,0.0078125,0.34375,False,True,True
16qam-snr20-fg100-short,267,D4_likelihood_gated_rde,0.3515625,0.3515625,0.095703125,,,,inner_ring_recoverable_collapse,1,0.3515625,0.0078125,0.34375,False,True,True
16qam-snr20-fg100-short,267,oracle_affine_bound,0.0078125,0.0078125,0.001953125,,,,inner_ring_recoverable_collapse,1,0.3515625,0.0078125,0.34375,False,True,True
16qam-snr20-fg100-short,268,baseline_cma_mu0p03,0.00390625,0.00390625,0.0009765625,,,,healthy,0,0.00390625,0.01171875,-0.0078125,False,True,True
16qam-snr20-fg100-short,268,correct_pooled_sqrt_rms,0.01171875,0.01171875,0.0029296875,,0.8481449200262416,0.8481449200262416,healthy,0,0.00390625,0.01171875,-0.0078125,False,True,True
16qam-snr20-fg100-short,268,correct_per_pol_sqrt_rms,0.01171875,0.01171875,0.0029296875,,0.8456750704314031,0.8503100508245893,healthy,0,0.00390625,0.01171875,-0.0078125,False,True,True
16qam-snr20-fg100-short,268,robust_scalar,0.015625,0.015625,0.00390625,,0.83122364874126,0.8336153086458647,healthy,0,0.00390625,0.01171875,-0.0078125,False,True,True
16qam-snr20-fg100-short,268,gated_scalar,0.00390625,0.00390625,0.0009765625,identity,0.8456750704314031,0.8503100508245893,healthy,0,0.00390625,0.01171875,-0.0078125,False,True,True
16qam-snr20-fg100-short,268,M4_gated_policy,0.00390625,0.00390625,0.0009765625,identity,,,healthy,0,0.00390625,0.01171875,-0.0078125,False,True,True
16qam-snr20-fg100-short,268,D4_likelihood_gated_rde,0.00390625,0.00390625,0.0009765625,,,,healthy,0,0.00390625,0.01171875,-0.0078125,False,True,True
16qam-snr20-fg100-short,268,oracle_affine_bound,0.01171875,0.01171875,0.0029296875,,,,healthy,0,0.00390625,0.01171875,-0.0078125,False,True,True
16qam-snr20-fg100-short,269,baseline_cma_mu0p03,0.0,0.0,0.0,,,,healthy,0,0.0,0.0,0.0,False,True,True
16qam-snr20-fg100-short,269,correct_pooled_sqrt_rms,0.0,0.0,0.0,,0.8456216328002722,0.8456216328002722,healthy,0,0.0,0.0,0.0,False,True,True
16qam-snr20-fg100-short,269,correct_per_pol_sqrt_rms,0.0,0.0,0.0,,0.8553861513650639,0.8355445470969391,healthy,0,0.0,0.0,0.0,False,True,True
16qam-snr20-fg100-short,269,robust_scalar,0.0,0.0,0.0,,0.8525162238694266,0.8206100075745584,healthy,0,0.0,0.0,0.0,False,True,True
16qam-snr20-fg100-short,269,gated_scalar,0.0,0.0,0.0,identity,0.8553861513650639,0.8355445470969391,healthy,0,0.0,0.0,0.0,False,True,True
16qam-snr20-fg100-short,269,M4_gated_policy,0.0,0.0,0.0,identity,,,healthy,0,0.0,0.0,0.0,False,True,True
16qam-snr20-fg100-short,269,D4_likelihood_gated_rde,0.0,0.0,0.0,,,,healthy,0,0.0,0.0,0.0,False,True,True
16qam-snr20-fg100-short,269,oracle_affine_bound,0.0,0.0,0.0,,,,healthy,0,0.0,0.0,0.0,False,True,True
16qam-snr20-fg100-short,270,baseline_cma_mu0p03,0.80078125,0.80078125,0.2734375,,,,ambiguous,,0.80078125,0.1640625,0.63671875,False,True,True
16qam-snr20-fg100-short,270,correct_pooled_sqrt_rms,0.1640625,0.1640625,0.0439453125,,2.6656043195284678,2.6656043195284678,ambiguous,,0.80078125,0.1640625,0.63671875,False,True,True
16qam-snr20-fg100-short,270,correct_per_pol_sqrt_rms,0.16015625,0.16015625,0.04296875,,2.6392988749860447,2.690340185090867,ambiguous,,0.80078125,0.1640625,0.63671875,False,True,True
16qam-snr20-fg100-short,270,robust_scalar,0.15234375,0.15234375,0.041015625,,2.5944826040397455,2.690156010514131,ambiguous,,0.80078125,0.1640625,0.63671875,False,True,True
16qam-snr20-fg100-short,270,gated_scalar,0.16015625,0.16015625,0.04296875,scale,2.6392988749860447,2.690340185090867,ambiguous,,0.80078125,0.1640625,0.63671875,False,True,True
16qam-snr20-fg100-short,270,M4_gated_policy,0.234375,0.234375,0.060546875,M2_quantile_transport,,,ambiguous,,0.80078125,0.1640625,0.63671875,False,True,True
16qam-snr20-fg100-short,270,D4_likelihood_gated_rde,0.80078125,0.80078125,0.2734375,,,,ambiguous,,0.80078125,0.1640625,0.63671875,False,True,True
16qam-snr20-fg100-short,270,oracle_affine_bound,0.1640625,0.1640625,0.0419921875,,,,ambiguous,,0.80078125,0.1640625,0.63671875,False,True,True
16qam-snr20-fg100-short,271,baseline_cma_mu0p03,0.73046875,0.73046875,0.236328125,,,,inner_ring_recoverable_collapse,1,0.73046875,0.01953125,0.7109375,False,True,True
16qam-snr20-fg100-short,271,correct_pooled_sqrt_rms,0.015625,0.015625,0.00390625,,1.671292761639779,1.671292761639779,inner_ring_recoverable_collapse,1,0.73046875,0.01953125,0.7109375,False,True,True
16qam-snr20-fg100-short,271,correct_per_pol_sqrt_rms,0.015625,0.015625,0.00390625,,1.671740964389566,1.671934163549647,inner_ring_recoverable_collapse,1,0.73046875,0.01953125,0.7109375,False,True,True
16qam-snr20-fg100-short,271,robust_scalar,0.015625,0.015625,0.00390625,,1.704440673424936,1.6888293535509165,inner_ring_recoverable_collapse,1,0.73046875,0.01953125,0.7109375,False,True,True
16qam-snr20-fg100-short,271,gated_scalar,0.015625,0.015625,0.00390625,scale,1.671740964389566,1.671934163549647,inner_ring_recoverable_collapse,1,0.73046875,0.01953125,0.7109375,False,True,True
16qam-snr20-fg100-short,271,M4_gated_policy,0.0703125,0.0703125,0.017578125,M2_quantile_transport,,,inner_ring_recoverable_collapse,1,0.73046875,0.01953125,0.7109375,False,True,True
16qam-snr20-fg100-short,271,D4_likelihood_gated_rde,0.73046875,0.73046875,0.236328125,,,,inner_ring_recoverable_collapse,1,0.73046875,0.01953125,0.7109375,False,True,True
16qam-snr20-fg100-short,271,oracle_affine_bound,0.01953125,0.01953125,0.0048828125,,,,inner_ring_recoverable_collapse,1,0.73046875,0.01953125,0.7109375,False,True,True
16qam-snr20-fg100-short,272,baseline_cma_mu0p03,0.7890625,0.7890625,0.2666015625,,,,ambiguous,,0.7890625,0.203125,0.5859375,False,True,True
16qam-snr20-fg100-short,272,correct_pooled_sqrt_rms,0.203125,0.203125,0.0537109375,,3.1657657825370586,3.1657657825370586,ambiguous,,0.7890625,0.203125,0.5859375,False,True,True
16qam-snr20-fg100-short,272,correct_per_pol_sqrt_rms,0.203125,0.203125,0.0537109375,,3.1848045750669574,3.1430755325466104,ambiguous,,0.7890625,0.203125,0.5859375,False,True,True
16qam-snr20-fg100-short,272,robust_scalar,0.20703125,0.20703125,0.0537109375,,3.290758409890609,3.3416654801058066,ambiguous,,0.7890625,0.203125,0.5859375,False,True,True
16qam-snr20-fg100-short,272,gated_scalar,0.203125,0.203125,0.0537109375,scale,3.1848045750669574,3.1430755325466104,ambiguous,,0.7890625,0.203125,0.5859375,False,True,True
16qam-snr20-fg100-short,272,M4_gated_policy,0.21875,0.21875,0.056640625,M2_quantile_transport,,,ambiguous,,0.7890625,0.203125,0.5859375,False,True,True
16qam-snr20-fg100-short,272,D4_likelihood_gated_rde,0.7890625,0.7890625,0.2666015625,,,,ambiguous,,0.7890625,0.203125,0.5859375,False,True,True
16qam-snr20-fg100-short,272,oracle_affine_bound,0.203125,0.203125,0.0556640625,,,,ambiguous,,0.7890625,0.203125,0.5859375,False,True,True
16qam-snr20-fg100-short,273,baseline_cma_mu0p03,0.0,0.0,0.0,,,,healthy,0,0.0,0.00390625,-0.00390625,False,True,True
16qam-snr20-fg100-short,273,correct_pooled_sqrt_rms,0.0,0.0,0.0,,0.8592017047719402,0.8592017047719402,healthy,0,0.0,0.00390625,-0.00390625,False,True,True
16qam-snr20-fg100-short,273,correct_per_pol_sqrt_rms,0.00390625,0.00390625,0.0009765625,,0.8783726894785832,0.839045214702126,healthy,0,0.0,0.00390625,-0.00390625,False,True,True
16qam-snr20-fg100-short,273,robust_scalar,0.00390625,0.00390625,0.0009765625,,0.8564232179461259,0.8299886962077371,healthy,0,0.0,0.00390625,-0.00390625,False,True,True
16qam-snr20-fg100-short,273,gated_scalar,0.0,0.0,0.0,identity,0.8783726894785832,0.839045214702126,healthy,0,0.0,0.00390625,-0.00390625,False,True,True
16qam-snr20-fg100-short,273,M4_gated_policy,0.0,0.0,0.0,identity,,,healthy,0,0.0,0.00390625,-0.00390625,False,True,True
16qam-snr20-fg100-short,273,D4_likelihood_gated_rde,0.0,0.0,0.0,,,,healthy,0,0.0,0.00390625,-0.00390625,False,True,True
16qam-snr20-fg100-short,273,oracle_affine_bound,0.00390625,0.00390625,0.0009765625,,,,healthy,0,0.0,0.00390625,-0.00390625,False,True,True
16qam-snr20-fg100-short,274,baseline_cma_mu0p03,0.79296875,0.79296875,0.2783203125,,,,ambiguous,,0.79296875,0.265625,0.52734375,False,True,True
16qam-snr20-fg100-short,274,correct_pooled_sqrt_rms,0.2734375,0.2734375,0.072265625,,3.533209698983495,3.533209698983495,ambiguous,,0.79296875,0.265625,0.52734375,False,True,True
16qam-snr20-fg100-short,274,correct_per_pol_sqrt_rms,0.27734375,0.27734375,0.0732421875,,3.4598122690335593,3.5909050544710275,ambiguous,,0.79296875,0.265625,0.52734375,False,True,True
16qam-snr20-fg100-short,274,robust_scalar,0.26953125,0.26953125,0.072265625,,3.447139341890869,3.723843914864955,ambiguous,,0.79296875,0.265625,0.52734375,False,True,True
16qam-snr20-fg100-short,274,gated_scalar,0.27734375,0.27734375,0.0732421875,scale,3.4598122690335593,3.5909050544710275,ambiguous,,0.79296875,0.265625,0.52734375,False,True,True
16qam-snr20-fg100-short,274,M4_gated_policy,0.28515625,0.28515625,0.076171875,M2_quantile_transport,,,ambiguous,,0.79296875,0.265625,0.52734375,False,True,True
16qam-snr20-fg100-short,274,D4_likelihood_gated_rde,0.79296875,0.79296875,0.2783203125,,,,ambiguous,,0.79296875,0.265625,0.52734375,False,True,True
16qam-snr20-fg100-short,274,oracle_affine_bound,0.265625,0.265625,0.0732421875,,,,ambiguous,,0.79296875,0.265625,0.52734375,False,True,True
16qam-snr20-fg100-short,275,baseline_cma_mu0p03,0.00390625,0.00390625,0.0009765625,,,,healthy,0,0.00390625,0.0,0.00390625,False,True,True
16qam-snr20-fg100-short,275,correct_pooled_sqrt_rms,0.00390625,0.00390625,0.0009765625,,1.2055700899313855,1.2055700899313855,healthy,0,0.00390625,0.0,0.00390625,False,True,True
16qam-snr20-fg100-short,275,correct_per_pol_sqrt_rms,0.00390625,0.00390625,0.0009765625,,1.2055170617883582,1.2050206216954513,healthy,0,0.00390625,0.0,0.00390625,False,True,True
16qam-snr20-fg100-short,275,robust_scalar,0.00390625,0.00390625,0.0009765625,,1.1748060826931719,1.2145724865334087,healthy,0,0.00390625,0.0,0.00390625,False,True,True
16qam-snr20-fg100-short,275,gated_scalar,0.00390625,0.00390625,0.0009765625,identity,1.2055170617883582,1.2050206216954513,healthy,0,0.00390625,0.0,0.00390625,False,True,True
16qam-snr20-fg100-short,275,M4_gated_policy,0.00390625,0.00390625,0.0009765625,identity,,,healthy,0,0.00390625,0.0,0.00390625,False,True,True
16qam-snr20-fg100-short,275,D4_likelihood_gated_rde,0.00390625,0.00390625,0.0009765625,,,,healthy,0,0.00390625,0.0,0.00390625,False,True,True
16qam-snr20-fg100-short,275,oracle_affine_bound,0.0,0.0,0.0,,,,healthy,0,0.00390625,0.0,0.00390625,False,True,True
16qam-snr20-fg100-short,276,baseline_cma_mu0p03,0.78515625,0.78515625,0.2685546875,,,,inner_ring_recoverable_collapse,1,0.78515625,0.08203125,0.703125,False,True,True
16qam-snr20-fg100-short,276,correct_pooled_sqrt_rms,0.08203125,0.08203125,0.0205078125,,2.3891081426441034,2.3891081426441034,inner_ring_recoverable_collapse,1,0.78515625,0.08203125,0.703125,False,True,True
16qam-snr20-fg100-short,276,correct_per_pol_sqrt_rms,0.09375,0.09375,0.0234375,,2.4618041213047133,2.3185011566924696,inner_ring_recoverable_collapse,1,0.78515625,0.08203125,0.703125,False,True,True
16qam-snr20-fg100-short,276,robust_scalar,0.1015625,0.1015625,0.025390625,,2.5158026825937103,2.2324125814924227,inner_ring_recoverable_collapse,1,0.78515625,0.08203125,0.703125,False,True,True
16qam-snr20-fg100-short,276,gated_scalar,0.09375,0.09375,0.0234375,scale,2.4618041213047133,2.3185011566924696,inner_ring_recoverable_collapse,1,0.78515625,0.08203125,0.703125,False,True,True
16qam-snr20-fg100-short,276,M4_gated_policy,0.109375,0.109375,0.02734375,M2_quantile_transport,,,inner_ring_recoverable_collapse,1,0.78515625,0.08203125,0.703125,False,True,True
16qam-snr20-fg100-short,276,D4_likelihood_gated_rde,0.78515625,0.78515625,0.2685546875,,,,inner_ring_recoverable_collapse,1,0.78515625,0.08203125,0.703125,False,True,True
16qam-snr20-fg100-short,276,oracle_affine_bound,0.08203125,0.08203125,0.0205078125,,,,inner_ring_recoverable_collapse,1,0.78515625,0.08203125,0.703125,False,True,True
16qam-snr20-fg100-short,277,baseline_cma_mu0p03,0.0,0.0,0.0,,,,healthy,0,0.0,0.0,0.0,False,True,True
16qam-snr20-fg100-short,277,correct_pooled_sqrt_rms,0.0,0.0,0.0,,1.0384477313157257,1.0384477313157257,healthy,0,0.0,0.0,0.0,False,True,True
16qam-snr20-fg100-short,277,correct_per_pol_sqrt_rms,0.0,0.0,0.0,,1.0551244812406628,1.0219829942799445,healthy,0,0.0,0.0,0.0,False,True,True
16qam-snr20-fg100-short,277,robust_scalar,0.0,0.0,0.0,,1.0456469877631005,1.0048691838548798,healthy,0,0.0,0.0,0.0,False,True,True
16qam-snr20-fg100-short,277,gated_scalar,0.0,0.0,0.0,identity,1.0551244812406628,1.0219829942799445,healthy,0,0.0,0.0,0.0,False,True,True
16qam-snr20-fg100-short,277,M4_gated_policy,0.0,0.0,0.0,identity,,,healthy,0,0.0,0.0,0.0,False,True,True
16qam-snr20-fg100-short,277,D4_likelihood_gated_rde,0.0,0.0,0.0,,,,healthy,0,0.0,0.0,0.0,False,True,True
16qam-snr20-fg100-short,277,oracle_affine_bound,0.0,0.0,0.0,,,,healthy,0,0.0,0.0,0.0,False,True,True
16qam-snr20-fg100-short,278,baseline_cma_mu0p03,0.77734375,0.77734375,0.267578125,,,,ambiguous,,0.77734375,0.171875,0.60546875,False,True,True
16qam-snr20-fg100-short,278,correct_pooled_sqrt_rms,0.16796875,0.16796875,0.0419921875,,2.634161055769757,2.634161055769757,ambiguous,,0.77734375,0.171875,0.60546875,False,True,True
16qam-snr20-fg100-short,278,correct_per_pol_sqrt_rms,0.16796875,0.16796875,0.0419921875,,2.580110829751416,2.6809021323324833,ambiguous,,0.77734375,0.171875,0.60546875,False,True,True
16qam-snr20-fg100-short,278,robust_scalar,0.17578125,0.17578125,0.0439453125,,2.552544587118447,2.6528719375732033,ambiguous,,0.77734375,0.171875,0.60546875,False,True,True
16qam-snr20-fg100-short,278,gated_scalar,0.16796875,0.16796875,0.0419921875,scale,2.580110829751416,2.6809021323324833,ambiguous,,0.77734375,0.171875,0.60546875,False,True,True
16qam-snr20-fg100-short,278,M4_gated_policy,0.171875,0.171875,0.04296875,M2_quantile_transport,,,ambiguous,,0.77734375,0.171875,0.60546875,False,True,True
16qam-snr20-fg100-short,278,D4_likelihood_gated_rde,0.77734375,0.77734375,0.267578125,,,,ambiguous,,0.77734375,0.171875,0.60546875,False,True,True
16qam-snr20-fg100-short,278,oracle_affine_bound,0.171875,0.171875,0.04296875,,,,ambiguous,,0.77734375,0.171875,0.60546875,False,True,True
16qam-snr20-fg100-short,279,baseline_cma_mu0p03,0.0,0.0,0.0,,,,healthy,0,0.0,0.0,0.0,False,True,True
16qam-snr20-fg100-short,279,correct_pooled_sqrt_rms,0.0,0.0,0.0,,1.0682711971192498,1.0682711971192498,healthy,0,0.0,0.0,0.0,False,True,True
16qam-snr20-fg100-short,279,correct_per_pol_sqrt_rms,0.0,0.0,0.0,,1.0553702427034677,1.0815131300769756,healthy,0,0.0,0.0,0.0,False,True,True
16qam-snr20-fg100-short,279,robust_scalar,0.0,0.0,0.0,,1.0428186187701107,1.0637469530352095,healthy,0,0.0,0.0,0.0,False,True,True
16qam-snr20-fg100-short,279,gated_scalar,0.0,0.0,0.0,identity,1.0553702427034677,1.0815131300769756,healthy,0,0.0,0.0,0.0,False,True,True
16qam-snr20-fg100-short,279,M4_gated_policy,0.0,0.0,0.0,identity,,,healthy,0,0.0,0.0,0.0,False,True,True
16qam-snr20-fg100-short,279,D4_likelihood_gated_rde,0.0,0.0,0.0,,,,healthy,0,0.0,0.0,0.0,False,True,True
16qam-snr20-fg100-short,279,oracle_affine_bound,0.0,0.0,0.0,,,,healthy,0,0.0,0.0,0.0,False,True,True
16qam-snr20-fg100-short,280,baseline_cma_mu0p03,0.82421875,0.82421875,0.3173828125,,,,awgn_dominated_error,,0.82421875,0.87890625,-0.0546875,False,True,True
16qam-snr20-fg100-short,280,correct_pooled_sqrt_rms,0.796875,0.796875,0.3134765625,,1.0533399338836826,1.0533399338836826,awgn_dominated_error,,0.82421875,0.87890625,-0.0546875,False,True,True
16qam-snr20-fg100-short,280,correct_per_pol_sqrt_rms,0.80078125,0.80078125,0.314453125,,1.0515788056351447,1.050785006326349,awgn_dominated_error,,0.82421875,0.87890625,-0.0546875,False,True,True
16qam-snr20-fg100-short,280,robust_scalar,0.78515625,0.78515625,0.3115234375,,1.2050078582846224,1.137722267564612,awgn_dominated_error,,0.82421875,0.87890625,-0.0546875,False,True,True
16qam-snr20-fg100-short,280,gated_scalar,0.82421875,0.82421875,0.3173828125,identity,1.0515788056351447,1.050785006326349,awgn_dominated_error,,0.82421875,0.87890625,-0.0546875,False,True,True
16qam-snr20-fg100-short,280,M4_gated_policy,0.82421875,0.82421875,0.3173828125,identity,,,awgn_dominated_error,,0.82421875,0.87890625,-0.0546875,False,True,True
16qam-snr20-fg100-short,280,D4_likelihood_gated_rde,0.82421875,0.82421875,0.3173828125,,,,awgn_dominated_error,,0.82421875,0.87890625,-0.0546875,False,True,True
16qam-snr20-fg100-short,280,oracle_affine_bound,0.87890625,0.87890625,0.341796875,,,,awgn_dominated_error,,0.82421875,0.87890625,-0.0546875,False,True,True
16qam-snr10-fg100-long,261,baseline_cma_mu0p03,0.66796875,0.66796875,0.2216796875,,,,ambiguous,,0.66796875,0.66015625,0.0078125,False,True,True
16qam-snr10-fg100-long,261,correct_pooled_sqrt_rms,0.58203125,0.58203125,0.1845703125,,1.4904946364341458,1.4904946364341458,ambiguous,,0.66796875,0.66015625,0.0078125,False,True,True
16qam-snr10-fg100-long,261,correct_per_pol_sqrt_rms,0.57421875,0.57421875,0.18359375,,1.505155736295792,1.4732464892011794,ambiguous,,0.66796875,0.66015625,0.0078125,False,True,True
16qam-snr10-fg100-long,261,robust_scalar,0.58203125,0.58203125,0.185546875,,1.5909587553412714,1.518321106117653,ambiguous,,0.66796875,0.66015625,0.0078125,False,True,True
16qam-snr10-fg100-long,261,gated_scalar,0.57421875,0.57421875,0.18359375,scale,1.505155736295792,1.4732464892011794,ambiguous,,0.66796875,0.66015625,0.0078125,False,True,True
16qam-snr10-fg100-long,261,M4_gated_policy,0.58203125,0.58203125,0.1806640625,M2_quantile_transport,,,ambiguous,,0.66796875,0.66015625,0.0078125,False,True,True
16qam-snr10-fg100-long,261,D4_likelihood_gated_rde,0.66796875,0.66796875,0.2216796875,,,,ambiguous,,0.66796875,0.66015625,0.0078125,False,True,True
16qam-snr10-fg100-long,261,oracle_affine_bound,0.66015625,0.66015625,0.2099609375,,,,ambiguous,,0.66796875,0.66015625,0.0078125,False,True,True
16qam-snr10-fg100-long,262,baseline_cma_mu0p03,0.21875,0.21875,0.0595703125,,,,awgn_dominated_error,,0.21875,0.265625,-0.046875,False,True,True
16qam-snr10-fg100-long,262,correct_pooled_sqrt_rms,0.2265625,0.2265625,0.0625,,1.0747154898496925,1.0747154898496925,awgn_dominated_error,,0.21875,0.265625,-0.046875,False,True,True
16qam-snr10-fg100-long,262,correct_per_pol_sqrt_rms,0.2265625,0.2265625,0.0615234375,,1.038317046653506,1.1087268046792207,awgn_dominated_error,,0.21875,0.265625,-0.046875,False,True,True
16qam-snr10-fg100-long,262,robust_scalar,0.2421875,0.2421875,0.0654296875,,1.0344303123721392,1.1316139369846188,awgn_dominated_error,,0.21875,0.265625,-0.046875,False,True,True
16qam-snr10-fg100-long,262,gated_scalar,0.21875,0.21875,0.0595703125,identity,1.038317046653506,1.1087268046792207,awgn_dominated_error,,0.21875,0.265625,-0.046875,False,True,True
16qam-snr10-fg100-long,262,M4_gated_policy,0.21875,0.21875,0.0595703125,identity,,,awgn_dominated_error,,0.21875,0.265625,-0.046875,False,True,True
16qam-snr10-fg100-long,262,D4_likelihood_gated_rde,0.21875,0.21875,0.0595703125,,,,awgn_dominated_error,,0.21875,0.265625,-0.046875,False,True,True
16qam-snr10-fg100-long,262,oracle_affine_bound,0.265625,0.265625,0.0732421875,,,,awgn_dominated_error,,0.21875,0.265625,-0.046875,False,True,True
16qam-snr10-fg100-long,263,baseline_cma_mu0p03,0.8046875,0.8046875,0.302734375,,,,ambiguous,,0.8046875,0.7265625,0.078125,False,True,True
16qam-snr10-fg100-long,263,correct_pooled_sqrt_rms,0.71484375,0.71484375,0.26171875,,1.9767995675153625,1.9767995675153625,ambiguous,,0.8046875,0.7265625,0.078125,False,True,True
16qam-snr10-fg100-long,263,correct_per_pol_sqrt_rms,0.7265625,0.7265625,0.2646484375,,1.9218837839155911,2.026111487251833,ambiguous,,0.8046875,0.7265625,0.078125,False,True,True
16qam-snr10-fg100-long,263,robust_scalar,0.71875,0.71875,0.2666015625,,2.011397006418229,2.199484531987259,ambiguous,,0.8046875,0.7265625,0.078125,False,True,True
16qam-snr10-fg100-long,263,gated_scalar,0.7265625,0.7265625,0.2646484375,scale,1.9218837839155911,2.026111487251833,ambiguous,,0.8046875,0.7265625,0.078125,False,True,True
16qam-snr10-fg100-long,263,M4_gated_policy,0.71875,0.71875,0.2587890625,M2_quantile_transport,,,ambiguous,,0.8046875,0.7265625,0.078125,False,True,True
16qam-snr10-fg100-long,263,D4_likelihood_gated_rde,0.8046875,0.8046875,0.302734375,,,,ambiguous,,0.8046875,0.7265625,0.078125,False,True,True
16qam-snr10-fg100-long,263,oracle_affine_bound,0.7265625,0.7265625,0.28125,,,,ambiguous,,0.8046875,0.7265625,0.078125,False,True,True
16qam-snr10-fg100-long,264,baseline_cma_mu0p03,0.8046875,0.8046875,0.3046875,,,,ambiguous,,0.8046875,0.74609375,0.05859375,False,True,True
16qam-snr10-fg100-long,264,correct_pooled_sqrt_rms,0.71484375,0.71484375,0.2685546875,,1.7946064304033271,1.7946064304033271,ambiguous,,0.8046875,0.74609375,0.05859375,False,True,True
16qam-snr10-fg100-long,264,correct_per_pol_sqrt_rms,0.71484375,0.71484375,0.2685546875,,1.8411666487042626,1.743169332843097,ambiguous,,0.8046875,0.74609375,0.05859375,False,True,True
16qam-snr10-fg100-long,264,robust_scalar,0.70703125,0.70703125,0.267578125,,2.009133042430699,1.818849265991753,ambiguous,,0.8046875,0.74609375,0.05859375,False,True,True
16qam-snr10-fg100-long,264,gated_scalar,0.71484375,0.71484375,0.2685546875,scale,1.8411666487042626,1.743169332843097,ambiguous,,0.8046875,0.74609375,0.05859375,False,True,True
16qam-snr10-fg100-long,264,M4_gated_policy,0.72265625,0.72265625,0.26953125,M2_quantile_transport,,,ambiguous,,0.8046875,0.74609375,0.05859375,False,True,True
16qam-snr10-fg100-long,264,D4_likelihood_gated_rde,0.8046875,0.8046875,0.3046875,,,,ambiguous,,0.8046875,0.74609375,0.05859375,False,True,True
16qam-snr10-fg100-long,264,oracle_affine_bound,0.74609375,0.74609375,0.275390625,,,,ambiguous,,0.8046875,0.74609375,0.05859375,False,True,True
16qam-snr10-fg100-long,265,baseline_cma_mu0p03,0.59375,0.59375,0.1796875,,,,ambiguous,,0.59375,0.57421875,0.01953125,False,True,True
16qam-snr10-fg100-long,265,correct_pooled_sqrt_rms,0.515625,0.515625,0.158203125,,1.2846354645422298,1.2846354645422298,ambiguous,,0.59375,0.57421875,0.01953125,False,True,True
16qam-snr10-fg100-long,265,correct_per_pol_sqrt_rms,0.51953125,0.51953125,0.1591796875,,1.2998629141101823,1.2599213924913204,ambiguous,,0.59375,0.57421875,0.01953125,False,True,True
16qam-snr10-fg100-long,265,robust_scalar,0.4921875,0.4921875,0.15625,,1.3876428176921987,1.2933355502456216,ambiguous,,0.59375,0.57421875,0.01953125,False,True,True
16qam-snr10-fg100-long,265,gated_scalar,0.59375,0.59375,0.1796875,identity,1.2998629141101823,1.2599213924913204,ambiguous,,0.59375,0.57421875,0.01953125,False,True,True
16qam-snr10-fg100-long,265,M4_gated_policy,0.59375,0.59375,0.1796875,identity,,,ambiguous,,0.59375,0.57421875,0.01953125,False,True,True
16qam-snr10-fg100-long,265,D4_likelihood_gated_rde,0.59375,0.59375,0.1796875,,,,ambiguous,,0.59375,0.57421875,0.01953125,False,True,True
16qam-snr10-fg100-long,265,oracle_affine_bound,0.57421875,0.57421875,0.1689453125,,,,ambiguous,,0.59375,0.57421875,0.01953125,False,True,True
16qam-snr10-fg100-long,266,baseline_cma_mu0p03,0.734375,0.734375,0.2392578125,,,,ambiguous,,0.734375,0.66796875,0.06640625,False,True,True
16qam-snr10-fg100-long,266,correct_pooled_sqrt_rms,0.62890625,0.62890625,0.1982421875,,1.4924976446371025,1.4924976446371025,ambiguous,,0.734375,0.66796875,0.06640625,False,True,True
16qam-snr10-fg100-long,266,correct_per_pol_sqrt_rms,0.6328125,0.6328125,0.2001953125,,1.5549658929828312,1.432665955447424,ambiguous,,0.734375,0.66796875,0.06640625,False,True,True
16qam-snr10-fg100-long,266,robust_scalar,0.62109375,0.62109375,0.1943359375,,1.7497138811780057,1.4491403666483593,ambiguous,,0.734375,0.66796875,0.06640625,False,True,True
16qam-snr10-fg100-long,266,gated_scalar,0.6328125,0.6328125,0.2001953125,scale,1.5549658929828312,1.432665955447424,ambiguous,,0.734375,0.66796875,0.06640625,False,True,True
16qam-snr10-fg100-long,266,M4_gated_policy,0.6484375,0.6484375,0.2021484375,M2_quantile_transport,,,ambiguous,,0.734375,0.66796875,0.06640625,False,True,True
16qam-snr10-fg100-long,266,D4_likelihood_gated_rde,0.734375,0.734375,0.2392578125,,,,ambiguous,,0.734375,0.66796875,0.06640625,False,True,True
16qam-snr10-fg100-long,266,oracle_affine_bound,0.66796875,0.66796875,0.21484375,,,,ambiguous,,0.734375,0.66796875,0.06640625,False,True,True
16qam-snr10-fg100-long,267,baseline_cma_mu0p03,0.48828125,0.48828125,0.14453125,,,,awgn_dominated_error,,0.48828125,0.484375,0.00390625,False,True,True
16qam-snr10-fg100-long,267,correct_pooled_sqrt_rms,0.4453125,0.4453125,0.1298828125,,1.1906152234823113,1.1906152234823113,awgn_dominated_error,,0.48828125,0.484375,0.00390625,False,True,True
16qam-snr10-fg100-long,267,correct_per_pol_sqrt_rms,0.44921875,0.44921875,0.12890625,,1.162203596435287,1.218700116894301,awgn_dominated_error,,0.48828125,0.484375,0.00390625,False,True,True
16qam-snr10-fg100-long,267,robust_scalar,0.43359375,0.43359375,0.125,,1.1891269076229785,1.2559922154828391,awgn_dominated_error,,0.48828125,0.484375,0.00390625,False,True,True
16qam-snr10-fg100-long,267,gated_scalar,0.48828125,0.48828125,0.14453125,identity,1.162203596435287,1.218700116894301,awgn_dominated_error,,0.48828125,0.484375,0.00390625,False,True,True
16qam-snr10-fg100-long,267,M4_gated_policy,0.48828125,0.48828125,0.14453125,identity,,,awgn_dominated_error,,0.48828125,0.484375,0.00390625,False,True,True
16qam-snr10-fg100-long,267,D4_likelihood_gated_rde,0.48828125,0.48828125,0.14453125,,,,awgn_dominated_error,,0.48828125,0.484375,0.00390625,False,True,True
16qam-snr10-fg100-long,267,oracle_affine_bound,0.484375,0.484375,0.1435546875,,,,awgn_dominated_error,,0.48828125,0.484375,0.00390625,False,True,True
16qam-snr10-fg100-long,268,baseline_cma_mu0p03,0.23828125,0.23828125,0.06640625,,,,awgn_dominated_error,,0.23828125,0.234375,0.00390625,False,True,True
16qam-snr10-fg100-long,268,correct_pooled_sqrt_rms,0.23046875,0.23046875,0.0634765625,,1.0336503463559088,1.0336503463559088,awgn_dominated_error,,0.23828125,0.234375,0.00390625,False,True,True
16qam-snr10-fg100-long,268,correct_per_pol_sqrt_rms,0.22265625,0.22265625,0.0625,,1.0676117917372598,1.0011420859642919,awgn_dominated_error,,0.23828125,0.234375,0.00390625,False,True,True
16qam-snr10-fg100-long,268,robust_scalar,0.234375,0.234375,0.0654296875,,1.1005877164585949,0.9998192448830444,awgn_dominated_error,,0.23828125,0.234375,0.00390625,False,True,True
16qam-snr10-fg100-long,268,gated_scalar,0.23828125,0.23828125,0.06640625,identity,1.0676117917372598,1.0011420859642919,awgn_dominated_error,,0.23828125,0.234375,0.00390625,False,True,True
16qam-snr10-fg100-long,268,M4_gated_policy,0.23828125,0.23828125,0.06640625,identity,,,awgn_dominated_error,,0.23828125,0.234375,0.00390625,False,True,True
16qam-snr10-fg100-long,268,D4_likelihood_gated_rde,0.23828125,0.23828125,0.06640625,,,,awgn_dominated_error,,0.23828125,0.234375,0.00390625,False,True,True
16qam-snr10-fg100-long,268,oracle_affine_bound,0.234375,0.234375,0.06640625,,,,awgn_dominated_error,,0.23828125,0.234375,0.00390625,False,True,True
16qam-snr10-fg100-long,269,baseline_cma_mu0p03,0.765625,0.765625,0.26953125,,,,ambiguous,,0.765625,0.71875,0.046875,False,True,True
16qam-snr10-fg100-long,269,correct_pooled_sqrt_rms,0.68359375,0.68359375,0.2421875,,1.6384567030027377,1.6384567030027377,ambiguous,,0.765625,0.71875,0.046875,False,True,True
16qam-snr10-fg100-long,269,correct_per_pol_sqrt_rms,0.6953125,0.6953125,0.2490234375,,1.7599494889806033,1.5302205802845028,ambiguous,,0.765625,0.71875,0.046875,False,True,True
16qam-snr10-fg100-long,269,robust_scalar,0.68359375,0.68359375,0.240234375,,1.903723786581824,1.6722136909249863,ambiguous,,0.765625,0.71875,0.046875,False,True,True
16qam-snr10-fg100-long,269,gated_scalar,0.6953125,0.6953125,0.2490234375,scale,1.7599494889806033,1.5302205802845028,ambiguous,,0.765625,0.71875,0.046875,False,True,True
16qam-snr10-fg100-long,269,M4_gated_policy,0.69140625,0.69140625,0.2431640625,M2_quantile_transport,,,ambiguous,,0.765625,0.71875,0.046875,False,True,True
16qam-snr10-fg100-long,269,D4_likelihood_gated_rde,0.765625,0.765625,0.26953125,,,,ambiguous,,0.765625,0.71875,0.046875,False,True,True
16qam-snr10-fg100-long,269,oracle_affine_bound,0.71875,0.71875,0.24609375,,,,ambiguous,,0.765625,0.71875,0.046875,False,True,True
16qam-snr10-fg100-long,270,baseline_cma_mu0p03,0.13671875,0.13671875,0.0361328125,,,,awgn_dominated_error,,0.13671875,0.16796875,-0.03125,False,True,True
16qam-snr10-fg100-long,270,correct_pooled_sqrt_rms,0.12109375,0.12109375,0.03125,,1.0312093555992783,1.0312093555992783,awgn_dominated_error,,0.13671875,0.16796875,-0.03125,False,True,True
16qam-snr10-fg100-long,270,correct_per_pol_sqrt_rms,0.11328125,0.11328125,0.0302734375,,1.020700200383709,1.0395178100464721,awgn_dominated_error,,0.13671875,0.16796875,-0.03125,False,True,True
16qam-snr10-fg100-long,270,robust_scalar,0.11328125,0.11328125,0.0302734375,,1.023874695868555,1.0695845712255225,awgn_dominated_error,,0.13671875,0.16796875,-0.03125,False,True,True
16qam-snr10-fg100-long,270,gated_scalar,0.13671875,0.13671875,0.0361328125,identity,1.020700200383709,1.0395178100464721,awgn_dominated_error,,0.13671875,0.16796875,-0.03125,False,True,True
16qam-snr10-fg100-long,270,M4_gated_policy,0.13671875,0.13671875,0.0361328125,identity,,,awgn_dominated_error,,0.13671875,0.16796875,-0.03125,False,True,True
16qam-snr10-fg100-long,270,D4_likelihood_gated_rde,0.13671875,0.13671875,0.0361328125,,,,awgn_dominated_error,,0.13671875,0.16796875,-0.03125,False,True,True
16qam-snr10-fg100-long,270,oracle_affine_bound,0.16796875,0.16796875,0.044921875,,,,awgn_dominated_error,,0.13671875,0.16796875,-0.03125,False,True,True
16qam-snr10-fg100-long,271,baseline_cma_mu0p03,0.63671875,0.63671875,0.1904296875,,,,ambiguous,,0.63671875,0.609375,0.02734375,False,True,True
16qam-snr10-fg100-long,271,correct_pooled_sqrt_rms,0.5703125,0.5703125,0.169921875,,1.4323035732011433,1.4323035732011433,ambiguous,,0.63671875,0.609375,0.02734375,False,True,True
16qam-snr10-fg100-long,271,correct_per_pol_sqrt_rms,0.55859375,0.55859375,0.166015625,,1.4081483785759734,1.454298806938581,ambiguous,,0.63671875,0.609375,0.02734375,False,True,True
16qam-snr10-fg100-long,271,robust_scalar,0.5703125,0.5703125,0.169921875,,1.4679341970759343,1.5738149454948154,ambiguous,,0.63671875,0.609375,0.02734375,False,True,True
16qam-snr10-fg100-long,271,gated_scalar,0.55859375,0.55859375,0.166015625,scale,1.4081483785759734,1.454298806938581,ambiguous,,0.63671875,0.609375,0.02734375,False,True,True
16qam-snr10-fg100-long,271,M4_gated_policy,0.56640625,0.56640625,0.1689453125,M2_quantile_transport,,,ambiguous,,0.63671875,0.609375,0.02734375,False,True,True
16qam-snr10-fg100-long,271,D4_likelihood_gated_rde,0.63671875,0.63671875,0.1904296875,,,,ambiguous,,0.63671875,0.609375,0.02734375,False,True,True
16qam-snr10-fg100-long,271,oracle_affine_bound,0.609375,0.609375,0.181640625,,,,ambiguous,,0.63671875,0.609375,0.02734375,False,True,True
16qam-snr10-fg100-long,272,baseline_cma_mu0p03,0.546875,0.546875,0.16796875,,,,ambiguous,,0.546875,0.53515625,0.01171875,False,True,True
16qam-snr10-fg100-long,272,correct_pooled_sqrt_rms,0.53125,0.53125,0.1572265625,,1.2188740038799546,1.2188740038799546,ambiguous,,0.546875,0.53515625,0.01171875,False,True,True
16qam-snr10-fg100-long,272,correct_per_pol_sqrt_rms,0.5390625,0.5390625,0.16015625,,1.1901068359286595,1.2401111856971072,ambiguous,,0.546875,0.53515625,0.01171875,False,True,True
16qam-snr10-fg100-long,272,robust_scalar,0.515625,0.515625,0.1572265625,,1.2603663101011067,1.316420526006562,ambiguous,,0.546875,0.53515625,0.01171875,False,True,True
16qam-snr10-fg100-long,272,gated_scalar,0.546875,0.546875,0.16796875,identity,1.1901068359286595,1.2401111856971072,ambiguous,,0.546875,0.53515625,0.01171875,False,True,True
16qam-snr10-fg100-long,272,M4_gated_policy,0.546875,0.546875,0.16796875,identity,,,ambiguous,,0.546875,0.53515625,0.01171875,False,True,True
16qam-snr10-fg100-long,272,D4_likelihood_gated_rde,0.546875,0.546875,0.16796875,,,,ambiguous,,0.546875,0.53515625,0.01171875,False,True,True
16qam-snr10-fg100-long,272,oracle_affine_bound,0.53515625,0.53515625,0.1630859375,,,,ambiguous,,0.546875,0.53515625,0.01171875,False,True,True
16qam-snr10-fg100-long,273,baseline_cma_mu0p03,0.30078125,0.30078125,0.080078125,,,,awgn_dominated_error,,0.30078125,0.296875,0.00390625,False,True,True
16qam-snr10-fg100-long,273,correct_pooled_sqrt_rms,0.3046875,0.3046875,0.080078125,,1.0942905059359522,1.0942905059359522,awgn_dominated_error,,0.30078125,0.296875,0.00390625,False,True,True
16qam-snr10-fg100-long,273,correct_per_pol_sqrt_rms,0.3046875,0.3046875,0.080078125,,1.1001629013813854,1.087312726132611,awgn_dominated_error,,0.30078125,0.296875,0.00390625,False,True,True
16qam-snr10-fg100-long,273,robust_scalar,0.3046875,0.3046875,0.0791015625,,1.1206636866968753,1.0671693981613208,awgn_dominated_error,,0.30078125,0.296875,0.00390625,False,True,True
16qam-snr10-fg100-long,273,gated_scalar,0.30078125,0.30078125,0.080078125,identity,1.1001629013813854,1.087312726132611,awgn_dominated_error,,0.30078125,0.296875,0.00390625,False,True,True
16qam-snr10-fg100-long,273,M4_gated_policy,0.30078125,0.30078125,0.080078125,identity,,,awgn_dominated_error,,0.30078125,0.296875,0.00390625,False,True,True
16qam-snr10-fg100-long,273,D4_likelihood_gated_rde,0.30078125,0.30078125,0.080078125,,,,awgn_dominated_error,,0.30078125,0.296875,0.00390625,False,True,True
16qam-snr10-fg100-long,273,oracle_affine_bound,0.296875,0.296875,0.08203125,,,,awgn_dominated_error,,0.30078125,0.296875,0.00390625,False,True,True
16qam-snr10-fg100-long,274,baseline_cma_mu0p03,0.70703125,0.70703125,0.234375,,,,ambiguous,,0.70703125,0.640625,0.06640625,False,True,True
16qam-snr10-fg100-long,274,correct_pooled_sqrt_rms,0.61328125,0.61328125,0.19921875,,1.5298830987061318,1.5298830987061318,ambiguous,,0.70703125,0.640625,0.06640625,False,True,True
16qam-snr10-fg100-long,274,correct_per_pol_sqrt_rms,0.62109375,0.62109375,0.203125,,1.5678300943300616,1.4864945364678461,ambiguous,,0.70703125,0.640625,0.06640625,False,True,True
16qam-snr10-fg100-long,274,robust_scalar,0.59765625,0.59765625,0.1953125,,1.681273536028052,1.5664454304591693,ambiguous,,0.70703125,0.640625,0.06640625,False,True,True
16qam-snr10-fg100-long,274,gated_scalar,0.62109375,0.62109375,0.203125,scale,1.5678300943300616,1.4864945364678461,ambiguous,,0.70703125,0.640625,0.06640625,False,True,True
16qam-snr10-fg100-long,274,M4_gated_policy,0.59375,0.59375,0.1943359375,M2_quantile_transport,,,ambiguous,,0.70703125,0.640625,0.06640625,False,True,True
16qam-snr10-fg100-long,274,D4_likelihood_gated_rde,0.70703125,0.70703125,0.234375,,,,ambiguous,,0.70703125,0.640625,0.06640625,False,True,True
16qam-snr10-fg100-long,274,oracle_affine_bound,0.640625,0.640625,0.2138671875,,,,ambiguous,,0.70703125,0.640625,0.06640625,False,True,True
16qam-snr10-fg100-long,275,baseline_cma_mu0p03,0.8203125,0.8203125,0.302734375,,,,ambiguous,,0.8203125,0.78515625,0.03515625,False,True,True
16qam-snr10-fg100-long,275,correct_pooled_sqrt_rms,0.703125,0.703125,0.259765625,,2.045892531266137,2.045892531266137,ambiguous,,0.8203125,0.78515625,0.03515625,False,True,True
16qam-snr10-fg100-long,275,correct_per_pol_sqrt_rms,0.70703125,0.70703125,0.2587890625,,2.000326848768278,2.082147318182901,ambiguous,,0.8203125,0.78515625,0.03515625,False,True,True
16qam-snr10-fg100-long,275,robust_scalar,0.6953125,0.6953125,0.2646484375,,2.2224401064658394,2.403405528347072,ambiguous,,0.8203125,0.78515625,0.03515625,False,True,True
16qam-snr10-fg100-long,275,gated_scalar,0.70703125,0.70703125,0.2587890625,scale,2.000326848768278,2.082147318182901,ambiguous,,0.8203125,0.78515625,0.03515625,False,True,True
16qam-snr10-fg100-long,275,M4_gated_policy,0.72265625,0.72265625,0.259765625,M2_quantile_transport,,,ambiguous,,0.8203125,0.78515625,0.03515625,False,True,True
16qam-snr10-fg100-long,275,D4_likelihood_gated_rde,0.8203125,0.8203125,0.302734375,,,,ambiguous,,0.8203125,0.78515625,0.03515625,False,True,True
16qam-snr10-fg100-long,275,oracle_affine_bound,0.78515625,0.78515625,0.2900390625,,,,ambiguous,,0.8203125,0.78515625,0.03515625,False,True,True
16qam-snr10-fg100-long,276,baseline_cma_mu0p03,0.8125,0.8125,0.2900390625,,,,ambiguous,,0.8125,0.7734375,0.0390625,False,True,True
16qam-snr10-fg100-long,276,correct_pooled_sqrt_rms,0.73828125,0.73828125,0.2578125,,1.8158519409028722,1.8158519409028722,ambiguous,,0.8125,0.7734375,0.0390625,False,True,True
16qam-snr10-fg100-long,276,correct_per_pol_sqrt_rms,0.734375,0.734375,0.2568359375,,1.8312422666602746,1.7953719292024044,ambiguous,,0.8125,0.7734375,0.0390625,False,True,True
16qam-snr10-fg100-long,276,robust_scalar,0.7421875,0.7421875,0.2529296875,,1.9476481830564438,2.047081030393361,ambiguous,,0.8125,0.7734375,0.0390625,False,True,True
16qam-snr10-fg100-long,276,gated_scalar,0.734375,0.734375,0.2568359375,scale,1.8312422666602746,1.7953719292024044,ambiguous,,0.8125,0.7734375,0.0390625,False,True,True
16qam-snr10-fg100-long,276,M4_gated_policy,0.7265625,0.7265625,0.251953125,M2_quantile_transport,,,ambiguous,,0.8125,0.7734375,0.0390625,False,True,True
16qam-snr10-fg100-long,276,D4_likelihood_gated_rde,0.8125,0.8125,0.2900390625,,,,ambiguous,,0.8125,0.7734375,0.0390625,False,True,True
16qam-snr10-fg100-long,276,oracle_affine_bound,0.7734375,0.7734375,0.2802734375,,,,ambiguous,,0.8125,0.7734375,0.0390625,False,True,True
16qam-snr10-fg100-long,277,baseline_cma_mu0p03,0.14453125,0.14453125,0.0390625,,,,awgn_dominated_error,,0.14453125,0.1484375,-0.00390625,False,True,True
16qam-snr10-fg100-long,277,correct_pooled_sqrt_rms,0.125,0.125,0.03125,,1.072414617313194,1.072414617313194,awgn_dominated_error,,0.14453125,0.1484375,-0.00390625,False,True,True
16qam-snr10-fg100-long,277,correct_per_pol_sqrt_rms,0.12109375,0.12109375,0.0302734375,,1.0619506766397069,1.0825143523552208,awgn_dominated_error,,0.14453125,0.1484375,-0.00390625,False,True,True
16qam-snr10-fg100-long,277,robust_scalar,0.12890625,0.12890625,0.0322265625,,1.0601805219418763,1.1020538502945212,awgn_dominated_error,,0.14453125,0.1484375,-0.00390625,False,True,True
16qam-snr10-fg100-long,277,gated_scalar,0.14453125,0.14453125,0.0390625,identity,1.0619506766397069,1.0825143523552208,awgn_dominated_error,,0.14453125,0.1484375,-0.00390625,False,True,True
16qam-snr10-fg100-long,277,M4_gated_policy,0.14453125,0.14453125,0.0390625,identity,,,awgn_dominated_error,,0.14453125,0.1484375,-0.00390625,False,True,True
16qam-snr10-fg100-long,277,D4_likelihood_gated_rde,0.14453125,0.14453125,0.0390625,,,,awgn_dominated_error,,0.14453125,0.1484375,-0.00390625,False,True,True
16qam-snr10-fg100-long,277,oracle_affine_bound,0.1484375,0.1484375,0.0400390625,,,,awgn_dominated_error,,0.14453125,0.1484375,-0.00390625,False,True,True
16qam-snr10-fg100-long,278,baseline_cma_mu0p03,0.32421875,0.32421875,0.087890625,,,,awgn_dominated_error,,0.32421875,0.3515625,-0.02734375,False,True,True
16qam-snr10-fg100-long,278,correct_pooled_sqrt_rms,0.32421875,0.32421875,0.0869140625,,1.112080679353618,1.112080679353618,awgn_dominated_error,,0.32421875,0.3515625,-0.02734375,False,True,True
16qam-snr10-fg100-long,278,correct_per_pol_sqrt_rms,0.31640625,0.31640625,0.0869140625,,1.1453789602069828,1.080380596177496,awgn_dominated_error,,0.32421875,0.3515625,-0.02734375,False,True,True
16qam-snr10-fg100-long,278,robust_scalar,0.32421875,0.32421875,0.0888671875,,1.191663028665873,1.0807784981394173,awgn_dominated_error,,0.32421875,0.3515625,-0.02734375,False,True,True
16qam-snr10-fg100-long,278,gated_scalar,0.32421875,0.32421875,0.087890625,identity,1.1453789602069828,1.080380596177496,awgn_dominated_error,,0.32421875,0.3515625,-0.02734375,False,True,True
16qam-snr10-fg100-long,278,M4_gated_policy,0.32421875,0.32421875,0.087890625,identity,,,awgn_dominated_error,,0.32421875,0.3515625,-0.02734375,False,True,True
16qam-snr10-fg100-long,278,D4_likelihood_gated_rde,0.32421875,0.32421875,0.087890625,,,,awgn_dominated_error,,0.32421875,0.3515625,-0.02734375,False,True,True
16qam-snr10-fg100-long,278,oracle_affine_bound,0.3515625,0.3515625,0.095703125,,,,awgn_dominated_error,,0.32421875,0.3515625,-0.02734375,False,True,True
16qam-snr10-fg100-long,279,baseline_cma_mu0p03,0.0625,0.0625,0.015625,,,,healthy,0,0.0625,0.08984375,-0.02734375,False,True,True
16qam-snr10-fg100-long,279,correct_pooled_sqrt_rms,0.078125,0.078125,0.01953125,,1.0306584943917456,1.0306584943917456,healthy,0,0.0625,0.08984375,-0.02734375,False,True,True
16qam-snr10-fg100-long,279,correct_per_pol_sqrt_rms,0.06640625,0.06640625,0.0166015625,,1.0647920473264765,0.9982692482578018,healthy,0,0.0625,0.08984375,-0.02734375,False,True,True
16qam-snr10-fg100-long,279,robust_scalar,0.0703125,0.0703125,0.017578125,,1.0504655088298858,0.9851854309897426,healthy,0,0.0625,0.08984375,-0.02734375,False,True,True
16qam-snr10-fg100-long,279,gated_scalar,0.0625,0.0625,0.015625,identity,1.0647920473264765,0.9982692482578018,healthy,0,0.0625,0.08984375,-0.02734375,False,True,True
16qam-snr10-fg100-long,279,M4_gated_policy,0.0625,0.0625,0.015625,identity,,,healthy,0,0.0625,0.08984375,-0.02734375,False,True,True
16qam-snr10-fg100-long,279,D4_likelihood_gated_rde,0.0625,0.0625,0.015625,,,,healthy,0,0.0625,0.08984375,-0.02734375,False,True,True
16qam-snr10-fg100-long,279,oracle_affine_bound,0.08984375,0.08984375,0.0224609375,,,,healthy,0,0.0625,0.08984375,-0.02734375,False,True,True
16qam-snr10-fg100-long,280,baseline_cma_mu0p03,0.90625,0.90625,0.4208984375,,,,awgn_dominated_error,,0.90625,0.91015625,-0.00390625,False,True,True
16qam-snr10-fg100-long,280,correct_pooled_sqrt_rms,0.86328125,0.86328125,0.4091796875,,2.6112491786796594,2.6112491786796594,awgn_dominated_error,,0.90625,0.91015625,-0.00390625,False,True,True
16qam-snr10-fg100-long,280,correct_per_pol_sqrt_rms,0.859375,0.859375,0.4111328125,,2.4751192137317233,2.7655229078544448,awgn_dominated_error,,0.90625,0.91015625,-0.00390625,False,True,True
16qam-snr10-fg100-long,280,robust_scalar,0.87109375,0.87109375,0.41015625,,2.722064903328706,3.121719871016414,awgn_dominated_error,,0.90625,0.91015625,-0.00390625,False,True,True
16qam-snr10-fg100-long,280,gated_scalar,0.859375,0.859375,0.4111328125,scale,2.4751192137317233,2.7655229078544448,awgn_dominated_error,,0.90625,0.91015625,-0.00390625,False,True,True
16qam-snr10-fg100-long,280,M4_gated_policy,0.85546875,0.85546875,0.4091796875,M2_quantile_transport,,,awgn_dominated_error,,0.90625,0.91015625,-0.00390625,False,True,True
16qam-snr10-fg100-long,280,D4_likelihood_gated_rde,0.90625,0.90625,0.4208984375,,,,awgn_dominated_error,,0.90625,0.91015625,-0.00390625,False,True,True
16qam-snr10-fg100-long,280,oracle_affine_bound,0.91015625,0.91015625,0.416015625,,,,awgn_dominated_error,,0.90625,0.91015625,-0.00390625,False,True,True
16qam-snr15-fg1000-long,261,baseline_cma_mu0p03,0.58203125,0.58203125,0.181640625,,,,ambiguous,,0.58203125,0.34375,0.23828125,False,True,True
16qam-snr15-fg1000-long,261,correct_pooled_sqrt_rms,0.30859375,0.30859375,0.08203125,,1.6171456722703315,1.6171456722703315,ambiguous,,0.58203125,0.34375,0.23828125,False,True,True
16qam-snr15-fg1000-long,261,correct_per_pol_sqrt_rms,0.30859375,0.30859375,0.0810546875,,1.6342056489756471,1.598172526025043,ambiguous,,0.58203125,0.34375,0.23828125,False,True,True
16qam-snr15-fg1000-long,261,robust_scalar,0.30859375,0.30859375,0.0810546875,,1.6547184389352105,1.5900082229668737,ambiguous,,0.58203125,0.34375,0.23828125,False,True,True
16qam-snr15-fg1000-long,261,gated_scalar,0.30859375,0.30859375,0.0810546875,scale,1.6342056489756471,1.598172526025043,ambiguous,,0.58203125,0.34375,0.23828125,False,True,True
16qam-snr15-fg1000-long,261,M4_gated_policy,0.33203125,0.33203125,0.091796875,M2_quantile_transport,,,ambiguous,,0.58203125,0.34375,0.23828125,False,True,True
16qam-snr15-fg1000-long,261,D4_likelihood_gated_rde,0.58203125,0.58203125,0.181640625,,,,ambiguous,,0.58203125,0.34375,0.23828125,False,True,True
16qam-snr15-fg1000-long,261,oracle_affine_bound,0.34375,0.34375,0.09375,,,,ambiguous,,0.58203125,0.34375,0.23828125,False,True,True
16qam-snr15-fg1000-long,262,baseline_cma_mu0p03,0.0234375,0.0234375,0.005859375,,,,healthy,0,0.0234375,0.0234375,0.0,False,True,True
16qam-snr15-fg1000-long,262,correct_pooled_sqrt_rms,0.01953125,0.01953125,0.0048828125,,1.0210104311060682,1.0210104311060682,healthy,0,0.0234375,0.0234375,0.0,False,True,True
16qam-snr15-fg1000-long,262,correct_per_pol_sqrt_rms,0.01953125,0.01953125,0.0048828125,,1.001658977592583,1.038353686866056,healthy,0,0.0234375,0.0234375,0.0,False,True,True
16qam-snr15-fg1000-long,262,robust_scalar,0.01953125,0.01953125,0.0048828125,,0.9768992131301184,1.0380854124571424,healthy,0,0.0234375,0.0234375,0.0,False,True,True
16qam-snr15-fg1000-long,262,gated_scalar,0.0234375,0.0234375,0.005859375,identity,1.001658977592583,1.038353686866056,healthy,0,0.0234375,0.0234375,0.0,False,True,True
16qam-snr15-fg1000-long,262,M4_gated_policy,0.0234375,0.0234375,0.005859375,identity,,,healthy,0,0.0234375,0.0234375,0.0,False,True,True
16qam-snr15-fg1000-long,262,D4_likelihood_gated_rde,0.0234375,0.0234375,0.005859375,,,,healthy,0,0.0234375,0.0234375,0.0,False,True,True
16qam-snr15-fg1000-long,262,oracle_affine_bound,0.0234375,0.0234375,0.005859375,,,,healthy,0,0.0234375,0.0234375,0.0,False,True,True
16qam-snr15-fg1000-long,263,baseline_cma_mu0p03,0.80859375,0.80859375,0.2939453125,,,,ambiguous,,0.80859375,0.57421875,0.234375,False,True,True
16qam-snr15-fg1000-long,263,correct_pooled_sqrt_rms,0.57421875,0.57421875,0.1728515625,,2.5389669837215627,2.5389669837215627,ambiguous,,0.80859375,0.57421875,0.234375,False,True,True
16qam-snr15-fg1000-long,263,correct_per_pol_sqrt_rms,0.5703125,0.5703125,0.171875,,2.5098388636809172,2.5565298225087036,ambiguous,,0.80859375,0.57421875,0.234375,False,True,True
16qam-snr15-fg1000-long,263,robust_scalar,0.56640625,0.56640625,0.1708984375,,2.568952059236936,2.610605765030152,ambiguous,,0.80859375,0.57421875,0.234375,False,True,True
16qam-snr15-fg1000-long,263,gated_scalar,0.5703125,0.5703125,0.171875,scale,2.5098388636809172,2.5565298225087036,ambiguous,,0.80859375,0.57421875,0.234375,False,True,True
16qam-snr15-fg1000-long,263,M4_gated_policy,0.55859375,0.55859375,0.1708984375,M2_quantile_transport,,,ambiguous,,0.80859375,0.57421875,0.234375,False,True,True
16qam-snr15-fg1000-long,263,D4_likelihood_gated_rde,0.80859375,0.80859375,0.2939453125,,,,ambiguous,,0.80859375,0.57421875,0.234375,False,True,True
16qam-snr15-fg1000-long,263,oracle_affine_bound,0.57421875,0.57421875,0.1787109375,,,,ambiguous,,0.80859375,0.57421875,0.234375,False,True,True
16qam-snr15-fg1000-long,264,baseline_cma_mu0p03,0.79296875,0.79296875,0.2939453125,,,,ambiguous,,0.79296875,0.57421875,0.21875,False,True,True
16qam-snr15-fg1000-long,264,correct_pooled_sqrt_rms,0.54296875,0.54296875,0.1640625,,2.1882913838761624,2.1882913838761624,ambiguous,,0.79296875,0.57421875,0.21875,False,True,True
16qam-snr15-fg1000-long,264,correct_per_pol_sqrt_rms,0.5390625,0.5390625,0.1650390625,,2.218749195425535,2.1564300846519586,ambiguous,,0.79296875,0.57421875,0.21875,False,True,True
16qam-snr15-fg1000-long,264,robust_scalar,0.53515625,0.53515625,0.1640625,,2.3073164605214895,2.1116425829905228,ambiguous,,0.79296875,0.57421875,0.21875,False,True,True
16qam-snr15-fg1000-long,264,gated_scalar,0.5390625,0.5390625,0.1650390625,scale,2.218749195425535,2.1564300846519586,ambiguous,,0.79296875,0.57421875,0.21875,False,True,True
16qam-snr15-fg1000-long,264,M4_gated_policy,0.546875,0.546875,0.166015625,M2_quantile_transport,,,ambiguous,,0.79296875,0.57421875,0.21875,False,True,True
16qam-snr15-fg1000-long,264,D4_likelihood_gated_rde,0.79296875,0.79296875,0.2939453125,,,,ambiguous,,0.79296875,0.57421875,0.21875,False,True,True
16qam-snr15-fg1000-long,264,oracle_affine_bound,0.57421875,0.57421875,0.17578125,,,,ambiguous,,0.79296875,0.57421875,0.21875,False,True,True
16qam-snr15-fg1000-long,265,baseline_cma_mu0p03,0.44140625,0.44140625,0.130859375,,,,ambiguous,,0.44140625,0.27734375,0.1640625,False,True,True
16qam-snr15-fg1000-long,265,correct_pooled_sqrt_rms,0.2578125,0.2578125,0.0712890625,,1.4111859803527345,1.4111859803527345,ambiguous,,0.44140625,0.27734375,0.1640625,False,True,True
16qam-snr15-fg1000-long,265,correct_per_pol_sqrt_rms,0.25390625,0.25390625,0.0703125,,1.4226651060552207,1.392653970884572,ambiguous,,0.44140625,0.27734375,0.1640625,False,True,True
16qam-snr15-fg1000-long,265,robust_scalar,0.25390625,0.25390625,0.0673828125,,1.4811242840211079,1.388714038612337,ambiguous,,0.44140625,0.27734375,0.1640625,False,True,True
16qam-snr15-fg1000-long,265,gated_scalar,0.25390625,0.25390625,0.0703125,scale,1.4226651060552207,1.392653970884572,ambiguous,,0.44140625,0.27734375,0.1640625,False,True,True
16qam-snr15-fg1000-long,265,M4_gated_policy,0.26171875,0.26171875,0.07421875,M2_quantile_transport,,,ambiguous,,0.44140625,0.27734375,0.1640625,False,True,True
16qam-snr15-fg1000-long,265,D4_likelihood_gated_rde,0.44140625,0.44140625,0.130859375,,,,ambiguous,,0.44140625,0.27734375,0.1640625,False,True,True
16qam-snr15-fg1000-long,265,oracle_affine_bound,0.27734375,0.27734375,0.0751953125,,,,ambiguous,,0.44140625,0.27734375,0.1640625,False,True,True
16qam-snr15-fg1000-long,266,baseline_cma_mu0p03,0.6875,0.6875,0.2138671875,,,,ambiguous,,0.6875,0.359375,0.328125,False,True,True
16qam-snr15-fg1000-long,266,correct_pooled_sqrt_rms,0.328125,0.328125,0.0888671875,,1.7325017601282935,1.7325017601282935,ambiguous,,0.6875,0.359375,0.328125,False,True,True
16qam-snr15-fg1000-long,266,correct_per_pol_sqrt_rms,0.328125,0.328125,0.087890625,,1.7944208088577447,1.6737937344558291,ambiguous,,0.6875,0.359375,0.328125,False,True,True
16qam-snr15-fg1000-long,266,robust_scalar,0.32421875,0.32421875,0.0859375,,1.8605981496411053,1.6858871035310188,ambiguous,,0.6875,0.359375,0.328125,False,True,True
16qam-snr15-fg1000-long,266,gated_scalar,0.328125,0.328125,0.087890625,scale,1.7944208088577447,1.6737937344558291,ambiguous,,0.6875,0.359375,0.328125,False,True,True
16qam-snr15-fg1000-long,266,M4_gated_policy,0.35546875,0.35546875,0.095703125,M2_quantile_transport,,,ambiguous,,0.6875,0.359375,0.328125,False,True,True
16qam-snr15-fg1000-long,266,D4_likelihood_gated_rde,0.6875,0.6875,0.2138671875,,,,ambiguous,,0.6875,0.359375,0.328125,False,True,True
16qam-snr15-fg1000-long,266,oracle_affine_bound,0.359375,0.359375,0.0947265625,,,,ambiguous,,0.6875,0.359375,0.328125,False,True,True
16qam-snr15-fg1000-long,267,baseline_cma_mu0p03,0.31640625,0.31640625,0.0859375,,,,ambiguous,,0.31640625,0.19921875,0.1171875,False,True,True
16qam-snr15-fg1000-long,267,correct_pooled_sqrt_rms,0.17578125,0.17578125,0.044921875,,1.2500824443268126,1.2500824443268126,ambiguous,,0.31640625,0.19921875,0.1171875,False,True,True
16qam-snr15-fg1000-long,267,correct_per_pol_sqrt_rms,0.1875,0.1875,0.0478515625,,1.2250826145405243,1.2746658776988795,ambiguous,,0.31640625,0.19921875,0.1171875,False,True,True
16qam-snr15-fg1000-long,267,robust_scalar,0.1796875,0.1796875,0.0458984375,,1.2346380109778867,1.295528723765409,ambiguous,,0.31640625,0.19921875,0.1171875,False,True,True
16qam-snr15-fg1000-long,267,gated_scalar,0.31640625,0.31640625,0.0859375,identity,1.2250826145405243,1.2746658776988795,ambiguous,,0.31640625,0.19921875,0.1171875,False,True,True
16qam-snr15-fg1000-long,267,M4_gated_policy,0.31640625,0.31640625,0.0859375,identity,,,ambiguous,,0.31640625,0.19921875,0.1171875,False,True,True
16qam-snr15-fg1000-long,267,D4_likelihood_gated_rde,0.31640625,0.31640625,0.0859375,,,,ambiguous,,0.31640625,0.19921875,0.1171875,False,True,True
16qam-snr15-fg1000-long,267,oracle_affine_bound,0.19921875,0.19921875,0.052734375,,,,ambiguous,,0.31640625,0.19921875,0.1171875,False,True,True
16qam-snr15-fg1000-long,268,baseline_cma_mu0p03,0.01171875,0.01171875,0.0029296875,,,,healthy,0,0.01171875,0.01171875,0.0,False,True,True
16qam-snr15-fg1000-long,268,correct_pooled_sqrt_rms,0.0078125,0.0078125,0.001953125,,0.9757031945113985,0.9757031945113985,healthy,0,0.01171875,0.01171875,0.0,False,True,True
16qam-snr15-fg1000-long,268,correct_per_pol_sqrt_rms,0.0078125,0.0078125,0.001953125,,0.9921422925439574,0.9590860473048225,healthy,0,0.01171875,0.01171875,0.0,False,True,True
16qam-snr15-fg1000-long,268,robust_scalar,0.0078125,0.0078125,0.001953125,,0.9955294346057663,0.9479165534828129,healthy,0,0.01171875,0.01171875,0.0,False,True,True
16qam-snr15-fg1000-long,268,gated_scalar,0.01171875,0.01171875,0.0029296875,identity,0.9921422925439574,0.9590860473048225,healthy,0,0.01171875,0.01171875,0.0,False,True,True
16qam-snr15-fg1000-long,268,M4_gated_policy,0.01171875,0.01171875,0.0029296875,identity,,,healthy,0,0.01171875,0.01171875,0.0,False,True,True
16qam-snr15-fg1000-long,268,D4_likelihood_gated_rde,0.01171875,0.01171875,0.0029296875,,,,healthy,0,0.01171875,0.01171875,0.0,False,True,True
16qam-snr15-fg1000-long,268,oracle_affine_bound,0.01171875,0.01171875,0.0029296875,,,,healthy,0,0.01171875,0.01171875,0.0,False,True,True
16qam-snr15-fg1000-long,269,baseline_cma_mu0p03,0.75,0.75,0.255859375,,,,ambiguous,,0.75,0.48046875,0.26953125,False,True,True
16qam-snr15-fg1000-long,269,correct_pooled_sqrt_rms,0.4375,0.4375,0.1279296875,,1.9697718506000925,1.9697718506000925,ambiguous,,0.75,0.48046875,0.26953125,False,True,True
16qam-snr15-fg1000-long,269,correct_per_pol_sqrt_rms,0.4375,0.4375,0.125,,2.0817698625979353,1.869677512316941,ambiguous,,0.75,0.48046875,0.26953125,False,True,True
16qam-snr15-fg1000-long,269,robust_scalar,0.43359375,0.43359375,0.125,,2.1227345781561637,1.9481784425542623,ambiguous,,0.75,0.48046875,0.26953125,False,True,True
16qam-snr15-fg1000-long,269,gated_scalar,0.4375,0.4375,0.125,scale,2.0817698625979353,1.869677512316941,ambiguous,,0.75,0.48046875,0.26953125,False,True,True
16qam-snr15-fg1000-long,269,M4_gated_policy,0.4296875,0.4296875,0.126953125,M2_quantile_transport,,,ambiguous,,0.75,0.48046875,0.26953125,False,True,True
16qam-snr15-fg1000-long,269,D4_likelihood_gated_rde,0.75,0.75,0.255859375,,,,ambiguous,,0.75,0.48046875,0.26953125,False,True,True
16qam-snr15-fg1000-long,269,oracle_affine_bound,0.48046875,0.48046875,0.1435546875,,,,ambiguous,,0.75,0.48046875,0.26953125,False,True,True
16qam-snr15-fg1000-long,270,baseline_cma_mu0p03,0.0078125,0.0078125,0.001953125,,,,healthy,0,0.0078125,0.015625,-0.0078125,False,True,True
16qam-snr15-fg1000-long,270,correct_pooled_sqrt_rms,0.0078125,0.0078125,0.001953125,,1.0031175129567782,1.0031175129567782,healthy,0,0.0078125,0.015625,-0.0078125,False,True,True
16qam-snr15-fg1000-long,270,correct_per_pol_sqrt_rms,0.0078125,0.0078125,0.001953125,,0.9979000136888571,1.0072329376959614,healthy,0,0.0078125,0.015625,-0.0078125,False,True,True
16qam-snr15-fg1000-long,270,robust_scalar,0.0078125,0.0078125,0.001953125,,0.9970085153424886,1.0241257293936032,healthy,0,0.0078125,0.015625,-0.0078125,False,True,True
16qam-snr15-fg1000-long,270,gated_scalar,0.0078125,0.0078125,0.001953125,identity,0.9979000136888571,1.0072329376959614,healthy,0,0.0078125,0.015625,-0.0078125,False,True,True
16qam-snr15-fg1000-long,270,M4_gated_policy,0.0078125,0.0078125,0.001953125,identity,,,healthy,0,0.0078125,0.015625,-0.0078125,False,True,True
16qam-snr15-fg1000-long,270,D4_likelihood_gated_rde,0.0078125,0.0078125,0.001953125,,,,healthy,0,0.0078125,0.015625,-0.0078125,False,True,True
16qam-snr15-fg1000-long,270,oracle_affine_bound,0.015625,0.015625,0.00390625,,,,healthy,0,0.0078125,0.015625,-0.0078125,False,True,True
16qam-snr15-fg1000-long,271,baseline_cma_mu0p03,0.5390625,0.5390625,0.15625,,,,ambiguous,,0.5390625,0.3203125,0.21875,False,True,True
16qam-snr15-fg1000-long,271,correct_pooled_sqrt_rms,0.2890625,0.2890625,0.0751953125,,1.5564868115436425,1.5564868115436425,ambiguous,,0.5390625,0.3203125,0.21875,False,True,True
16qam-snr15-fg1000-long,271,correct_per_pol_sqrt_rms,0.2890625,0.2890625,0.0771484375,,1.5253253797500552,1.5876250999280943,ambiguous,,0.5390625,0.3203125,0.21875,False,True,True
16qam-snr15-fg1000-long,271,robust_scalar,0.2890625,0.2890625,0.078125,,1.5775815928041728,1.6848404068050273,ambiguous,,0.5390625,0.3203125,0.21875,False,True,True
16qam-snr15-fg1000-long,271,gated_scalar,0.2890625,0.2890625,0.0771484375,scale,1.5253253797500552,1.5876250999280943,ambiguous,,0.5390625,0.3203125,0.21875,False,True,True
16qam-snr15-fg1000-long,271,M4_gated_policy,0.328125,0.328125,0.0869140625,M2_quantile_transport,,,ambiguous,,0.5390625,0.3203125,0.21875,False,True,True
16qam-snr15-fg1000-long,271,D4_likelihood_gated_rde,0.5390625,0.5390625,0.15625,,,,ambiguous,,0.5390625,0.3203125,0.21875,False,True,True
16qam-snr15-fg1000-long,271,oracle_affine_bound,0.3203125,0.3203125,0.0830078125,,,,ambiguous,,0.5390625,0.3203125,0.21875,False,True,True
16qam-snr15-fg1000-long,272,baseline_cma_mu0p03,0.28125,0.28125,0.08203125,,,,ambiguous,,0.28125,0.1796875,0.1015625,False,True,True
16qam-snr15-fg1000-long,272,correct_pooled_sqrt_rms,0.17578125,0.17578125,0.048828125,,1.2585982019265731,1.2585982019265731,ambiguous,,0.28125,0.1796875,0.1015625,False,True,True
16qam-snr15-fg1000-long,272,correct_per_pol_sqrt_rms,0.17578125,0.17578125,0.048828125,,1.2530057614475252,1.2622707318147581,ambiguous,,0.28125,0.1796875,0.1015625,False,True,True
16qam-snr15-fg1000-long,272,robust_scalar,0.17578125,0.17578125,0.048828125,,1.2744481933191223,1.2499558370222101,ambiguous,,0.28125,0.1796875,0.1015625,False,True,True
16qam-snr15-fg1000-long,272,gated_scalar,0.28125,0.28125,0.08203125,identity,1.2530057614475252,1.2622707318147581,ambiguous,,0.28125,0.1796875,0.1015625,False,True,True
16qam-snr15-fg1000-long,272,M4_gated_policy,0.28125,0.28125,0.08203125,identity,,,ambiguous,,0.28125,0.1796875,0.1015625,False,True,True
16qam-snr15-fg1000-long,272,D4_likelihood_gated_rde,0.28125,0.28125,0.08203125,,,,ambiguous,,0.28125,0.1796875,0.1015625,False,True,True
16qam-snr15-fg1000-long,272,oracle_affine_bound,0.1796875,0.1796875,0.05078125,,,,ambiguous,,0.28125,0.1796875,0.1015625,False,True,True
16qam-snr15-fg1000-long,273,baseline_cma_mu0p03,0.0703125,0.0703125,0.017578125,,,,healthy,0,0.0703125,0.0703125,0.0,False,True,True
16qam-snr15-fg1000-long,273,correct_pooled_sqrt_rms,0.0625,0.0625,0.015625,,1.0606326543578068,1.0606326543578068,healthy,0,0.0703125,0.0703125,0.0,False,True,True
16qam-snr15-fg1000-long,273,correct_per_pol_sqrt_rms,0.0625,0.0625,0.015625,,1.0666430245630518,1.0548658517791816,healthy,0,0.0703125,0.0703125,0.0,False,True,True
16qam-snr15-fg1000-long,273,robust_scalar,0.06640625,0.06640625,0.0166015625,,1.0578658799640677,1.03765627690192,healthy,0,0.0703125,0.0703125,0.0,False,True,True
16qam-snr15-fg1000-long,273,gated_scalar,0.0703125,0.0703125,0.017578125,identity,1.0666430245630518,1.0548658517791816,healthy,0,0.0703125,0.0703125,0.0,False,True,True
16qam-snr15-fg1000-long,273,M4_gated_policy,0.0703125,0.0703125,0.017578125,identity,,,healthy,0,0.0703125,0.0703125,0.0,False,True,True
16qam-snr15-fg1000-long,273,D4_likelihood_gated_rde,0.0703125,0.0703125,0.017578125,,,,healthy,0,0.0703125,0.0703125,0.0,False,True,True
16qam-snr15-fg1000-long,273,oracle_affine_bound,0.0703125,0.0703125,0.017578125,,,,healthy,0,0.0703125,0.0703125,0.0,False,True,True
16qam-snr15-fg1000-long,274,baseline_cma_mu0p03,0.609375,0.609375,0.18359375,,,,ambiguous,,0.609375,0.32421875,0.28515625,False,True,True
16qam-snr15-fg1000-long,274,correct_pooled_sqrt_rms,0.26953125,0.26953125,0.0751953125,,1.594719644399818,1.594719644399818,ambiguous,,0.609375,0.32421875,0.28515625,False,True,True
16qam-snr15-fg1000-long,274,correct_per_pol_sqrt_rms,0.28125,0.28125,0.0791015625,,1.643125747750381,1.547819202285059,ambiguous,,0.609375,0.32421875,0.28515625,False,True,True
16qam-snr15-fg1000-long,274,robust_scalar,0.2890625,0.2890625,0.080078125,,1.6766898579376763,1.5797834041128138,ambiguous,,0.609375,0.32421875,0.28515625,False,True,True
16qam-snr15-fg1000-long,274,gated_scalar,0.28125,0.28125,0.0791015625,scale,1.643125747750381,1.547819202285059,ambiguous,,0.609375,0.32421875,0.28515625,False,True,True
16qam-snr15-fg1000-long,274,M4_gated_policy,0.30859375,0.30859375,0.0869140625,M2_quantile_transport,,,ambiguous,,0.609375,0.32421875,0.28515625,False,True,True
16qam-snr15-fg1000-long,274,D4_likelihood_gated_rde,0.609375,0.609375,0.18359375,,,,ambiguous,,0.609375,0.32421875,0.28515625,False,True,True
16qam-snr15-fg1000-long,274,oracle_affine_bound,0.32421875,0.32421875,0.0908203125,,,,ambiguous,,0.609375,0.32421875,0.28515625,False,True,True
16qam-snr15-fg1000-long,275,baseline_cma_mu0p03,0.82421875,0.82421875,0.2890625,,,,ambiguous,,0.82421875,0.50390625,0.3203125,False,True,True
16qam-snr15-fg1000-long,275,correct_pooled_sqrt_rms,0.46875,0.46875,0.1328125,,2.5245947748632407,2.5245947748632407,ambiguous,,0.82421875,0.50390625,0.3203125,False,True,True
16qam-snr15-fg1000-long,275,correct_per_pol_sqrt_rms,0.46875,0.46875,0.134765625,,2.4850466733054994,2.555530715861398,ambiguous,,0.82421875,0.50390625,0.3203125,False,True,True
16qam-snr15-fg1000-long,275,robust_scalar,0.47265625,0.47265625,0.1337890625,,2.6746805524663007,2.7716103123914384,ambiguous,,0.82421875,0.50390625,0.3203125,False,True,True
16qam-snr15-fg1000-long,275,gated_scalar,0.46875,0.46875,0.134765625,scale,2.4850466733054994,2.555530715861398,ambiguous,,0.82421875,0.50390625,0.3203125,False,True,True
16qam-snr15-fg1000-long,275,M4_gated_policy,0.49609375,0.49609375,0.1416015625,M2_quantile_transport,,,ambiguous,,0.82421875,0.50390625,0.3203125,False,True,True
16qam-snr15-fg1000-long,275,D4_likelihood_gated_rde,0.82421875,0.82421875,0.2890625,,,,ambiguous,,0.82421875,0.50390625,0.3203125,False,True,True
16qam-snr15-fg1000-long,275,oracle_affine_bound,0.50390625,0.50390625,0.15234375,,,,ambiguous,,0.82421875,0.50390625,0.3203125,False,True,True
16qam-snr15-fg1000-long,276,baseline_cma_mu0p03,0.81640625,0.81640625,0.28515625,,,,ambiguous,,0.81640625,0.546875,0.26953125,False,True,True
16qam-snr15-fg1000-long,276,correct_pooled_sqrt_rms,0.5,0.5,0.1474609375,,2.240443191069692,2.240443191069692,ambiguous,,0.81640625,0.546875,0.26953125,False,True,True
16qam-snr15-fg1000-long,276,correct_per_pol_sqrt_rms,0.5,0.5,0.1474609375,,2.2462574643910456,2.22830772429706,ambiguous,,0.81640625,0.546875,0.26953125,False,True,True
16qam-snr15-fg1000-long,276,robust_scalar,0.4921875,0.4921875,0.14453125,,2.3441181297880043,2.3678059905433093,ambiguous,,0.81640625,0.546875,0.26953125,False,True,True
16qam-snr15-fg1000-long,276,gated_scalar,0.5,0.5,0.1474609375,scale,2.2462574643910456,2.22830772429706,ambiguous,,0.81640625,0.546875,0.26953125,False,True,True
16qam-snr15-fg1000-long,276,M4_gated_policy,0.51953125,0.51953125,0.1572265625,M2_quantile_transport,,,ambiguous,,0.81640625,0.546875,0.26953125,False,True,True
16qam-snr15-fg1000-long,276,D4_likelihood_gated_rde,0.81640625,0.81640625,0.28515625,,,,ambiguous,,0.81640625,0.546875,0.26953125,False,True,True
16qam-snr15-fg1000-long,276,oracle_affine_bound,0.546875,0.546875,0.162109375,,,,ambiguous,,0.81640625,0.546875,0.26953125,False,True,True
16qam-snr15-fg1000-long,277,baseline_cma_mu0p03,0.00390625,0.00390625,0.0009765625,,,,healthy,0,0.00390625,0.00390625,0.0,False,True,True
16qam-snr15-fg1000-long,277,correct_pooled_sqrt_rms,0.00390625,0.00390625,0.0009765625,,1.0304788595237768,1.0304788595237768,healthy,0,0.00390625,0.00390625,0.0,False,True,True
16qam-snr15-fg1000-long,277,correct_per_pol_sqrt_rms,0.00390625,0.00390625,0.0009765625,,1.0217811474552072,1.0393343096466972,healthy,0,0.00390625,0.00390625,0.0,False,True,True
16qam-snr15-fg1000-long,277,robust_scalar,0.00390625,0.00390625,0.0009765625,,1.0172853140640392,1.0227230448173976,healthy,0,0.00390625,0.00390625,0.0,False,True,True
16qam-snr15-fg1000-long,277,gated_scalar,0.00390625,0.00390625,0.0009765625,identity,1.0217811474552072,1.0393343096466972,healthy,0,0.00390625,0.00390625,0.0,False,True,True
16qam-snr15-fg1000-long,277,M4_gated_policy,0.00390625,0.00390625,0.0009765625,identity,,,healthy,0,0.00390625,0.00390625,0.0,False,True,True
16qam-snr15-fg1000-long,277,D4_likelihood_gated_rde,0.00390625,0.00390625,0.0009765625,,,,healthy,0,0.00390625,0.00390625,0.0,False,True,True
16qam-snr15-fg1000-long,277,oracle_affine_bound,0.00390625,0.00390625,0.0009765625,,,,healthy,0,0.00390625,0.00390625,0.0,False,True,True
16qam-snr15-fg1000-long,278,baseline_cma_mu0p03,0.05859375,0.05859375,0.0146484375,,,,healthy,0,0.05859375,0.046875,0.01171875,False,True,True
16qam-snr15-fg1000-long,278,correct_pooled_sqrt_rms,0.04296875,0.04296875,0.0107421875,,1.1022221810189123,1.1022221810189123,healthy,0,0.05859375,0.046875,0.01171875,False,True,True
16qam-snr15-fg1000-long,278,correct_per_pol_sqrt_rms,0.04296875,0.04296875,0.0107421875,,1.1311335210745357,1.0747009295648111,healthy,0,0.05859375,0.046875,0.01171875,False,True,True
16qam-snr15-fg1000-long,278,robust_scalar,0.046875,0.046875,0.01171875,,1.1293845456185971,1.0838128570209764,healthy,0,0.05859375,0.046875,0.01171875,False,True,True
16qam-snr15-fg1000-long,278,gated_scalar,0.05859375,0.05859375,0.0146484375,identity,1.1311335210745357,1.0747009295648111,healthy,0,0.05859375,0.046875,0.01171875,False,True,True
16qam-snr15-fg1000-long,278,M4_gated_policy,0.05859375,0.05859375,0.0146484375,identity,,,healthy,0,0.05859375,0.046875,0.01171875,False,True,True
16qam-snr15-fg1000-long,278,D4_likelihood_gated_rde,0.05859375,0.05859375,0.0146484375,,,,healthy,0,0.05859375,0.046875,0.01171875,False,True,True
16qam-snr15-fg1000-long,278,oracle_affine_bound,0.046875,0.046875,0.01171875,,,,healthy,0,0.05859375,0.046875,0.01171875,False,True,True
16qam-snr15-fg1000-long,279,baseline_cma_mu0p03,0.0,0.0,0.0,,,,healthy,0,0.0,0.0,0.0,False,True,True
16qam-snr15-fg1000-long,279,correct_pooled_sqrt_rms,0.0,0.0,0.0,,1.0247176272388623,1.0247176272388623,healthy,0,0.0,0.0,0.0,False,True,True
16qam-snr15-fg1000-long,279,correct_per_pol_sqrt_rms,0.0,0.0,0.0,,1.0529026809647553,0.9963367639288485,healthy,0,0.0,0.0,0.0,False,True,True
16qam-snr15-fg1000-long,279,robust_scalar,0.0,0.0,0.0,,1.0419628261882679,0.9859077284546766,healthy,0,0.0,0.0,0.0,False,True,True
16qam-snr15-fg1000-long,279,gated_scalar,0.0,0.0,0.0,identity,1.0529026809647553,0.9963367639288485,healthy,0,0.0,0.0,0.0,False,True,True
16qam-snr15-fg1000-long,279,M4_gated_policy,0.0,0.0,0.0,identity,,,healthy,0,0.0,0.0,0.0,False,True,True
16qam-snr15-fg1000-long,279,D4_likelihood_gated_rde,0.0,0.0,0.0,,,,healthy,0,0.0,0.0,0.0,False,True,True
16qam-snr15-fg1000-long,279,oracle_affine_bound,0.0,0.0,0.0,,,,healthy,0,0.0,0.0,0.0,False,True,True
16qam-snr15-fg1000-long,280,baseline_cma_mu0p03,0.89453125,0.89453125,0.380859375,,,,ambiguous,,0.89453125,0.84765625,0.046875,False,True,True
16qam-snr15-fg1000-long,280,correct_pooled_sqrt_rms,0.82421875,0.82421875,0.3359375,,4.213045840853454,4.213045840853454,ambiguous,,0.89453125,0.84765625,0.046875,False,True,True
16qam-snr15-fg1000-long,280,correct_per_pol_sqrt_rms,0.8046875,0.8046875,0.3349609375,,3.98075654937241,4.456478094886101,ambiguous,,0.89453125,0.84765625,0.046875,False,True,True
16qam-snr15-fg1000-long,280,robust_scalar,0.81640625,0.81640625,0.333984375,,4.358605404652432,4.969527733369923,ambiguous,,0.89453125,0.84765625,0.046875,False,True,True
16qam-snr15-fg1000-long,280,gated_scalar,0.8046875,0.8046875,0.3349609375,scale,3.98075654937241,4.456478094886101,ambiguous,,0.89453125,0.84765625,0.046875,False,True,True
16qam-snr15-fg1000-long,280,M4_gated_policy,0.8125,0.8125,0.330078125,M2_quantile_transport,,,ambiguous,,0.89453125,0.84765625,0.046875,False,True,True
16qam-snr15-fg1000-long,280,D4_likelihood_gated_rde,0.89453125,0.89453125,0.380859375,,,,ambiguous,,0.89453125,0.84765625,0.046875,False,True,True
16qam-snr15-fg1000-long,280,oracle_affine_bound,0.84765625,0.84765625,0.34765625,,,,ambiguous,,0.89453125,0.84765625,0.046875,False,True,True
